2026-05-22 08:01:42.998 [client] CLEAR reason=language_mode_change
2026-05-22 08:01:43.005 [ASR] Detected microphone devices: 0:Internal Microphone Array (Mixed Reality Audio Driver)
2026-05-22 08:01:43.008 [ASR] Using default microphone index 0: Internal Microphone Array (Mixed Reality Audio Driver)
2026-05-22 08:01:43.010 [ASR] Debug file logging enabled: U:/Users/ahmed.teca.kanadji911@stu.khas.edu.tr/AppData/Local/Packages/BootstrapNMT_pzq3xp76mxafg/LocalState\asr_debug.log
2026-05-22 08:01:43.013 [ASR] Microphone.Start device='Internal Microphone Array (Mixed Reality Audio Driver)' requestHz=16000 clipLen=30s
2026-05-22 08:01:45.571 [client] CLEAR reason=capture
2026-05-22 08:01:45.579 [ASR] GET https://thedeezat-asr-hearing-impaired-api.hf.space/health
2026-05-22 08:01:45.591 [ASR] Mic recording OK. clipHz=16000 → API float32 @16000Hz (matches X-Sample-Rate).
2026-05-22 08:01:45.600 [client] BUFFER ms=30 rms=0.007 peak=0.020
2026-05-22 08:01:45.608 [client] MIC rms=0.007 peak=0.020 gain=1.00
2026-05-22 08:01:45.616 [ASR] Capture waiting for IsRecording…
2026-05-22 08:01:45.650 [client] CLEAR reason=language_mode_change
2026-05-22 08:01:45.654 [ASR] Microphone capture stopped.
2026-05-22 08:01:46.260 [ASR] /health failed: HTTP/1.1 503 Service Unavailable code=503
2026-05-22 08:01:46.957 [client] CLEAR reason=manual
2026-05-22 08:01:46.962 [client] CLEAR reason=language_mode_change
2026-05-22 08:01:46.966 [ASR] Detected microphone devices: 0:Internal Microphone Array (Mixed Reality Audio Driver)
2026-05-22 08:01:46.969 [ASR] Using default microphone index 0: Internal Microphone Array (Mixed Reality Audio Driver)
2026-05-22 08:01:46.971 [ASR] Debug file logging enabled: U:/Users/ahmed.teca.kanadji911@stu.khas.edu.tr/AppData/Local/Packages/BootstrapNMT_pzq3xp76mxafg/LocalState\asr_debug.log
2026-05-22 08:01:46.974 [ASR] Microphone.Start device='Internal Microphone Array (Mixed Reality Audio Driver)' requestHz=16000 clipLen=30s
2026-05-22 08:01:47.006 [client] CLEAR reason=capture
2026-05-22 08:01:47.010 [ASR] GET https://thedeezat-asr-hearing-impaired-api.hf.space/health
2026-05-22 08:01:47.012 [ASR] Mic recording OK. clipHz=16000 → API float32 @16000Hz (matches X-Sample-Rate).
2026-05-22 08:01:47.015 [client] BUFFER ms=0 rms=0.000 peak=0.000
2026-05-22 08:01:47.018 [client] MIC rms=0.000 peak=0.000 gain=1.00
2026-05-22 08:01:47.020 [ASR] Capture waiting for IsRecording…
2026-05-22 08:01:47.029 [client] CLEAR reason=language_mode_change
2026-05-22 08:01:47.035 [ASR] Microphone capture stopped.
2026-05-22 08:01:47.197 [ASR] /health failed: HTTP/1.1 503 Service Unavailable code=503
2026-05-22 08:01:48.139 [client] CLEAR reason=manual
2026-05-22 08:01:48.143 [client] CLEAR reason=language_mode_change
2026-05-22 08:01:48.151 [ASR] Detected microphone devices: 0:Internal Microphone Array (Mixed Reality Audio Driver)
2026-05-22 08:01:48.153 [ASR] Using default microphone index 0: Internal Microphone Array (Mixed Reality Audio Driver)
2026-05-22 08:01:48.156 [ASR] Debug file logging enabled: U:/Users/ahmed.teca.kanadji911@stu.khas.edu.tr/AppData/Local/Packages/BootstrapNMT_pzq3xp76mxafg/LocalState\asr_debug.log
2026-05-22 08:01:48.158 [ASR] Microphone.Start device='Internal Microphone Array (Mixed Reality Audio Driver)' requestHz=16000 clipLen=30s
2026-05-22 08:01:48.189 [client] CLEAR reason=capture
2026-05-22 08:01:48.192 [ASR] GET https://thedeezat-asr-hearing-impaired-api.hf.space/health
2026-05-22 08:01:48.194 [ASR] Mic recording OK. clipHz=16000 → API float32 @16000Hz (matches X-Sample-Rate).
2026-05-22 08:01:48.197 [client] BUFFER ms=0 rms=0.000 peak=0.000
2026-05-22 08:01:48.200 [client] MIC rms=0.000 peak=0.000 gain=1.00
2026-05-22 08:01:48.203 [ASR] Capture waiting for IsRecording…
2026-05-22 08:01:48.212 [ASR] Microphone capture stopped.
2026-05-22 08:01:48.215 [client] CLEAR reason=language_mode_change
2026-05-22 08:01:48.220 [ASR] Detected microphone devices: 0:Internal Microphone Array (Mixed Reality Audio Driver)
2026-05-22 08:01:48.222 [ASR] Using default microphone index 0: Internal Microphone Array (Mixed Reality Audio Driver)
2026-05-22 08:01:48.224 [ASR] Debug file logging enabled: U:/Users/ahmed.teca.kanadji911@stu.khas.edu.tr/AppData/Local/Packages/BootstrapNMT_pzq3xp76mxafg/LocalState\asr_debug.log
2026-05-22 08:01:48.226 [ASR] Microphone.Start device='Internal Microphone Array (Mixed Reality Audio Driver)' requestHz=16000 clipLen=30s
2026-05-22 08:01:48.254 [client] CLEAR reason=capture
2026-05-22 08:01:48.257 [ASR] GET https://thedeezat-asr-hearing-impaired-api.hf.space/health
2026-05-22 08:01:48.259 [ASR] Mic recording OK. clipHz=16000 → API float32 @16000Hz (matches X-Sample-Rate).
2026-05-22 08:01:48.267 [client] BUFFER ms=0 rms=0.000 peak=0.000
2026-05-22 08:01:48.270 [client] MIC rms=0.000 peak=0.000 gain=1.00
2026-05-22 08:01:48.272 [ASR] Capture waiting for IsRecording…
2026-05-22 08:01:48.380 [ASR] /health failed: HTTP/1.1 503 Service Unavailable code=503
2026-05-22 08:01:48.857 [ASR] /health failed: HTTP/1.1 503 Service Unavailable code=503
2026-05-22 08:01:49.265 [client] BUFFER ms=970 rms=0.002 peak=0.007
2026-05-22 08:01:49.403 [ASR] Microphone capture stopped.
2026-05-22 08:01:49.407 [client] CLEAR reason=language_mode_change
2026-05-22 08:01:49.411 [ASR] Detected microphone devices: 0:Internal Microphone Array (Mixed Reality Audio Driver)
2026-05-22 08:01:49.413 [ASR] Using default microphone index 0: Internal Microphone Array (Mixed Reality Audio Driver)
2026-05-22 08:01:49.415 [ASR] Debug file logging enabled: U:/Users/ahmed.teca.kanadji911@stu.khas.edu.tr/AppData/Local/Packages/BootstrapNMT_pzq3xp76mxafg/LocalState\asr_debug.log
2026-05-22 08:01:49.417 [ASR] Microphone.Start device='Internal Microphone Array (Mixed Reality Audio Driver)' requestHz=16000 clipLen=30s
2026-05-22 08:01:49.451 [client] CLEAR reason=capture
2026-05-22 08:01:49.454 [ASR] GET https://thedeezat-asr-hearing-impaired-api.hf.space/health
2026-05-22 08:01:49.457 [ASR] Mic recording OK. clipHz=16000 → API float32 @16000Hz (matches X-Sample-Rate).
2026-05-22 08:01:49.461 [client] BUFFER ms=0 rms=0.000 peak=0.000
2026-05-22 08:01:49.464 [client] MIC rms=0.000 peak=0.000 gain=1.00
2026-05-22 08:01:49.466 [ASR] Capture waiting for IsRecording…
2026-05-22 08:01:49.468 [client] CLEAR reason=language_mode_change
2026-05-22 08:01:49.478 [ASR] Microphone capture stopped.
2026-05-22 08:01:49.483 [client] CLEAR reason=manual
2026-05-22 08:01:49.486 [client] CLEAR reason=language_mode_change
2026-05-22 08:01:49.491 [ASR] Detected microphone devices: 0:Internal Microphone Array (Mixed Reality Audio Driver)
2026-05-22 08:01:49.494 [ASR] Using default microphone index 0: Internal Microphone Array (Mixed Reality Audio Driver)
2026-05-22 08:01:49.496 [ASR] Debug file logging enabled: U:/Users/ahmed.teca.kanadji911@stu.khas.edu.tr/AppData/Local/Packages/BootstrapNMT_pzq3xp76mxafg/LocalState\asr_debug.log
2026-05-22 08:01:49.498 [ASR] Microphone.Start device='Internal Microphone Array (Mixed Reality Audio Driver)' requestHz=16000 clipLen=30s
2026-05-22 08:01:49.532 [client] CLEAR reason=capture
2026-05-22 08:01:49.536 [ASR] GET https://thedeezat-asr-hearing-impaired-api.hf.space/health
2026-05-22 08:01:49.539 [ASR] Mic recording OK. clipHz=16000 → API float32 @16000Hz (matches X-Sample-Rate).
2026-05-22 08:01:49.543 [client] BUFFER ms=0 rms=0.000 peak=0.000
2026-05-22 08:01:49.546 [client] MIC rms=0.000 peak=0.000 gain=1.00
2026-05-22 08:01:49.549 [ASR] Capture waiting for IsRecording…
2026-05-22 08:01:49.657 [ASR] /health failed: HTTP/1.1 503 Service Unavailable code=503
2026-05-22 08:01:50.134 [ASR] /health failed: HTTP/1.1 503 Service Unavailable code=503
2026-05-22 08:01:50.558 [client] BUFFER ms=1000 rms=0.002 peak=0.008
2026-05-22 08:01:51.593 [client] BUFFER ms=2020 rms=0.002 peak=0.007
2026-05-22 08:01:51.597 [client] MIC rms=0.002 peak=0.007 gain=1.00
2026-05-22 08:01:51.653 [client] CLEAR reason=language_mode_change
2026-05-22 08:01:51.664 [ASR] Microphone capture stopped.
2026-05-22 08:01:53.720 [client] CLEAR reason=manual
2026-05-22 08:01:53.723 [client] CLEAR reason=language_mode_change
2026-05-22 08:01:53.726 [ASR] Detected microphone devices: 0:Internal Microphone Array (Mixed Reality Audio Driver)
2026-05-22 08:01:53.728 [ASR] Using default microphone index 0: Internal Microphone Array (Mixed Reality Audio Driver)
2026-05-22 08:01:53.730 [ASR] Debug file logging enabled: U:/Users/ahmed.teca.kanadji911@stu.khas.edu.tr/AppData/Local/Packages/BootstrapNMT_pzq3xp76mxafg/LocalState\asr_debug.log
2026-05-22 08:01:53.731 [ASR] Microphone.Start device='Internal Microphone Array (Mixed Reality Audio Driver)' requestHz=16000 clipLen=30s
2026-05-22 08:01:53.758 [client] CLEAR reason=capture
2026-05-22 08:01:53.761 [ASR] GET https://thedeezat-asr-hearing-impaired-api.hf.space/health
2026-05-22 08:01:53.764 [ASR] Mic recording OK. clipHz=16000 → API float32 @16000Hz (matches X-Sample-Rate).
2026-05-22 08:01:53.767 [client] BUFFER ms=0 rms=0.000 peak=0.000
2026-05-22 08:01:53.770 [client] MIC rms=0.000 peak=0.000 gain=1.00
2026-05-22 08:01:53.771 [ASR] Capture waiting for IsRecording…
2026-05-22 08:01:53.779 [ASR] Microphone capture stopped.
2026-05-22 08:01:53.782 [client] CLEAR reason=language_mode_change
2026-05-22 08:01:53.787 [ASR] Detected microphone devices: 0:Internal Microphone Array (Mixed Reality Audio Driver)
2026-05-22 08:01:53.789 [ASR] Using default microphone index 0: Internal Microphone Array (Mixed Reality Audio Driver)
2026-05-22 08:01:53.791 [ASR] Debug file logging enabled: U:/Users/ahmed.teca.kanadji911@stu.khas.edu.tr/AppData/Local/Packages/BootstrapNMT_pzq3xp76mxafg/LocalState\asr_debug.log
2026-05-22 08:01:53.793 [ASR] Microphone.Start device='Internal Microphone Array (Mixed Reality Audio Driver)' requestHz=16000 clipLen=30s
2026-05-22 08:01:53.839 [client] CLEAR reason=capture
2026-05-22 08:01:53.843 [ASR] GET https://thedeezat-asr-hearing-impaired-api.hf.space/health
2026-05-22 08:01:53.848 [ASR] Mic recording OK. clipHz=16000 → API float32 @16000Hz (matches X-Sample-Rate).
2026-05-22 08:01:53.853 [client] BUFFER ms=0 rms=0.000 peak=0.000
2026-05-22 08:01:53.855 [client] MIC rms=0.000 peak=0.000 gain=1.00
2026-05-22 08:01:53.858 [ASR] Capture waiting for IsRecording…
2026-05-22 08:01:53.966 [ASR] /health failed: HTTP/1.1 503 Service Unavailable code=503
2026-05-22 08:01:54.453 [ASR] /health failed: HTTP/1.1 503 Service Unavailable code=503
2026-05-22 08:01:54.882 [ASR] Microphone capture stopped.
2026-05-22 08:01:54.885 [client] CLEAR reason=language_mode_change
2026-05-22 08:01:54.891 [ASR] Detected microphone devices: 0:Internal Microphone Array (Mixed Reality Audio Driver)
2026-05-22 08:01:54.893 [ASR] Using default microphone index 0: Internal Microphone Array (Mixed Reality Audio Driver)
2026-05-22 08:01:54.896 [ASR] Debug file logging enabled: U:/Users/ahmed.teca.kanadji911@stu.khas.edu.tr/AppData/Local/Packages/BootstrapNMT_pzq3xp76mxafg/LocalState\asr_debug.log
2026-05-22 08:01:54.898 [ASR] Microphone.Start device='Internal Microphone Array (Mixed Reality Audio Driver)' requestHz=16000 clipLen=30s
2026-05-22 08:01:54.939 [client] CLEAR reason=capture
2026-05-22 08:01:54.942 [ASR] GET https://thedeezat-asr-hearing-impaired-api.hf.space/health
2026-05-22 08:01:54.945 [ASR] Mic recording OK. clipHz=16000 → API float32 @16000Hz (matches X-Sample-Rate).
2026-05-22 08:01:54.949 [client] BUFFER ms=0 rms=0.000 peak=0.000
2026-05-22 08:01:54.951 [client] MIC rms=0.000 peak=0.000 gain=1.00
2026-05-22 08:01:54.953 [ASR] Capture waiting for IsRecording…
2026-05-22 08:01:54.956 [client] CLEAR reason=language_mode_change
2026-05-22 08:01:54.961 [ASR] Microphone capture stopped.
2026-05-22 08:01:54.967 [client] CLEAR reason=manual
2026-05-22 08:01:54.970 [client] CLEAR reason=language_mode_change
2026-05-22 08:01:54.974 [ASR] Detected microphone devices: 0:Internal Microphone Array (Mixed Reality Audio Driver)
2026-05-22 08:01:54.976 [ASR] Using default microphone index 0: Internal Microphone Array (Mixed Reality Audio Driver)
2026-05-22 08:01:54.978 [ASR] Debug file logging enabled: U:/Users/ahmed.teca.kanadji911@stu.khas.edu.tr/AppData/Local/Packages/BootstrapNMT_pzq3xp76mxafg/LocalState\asr_debug.log
2026-05-22 08:01:54.980 [ASR] Microphone.Start device='Internal Microphone Array (Mixed Reality Audio Driver)' requestHz=16000 clipLen=30s
2026-05-22 08:01:55.019 [client] CLEAR reason=capture
2026-05-22 08:01:55.023 [ASR] GET https://thedeezat-asr-hearing-impaired-api.hf.space/health
2026-05-22 08:01:55.025 [ASR] Mic recording OK. clipHz=16000 → API float32 @16000Hz (matches X-Sample-Rate).
2026-05-22 08:01:55.029 [client] BUFFER ms=0 rms=0.000 peak=0.000
2026-05-22 08:01:55.032 [client] MIC rms=0.000 peak=0.000 gain=1.00
2026-05-22 08:01:55.039 [ASR] Capture waiting for IsRecording…
2026-05-22 08:01:55.091 [ASR] /health failed: HTTP/1.1 503 Service Unavailable code=503
2026-05-22 08:01:55.691 [ASR] /health failed: HTTP/1.1 503 Service Unavailable code=503
2026-05-22 08:01:56.055 [client] BUFFER ms=1020 rms=0.002 peak=0.006
2026-05-22 08:01:57.067 [client] BUFFER ms=2010 rms=0.002 peak=0.005
2026-05-22 08:01:57.071 [client] MIC rms=0.002 peak=0.005 gain=1.00
2026-05-22 08:01:57.672 [ASR] ASR outgoing audio dump dir: U:/Users/ahmed.teca.kanadji911@stu.khas.edu.tr/AppData/Local/Packages/BootstrapNMT_pzq3xp76mxafg/LocalState\asr_sent_audio
2026-05-22 08:01:57.676 [ASR] Saved outgoing ASR chunk: asr_20260522_080157_667_00001_english.wav chunk_s=2.50 rms=0.01571
2026-05-22 08:01:57.678 [ASR] POST /audio first chunk: 160000 bytes (40000 float32 LE mono)
2026-05-22 08:01:57.682 [ASR] [ASR ENTER SEND] mode=english_or_auto forcedLanguage=english recording=True samples=40000 rms=0.01571
2026-05-22 08:01:57.684 [client] SEND lang=english chunk_s=2.50 rms=0.016 silence_ratio=0.39
2026-05-22 08:01:57.686 [ASR] [ASR POST ATTEMPT] chunk_id=1 url=https://thedeezat-asr-hearing-impaired-api.hf.space/audio forcedLanguage=english samples=40000 sr=16000 chunk_s=2.50 rms=0.01571
2026-05-22 08:01:57.687 [ASR] [ASR SEND ATTEMPT] id=asr-00001 lang=english sr=16000 samples=40000 chunk_s=2.50 rms=0.01571 speech_ratio=0.075 voiced_ratio=0.884 bytes=160000 url=https://thedeezat-asr-hearing-impaired-api.hf.space/audio
2026-05-22 08:01:58.031 [ASR] [ASR RESPONSE] id=asr-00001 status=503 error=HTTP/1.1 503 Service Unavailable body=The space is paused, ask a maintainer to restart it
2026-05-22 08:01:58.033 [ASR] asr-00001 POST /audio failed: HTTP/1.1 503 Service Unavailable HTTP 503
2026-05-22 08:01:58.100 [client] BUFFER ms=850 rms=0.002 peak=0.006
2026-05-22 08:01:59.123 [client] BUFFER ms=1860 rms=0.002 peak=0.006
2026-05-22 08:01:59.126 [client] MIC rms=0.002 peak=0.006 gain=8.00
2026-05-22 08:01:59.850 [ASR] Saved outgoing ASR chunk: asr_20260522_080159_843_00002_english.wav chunk_s=2.50 rms=0.01742
2026-05-22 08:01:59.851 [ASR] [ASR ENTER SEND] mode=english_or_auto forcedLanguage=english recording=True samples=40000 rms=0.01742
2026-05-22 08:01:59.853 [client] SEND lang=english chunk_s=2.50 rms=0.017 silence_ratio=0.36
2026-05-22 08:01:59.855 [ASR] [ASR POST ATTEMPT] chunk_id=2 url=https://thedeezat-asr-hearing-impaired-api.hf.space/audio forcedLanguage=english samples=40000 sr=16000 chunk_s=2.50 rms=0.01742
2026-05-22 08:01:59.856 [ASR] [ASR SEND ATTEMPT] id=asr-00002 lang=english sr=16000 samples=40000 chunk_s=2.50 rms=0.01742 speech_ratio=0.105 voiced_ratio=0.924 bytes=160000 url=https://thedeezat-asr-hearing-impaired-api.hf.space/audio
2026-05-22 08:02:00.143 [ASR] [ASR RESPONSE] id=asr-00002 status=503 error=HTTP/1.1 503 Service Unavailable body=The space is paused, ask a maintainer to restart it
2026-05-22 08:02:00.146 [ASR] asr-00002 POST /audio failed: HTTP/1.1 503 Service Unavailable HTTP 503
2026-05-22 08:02:00.152 [client] BUFFER ms=700 rms=0.002 peak=0.006
2026-05-22 08:02:01.148 [client] MIC rms=0.004 peak=0.014 gain=8.00
2026-05-22 08:02:01.199 [client] BUFFER ms=1740 rms=0.003 peak=0.010
2026-05-22 08:02:01.986 [client] SEND rms=0.023 silence_ratio=0.33 peak=0.357
2026-05-22 08:02:02.009 [ASR] Saved outgoing ASR chunk: asr_20260522_080202_000_00003_english.wav chunk_s=2.50 rms=0.02259
2026-05-22 08:02:02.011 [ASR] [ASR ENTER SEND] mode=english_or_auto forcedLanguage=english recording=True samples=40000 rms=0.02259
2026-05-22 08:02:02.013 [client] SEND lang=english chunk_s=2.50 rms=0.023 silence_ratio=0.33
2026-05-22 08:02:02.016 [ASR] [ASR POST ATTEMPT] chunk_id=3 url=https://thedeezat-asr-hearing-impaired-api.hf.space/audio forcedLanguage=english samples=40000 sr=16000 chunk_s=2.50 rms=0.02259
2026-05-22 08:02:02.017 [ASR] [ASR SEND ATTEMPT] id=asr-00003 lang=english sr=16000 samples=40000 chunk_s=2.50 rms=0.02259 speech_ratio=0.152 voiced_ratio=0.934 bytes=160000 url=https://thedeezat-asr-hearing-impaired-api.hf.space/audio
2026-05-22 08:02:02.250 [client] BUFFER ms=610 rms=0.002 peak=0.006
2026-05-22 08:02:02.360 [ASR] [ASR RESPONSE] id=asr-00003 status=503 error=HTTP/1.1 503 Service Unavailable body=The space is paused, ask a maintainer to restart it
2026-05-22 08:02:02.363 [ASR] asr-00003 POST /audio failed: HTTP/1.1 503 Service Unavailable HTTP 503
2026-05-22 08:02:03.188 [client] MIC rms=0.007 peak=0.017 gain=8.00
2026-05-22 08:02:03.310 [client] BUFFER ms=1680 rms=0.009 peak=0.025
2026-05-22 08:02:04.208 [client] SEND rms=0.033 silence_ratio=0.27 peak=0.189
2026-05-22 08:02:04.245 [ASR] Saved outgoing ASR chunk: asr_20260522_080204_238_00004_english.wav chunk_s=2.50 rms=0.03251
2026-05-22 08:02:04.247 [ASR] [ASR ENTER SEND] mode=english_or_auto forcedLanguage=english recording=True samples=40000 rms=0.03251
2026-05-22 08:02:04.249 [client] SEND lang=english chunk_s=2.50 rms=0.033 silence_ratio=0.27
2026-05-22 08:02:04.251 [ASR] [ASR POST ATTEMPT] chunk_id=4 url=https://thedeezat-asr-hearing-impaired-api.hf.space/audio forcedLanguage=english samples=40000 sr=16000 chunk_s=2.50 rms=0.03251
2026-05-22 08:02:04.252 [ASR] [ASR SEND ATTEMPT] id=asr-00004 lang=english sr=16000 samples=40000 chunk_s=2.50 rms=0.03251 speech_ratio=0.283 voiced_ratio=0.949 bytes=160000 url=https://thedeezat-asr-hearing-impaired-api.hf.space/audio
2026-05-22 08:02:04.364 [client] BUFFER ms=520 rms=0.004 peak=0.009
2026-05-22 08:02:05.011 [ASR] [ASR RESPONSE] id=asr-00004 status=503 error=HTTP/1.1 503 Service Unavailable body=The space is paused, ask a maintainer to restart it
2026-05-22 08:02:05.014 [ASR] asr-00004 POST /audio failed: HTTP/1.1 503 Service Unavailable HTTP 503
2026-05-22 08:02:05.208 [client] MIC rms=0.002 peak=0.006 gain=8.00
2026-05-22 08:02:05.383 [client] BUFFER ms=1530 rms=0.004 peak=0.011
2026-05-22 08:02:06.408 [client] SEND rms=0.032 silence_ratio=0.26 peak=0.873
2026-05-22 08:02:06.429 [ASR] Saved outgoing ASR chunk: asr_20260522_080206_422_00005_english.wav chunk_s=2.50 rms=0.03201
2026-05-22 08:02:06.431 [ASR] [ASR ENTER SEND] mode=english_or_auto forcedLanguage=english recording=True samples=40000 rms=0.03201
2026-05-22 08:02:06.433 [client] SEND lang=english chunk_s=2.50 rms=0.032 silence_ratio=0.26
2026-05-22 08:02:06.435 [ASR] [ASR POST ATTEMPT] chunk_id=5 url=https://thedeezat-asr-hearing-impaired-api.hf.space/audio forcedLanguage=english samples=40000 sr=16000 chunk_s=2.50 rms=0.03201
2026-05-22 08:02:06.436 [ASR] [ASR SEND ATTEMPT] id=asr-00005 lang=english sr=16000 samples=40000 chunk_s=2.50 rms=0.03201 speech_ratio=0.260 voiced_ratio=0.980 bytes=160000 url=https://thedeezat-asr-hearing-impaired-api.hf.space/audio
2026-05-22 08:02:06.496 [client] BUFFER ms=450 rms=0.003 peak=0.007
2026-05-22 08:02:07.211 [client] MIC rms=0.004 peak=0.015 gain=8.00
2026-05-22 08:02:07.482 [ASR] [ASR RESPONSE] id=asr-00005 status=503 error=HTTP/1.1 503 Service Unavailable body=The space is paused, ask a maintainer to restart it
2026-05-22 08:02:07.484 [ASR] asr-00005 POST /audio failed: HTTP/1.1 503 Service Unavailable HTTP 503
2026-05-22 08:02:07.539 [client] BUFFER ms=1500 rms=0.002 peak=0.007
2026-05-22 08:02:08.548 [client] BUFFER ms=2500 rms=0.012 peak=0.034
2026-05-22 08:02:08.584 [client] SEND rms=0.030 silence_ratio=0.51 peak=1.000
2026-05-22 08:02:08.602 [ASR] Saved outgoing ASR chunk: asr_20260522_080208_597_00006_english.wav chunk_s=2.50 rms=0.03037
2026-05-22 08:02:08.604 [ASR] [ASR ENTER SEND] mode=english_or_auto forcedLanguage=english recording=True samples=40000 rms=0.03037
2026-05-22 08:02:08.606 [client] SEND lang=english chunk_s=2.50 rms=0.030 silence_ratio=0.51
2026-05-22 08:02:08.608 [ASR] [ASR POST ATTEMPT] chunk_id=6 url=https://thedeezat-asr-hearing-impaired-api.hf.space/audio forcedLanguage=english samples=40000 sr=16000 chunk_s=2.50 rms=0.03037
2026-05-22 08:02:08.609 [ASR] [ASR SEND ATTEMPT] id=asr-00006 lang=english sr=16000 samples=40000 chunk_s=2.50 rms=0.03037 speech_ratio=0.125 voiced_ratio=0.939 bytes=160000 url=https://thedeezat-asr-hearing-impaired-api.hf.space/audio
2026-05-22 08:02:09.252 [client] MIC rms=0.002 peak=0.007 gain=3.77
2026-05-22 08:02:09.585 [ASR] [ASR RESPONSE] id=asr-00006 status=503 error=HTTP/1.1 503 Service Unavailable body=The space is paused, ask a maintainer to restart it
2026-05-22 08:02:09.588 [ASR] asr-00006 POST /audio failed: HTTP/1.1 503 Service Unavailable HTTP 503
2026-05-22 08:02:09.593 [client] BUFFER ms=1350 rms=0.003 peak=0.009
2026-05-22 08:02:10.633 [client] BUFFER ms=2390 rms=0.002 peak=0.007
2026-05-22 08:02:10.846 [client] SEND rms=0.038 silence_ratio=0.52 peak=0.292
2026-05-22 08:02:10.875 [ASR] Saved outgoing ASR chunk: asr_20260522_080210_866_00007_english.wav chunk_s=2.50 rms=0.03800
2026-05-22 08:02:10.877 [ASR] [ASR ENTER SEND] mode=english_or_auto forcedLanguage=english recording=True samples=40000 rms=0.03800
2026-05-22 08:02:10.879 [client] SEND lang=english chunk_s=2.50 rms=0.038 silence_ratio=0.52
2026-05-22 08:02:10.881 [ASR] [ASR POST ATTEMPT] chunk_id=7 url=https://thedeezat-asr-hearing-impaired-api.hf.space/audio forcedLanguage=english samples=40000 sr=16000 chunk_s=2.50 rms=0.03800
2026-05-22 08:02:10.882 [ASR] [ASR SEND ATTEMPT] id=asr-00007 lang=english sr=16000 samples=40000 chunk_s=2.50 rms=0.03800 speech_ratio=0.190 voiced_ratio=0.980 bytes=160000 url=https://thedeezat-asr-hearing-impaired-api.hf.space/audio
2026-05-22 08:02:11.221 [ASR] [ASR RESPONSE] id=asr-00007 status=503 error=HTTP/1.1 503 Service Unavailable body=The space is paused, ask a maintainer to restart it
2026-05-22 08:02:11.223 [ASR] asr-00007 POST /audio failed: HTTP/1.1 503 Service Unavailable HTTP 503
2026-05-22 08:02:11.282 [client] MIC rms=0.002 peak=0.006 gain=3.58
2026-05-22 08:02:11.644 [client] BUFFER ms=1200 rms=0.002 peak=0.006
2026-05-22 08:02:12.658 [client] BUFFER ms=2220 rms=0.004 peak=0.017
2026-05-22 08:02:12.963 [client] SEND rms=0.038 silence_ratio=0.52 peak=0.315
2026-05-22 08:02:12.983 [ASR] Saved outgoing ASR chunk: asr_20260522_080212_976_00008_english.wav chunk_s=2.50 rms=0.03800
2026-05-22 08:02:12.984 [ASR] [ASR ENTER SEND] mode=english_or_auto forcedLanguage=english recording=True samples=40000 rms=0.03800
2026-05-22 08:02:12.986 [client] SEND lang=english chunk_s=2.50 rms=0.038 silence_ratio=0.52
2026-05-22 08:02:12.988 [ASR] [ASR POST ATTEMPT] chunk_id=8 url=https://thedeezat-asr-hearing-impaired-api.hf.space/audio forcedLanguage=english samples=40000 sr=16000 chunk_s=2.50 rms=0.03800
2026-05-22 08:02:12.989 [ASR] [ASR SEND ATTEMPT] id=asr-00008 lang=english sr=16000 samples=40000 chunk_s=2.50 rms=0.03800 speech_ratio=0.207 voiced_ratio=0.985 bytes=160000 url=https://thedeezat-asr-hearing-impaired-api.hf.space/audio
2026-05-22 08:02:13.298 [client] MIC rms=0.002 peak=0.007 gain=3.36
2026-05-22 08:02:13.705 [ASR] [ASR RESPONSE] id=asr-00008 status=503 error=HTTP/1.1 503 Service Unavailable body=The space is paused, ask a maintainer to restart it
2026-05-22 08:02:13.709 [ASR] asr-00008 POST /audio failed: HTTP/1.1 503 Service Unavailable HTTP 503
2026-05-22 08:02:13.714 [client] BUFFER ms=1050 rms=0.002 peak=0.007
2026-05-22 08:02:14.745 [client] BUFFER ms=2090 rms=0.002 peak=0.007
2026-05-22 08:02:15.196 [client] SEND rms=0.038 silence_ratio=0.36 peak=0.464
2026-05-22 08:02:15.232 [ASR] Saved outgoing ASR chunk: asr_20260522_080215_220_00009_english.wav chunk_s=2.50 rms=0.03800
2026-05-22 08:02:15.234 [ASR] [ASR ENTER SEND] mode=english_or_auto forcedLanguage=english recording=True samples=40000 rms=0.03800
2026-05-22 08:02:15.236 [client] SEND lang=english chunk_s=2.50 rms=0.038 silence_ratio=0.36
2026-05-22 08:02:15.239 [ASR] [ASR POST ATTEMPT] chunk_id=9 url=https://thedeezat-asr-hearing-impaired-api.hf.space/audio forcedLanguage=english samples=40000 sr=16000 chunk_s=2.50 rms=0.03800
2026-05-22 08:02:15.241 [ASR] [ASR SEND ATTEMPT] id=asr-00009 lang=english sr=16000 samples=40000 chunk_s=2.50 rms=0.03800 speech_ratio=0.164 voiced_ratio=0.944 bytes=160000 url=https://thedeezat-asr-hearing-impaired-api.hf.space/audio
2026-05-22 08:02:15.358 [client] MIC rms=0.002 peak=0.006 gain=6.67
2026-05-22 08:02:15.768 [client] BUFFER ms=940 rms=0.004 peak=0.013
2026-05-22 08:02:16.002 [ASR] [ASR RESPONSE] id=asr-00009 status=503 error=HTTP/1.1 503 Service Unavailable body=The space is paused, ask a maintainer to restart it
2026-05-22 08:02:16.005 [ASR] asr-00009 POST /audio failed: HTTP/1.1 503 Service Unavailable HTTP 503
2026-05-22 08:02:16.780 [client] BUFFER ms=1940 rms=0.002 peak=0.007
2026-05-22 08:02:17.378 [ASR] Saved outgoing ASR chunk: asr_20260522_080217_371_00010_english.wav chunk_s=2.50 rms=0.01928
2026-05-22 08:02:17.380 [ASR] [ASR ENTER SEND] mode=english_or_auto forcedLanguage=english recording=True samples=40000 rms=0.01928
2026-05-22 08:02:17.382 [client] SEND lang=english chunk_s=2.50 rms=0.019 silence_ratio=0.33
2026-05-22 08:02:17.384 [ASR] [ASR POST ATTEMPT] chunk_id=10 url=https://thedeezat-asr-hearing-impaired-api.hf.space/audio forcedLanguage=english samples=40000 sr=16000 chunk_s=2.50 rms=0.01928
2026-05-22 08:02:17.385 [ASR] [ASR SEND ATTEMPT] id=asr-00010 lang=english sr=16000 samples=40000 chunk_s=2.50 rms=0.01928 speech_ratio=0.142 voiced_ratio=0.944 bytes=160000 url=https://thedeezat-asr-hearing-impaired-api.hf.space/audio
2026-05-22 08:02:17.441 [client] MIC rms=0.002 peak=0.006 gain=8.00
2026-05-22 08:02:17.554 [ASR] [ASR RESPONSE] id=asr-00010 status=503 error=HTTP/1.1 503 Service Unavailable body=The space is paused, ask a maintainer to restart it
2026-05-22 08:02:17.560 [ASR] asr-00010 POST /audio failed: HTTP/1.1 503 Service Unavailable HTTP 503
2026-05-22 08:02:17.788 [client] BUFFER ms=740 rms=0.002 peak=0.008
2026-05-22 08:02:18.806 [client] BUFFER ms=1770 rms=0.002 peak=0.006
2026-05-22 08:02:19.475 [client] MIC rms=0.002 peak=0.006 gain=8.00
2026-05-22 08:02:19.638 [ASR] Saved outgoing ASR chunk: asr_20260522_080219_631_00011_english.wav chunk_s=2.50 rms=0.01561
2026-05-22 08:02:19.641 [ASR] [ASR ENTER SEND] mode=english_or_auto forcedLanguage=english recording=True samples=40000 rms=0.01561
2026-05-22 08:02:19.643 [client] SEND lang=english chunk_s=2.50 rms=0.016 silence_ratio=0.40
2026-05-22 08:02:19.645 [ASR] [ASR POST ATTEMPT] chunk_id=11 url=https://thedeezat-asr-hearing-impaired-api.hf.space/audio forcedLanguage=english samples=40000 sr=16000 chunk_s=2.50 rms=0.01561
2026-05-22 08:02:19.646 [ASR] [ASR SEND ATTEMPT] id=asr-00011 lang=english sr=16000 samples=40000 chunk_s=2.50 rms=0.01561 speech_ratio=0.074 voiced_ratio=0.960 bytes=160000 url=https://thedeezat-asr-hearing-impaired-api.hf.space/audio
2026-05-22 08:02:19.814 [client] BUFFER ms=580 rms=0.002 peak=0.006
2026-05-22 08:02:19.991 [ASR] [ASR RESPONSE] id=asr-00011 status=503 error=HTTP/1.1 503 Service Unavailable body=The space is paused, ask a maintainer to restart it
2026-05-22 08:02:19.994 [ASR] asr-00011 POST /audio failed: HTTP/1.1 503 Service Unavailable HTTP 503
2026-05-22 08:02:20.816 [client] BUFFER ms=1570 rms=0.002 peak=0.006
2026-05-22 08:02:21.485 [client] MIC rms=0.002 peak=0.006 gain=8.00
2026-05-22 08:02:21.836 [ASR] Saved outgoing ASR chunk: asr_20260522_080221_829_00012_english.wav chunk_s=2.50 rms=0.01686
2026-05-22 08:02:21.839 [ASR] [ASR ENTER SEND] mode=english_or_auto forcedLanguage=english recording=True samples=40000 rms=0.01686
2026-05-22 08:02:21.841 [client] SEND lang=english chunk_s=2.50 rms=0.017 silence_ratio=0.37
2026-05-22 08:02:21.843 [ASR] [ASR POST ATTEMPT] chunk_id=12 url=https://thedeezat-asr-hearing-impaired-api.hf.space/audio forcedLanguage=english samples=40000 sr=16000 chunk_s=2.50 rms=0.01686
2026-05-22 08:02:21.845 [ASR] [ASR SEND ATTEMPT] id=asr-00012 lang=english sr=16000 samples=40000 chunk_s=2.50 rms=0.01686 speech_ratio=0.096 voiced_ratio=0.939 bytes=160000 url=https://thedeezat-asr-hearing-impaired-api.hf.space/audio
2026-05-22 08:02:21.899 [client] BUFFER ms=460 rms=0.002 peak=0.006
2026-05-22 08:02:22.578 [ASR] [ASR RESPONSE] id=asr-00012 status=503 error=HTTP/1.1 503 Service Unavailable body=The space is paused, ask a maintainer to restart it
2026-05-22 08:02:22.582 [ASR] asr-00012 POST /audio failed: HTTP/1.1 503 Service Unavailable HTTP 503
2026-05-22 08:02:22.921 [client] BUFFER ms=1480 rms=0.002 peak=0.009
2026-05-22 08:02:23.541 [client] MIC rms=0.003 peak=0.008 gain=8.00
2026-05-22 08:02:23.948 [client] BUFFER ms=2490 rms=0.002 peak=0.007
2026-05-22 08:02:24.068 [ASR] Saved outgoing ASR chunk: asr_20260522_080224_061_00013_english.wav chunk_s=2.50 rms=0.01675
2026-05-22 08:02:24.070 [ASR] [ASR ENTER SEND] mode=english_or_auto forcedLanguage=english recording=True samples=40000 rms=0.01675
2026-05-22 08:02:24.072 [client] SEND lang=english chunk_s=2.50 rms=0.017 silence_ratio=0.37
2026-05-22 08:02:24.075 [ASR] [ASR POST ATTEMPT] chunk_id=13 url=https://thedeezat-asr-hearing-impaired-api.hf.space/audio forcedLanguage=english samples=40000 sr=16000 chunk_s=2.50 rms=0.01675
2026-05-22 08:02:24.077 [ASR] [ASR SEND ATTEMPT] id=asr-00013 lang=english sr=16000 samples=40000 chunk_s=2.50 rms=0.01675 speech_ratio=0.095 voiced_ratio=0.960 bytes=160000 url=https://thedeezat-asr-hearing-impaired-api.hf.space/audio
2026-05-22 08:02:25.005 [client] BUFFER ms=1380 rms=0.002 peak=0.007
2026-05-22 08:02:25.553 [client] MIC rms=0.002 peak=0.005 gain=8.00
2026-05-22 08:02:26.012 [client] BUFFER ms=2370 rms=0.002 peak=0.005
2026-05-22 08:02:26.197 [ASR] Saved outgoing ASR chunk: asr_20260522_080226_185_00014_english.wav chunk_s=2.50 rms=0.01645
2026-05-22 08:02:27.043 [client] BUFFER ms=1180 rms=0.002 peak=0.007
2026-05-22 08:02:27.555 [client] MIC rms=0.004 peak=0.010 gain=8.00
2026-05-22 08:02:28.096 [client] BUFFER ms=2220 rms=0.004 peak=0.013
2026-05-22 08:02:28.395 [ASR] Saved outgoing ASR chunk: asr_20260522_080228_388_00015_english.wav chunk_s=2.50 rms=0.01830
2026-05-22 08:02:29.141 [client] BUFFER ms=1090 rms=0.002 peak=0.006
2026-05-22 08:02:29.554 [client] MIC rms=0.004 peak=0.019 gain=8.00
2026-05-22 08:02:30.197 [client] BUFFER ms=2160 rms=0.002 peak=0.006
2026-05-22 08:02:30.582 [client] SEND rms=0.030 silence_ratio=0.35 peak=1.000
2026-05-22 08:02:30.603 [ASR] Saved outgoing ASR chunk: asr_20260522_080230_597_00016_english.wav chunk_s=2.50 rms=0.03030
2026-05-22 08:02:31.222 [client] BUFFER ms=980 rms=0.010 peak=0.022
2026-05-22 08:02:31.574 [client] MIC rms=0.004 peak=0.010 gain=8.00
2026-05-22 08:02:32.127 [ASR] [ASR RESPONSE] id=asr-00013 status=0 error=Request timeout body=
2026-05-22 08:02:32.130 [ASR] asr-00013 POST /audio failed: Request timeout HTTP 0
2026-05-22 08:02:32.132 [ASR] [ASR ENTER SEND] mode=english_or_auto forcedLanguage=english recording=True samples=40000 rms=0.01645
2026-05-22 08:02:32.135 [client] SEND lang=english chunk_s=2.50 rms=0.016 silence_ratio=0.37
2026-05-22 08:02:32.138 [ASR] [ASR POST ATTEMPT] chunk_id=14 url=https://thedeezat-asr-hearing-impaired-api.hf.space/audio forcedLanguage=english samples=40000 sr=16000 chunk_s=2.50 rms=0.01645
2026-05-22 08:02:32.139 [ASR] [ASR SEND ATTEMPT] id=asr-00014 lang=english sr=16000 samples=40000 chunk_s=2.50 rms=0.03030 speech_ratio=0.134 voiced_ratio=0.773 bytes=160000 url=https://thedeezat-asr-hearing-impaired-api.hf.space/audio
2026-05-22 08:02:32.247 [client] BUFFER ms=1980 rms=0.006 peak=0.022
2026-05-22 08:02:32.777 [client] SEND rms=0.038 silence_ratio=0.27 peak=0.343
2026-05-22 08:02:32.801 [ASR] Saved outgoing ASR chunk: asr_20260522_080232_794_00017_english.wav chunk_s=2.50 rms=0.03800
2026-05-22 08:02:33.253 [client] BUFFER ms=820 rms=0.002 peak=0.008
2026-05-22 08:02:33.605 [client] MIC rms=0.002 peak=0.007 gain=5.92
2026-05-22 08:02:34.285 [client] BUFFER ms=1840 rms=0.002 peak=0.007
2026-05-22 08:02:35.041 [client] SEND rms=0.027 silence_ratio=0.32 peak=0.238
2026-05-22 08:02:35.060 [ASR] Saved outgoing ASR chunk: asr_20260522_080235_053_00018_english.wav chunk_s=2.50 rms=0.02676
2026-05-22 08:02:35.306 [client] BUFFER ms=660 rms=0.002 peak=0.006
2026-05-22 08:02:35.647 [client] MIC rms=0.002 peak=0.007 gain=8.00
2026-05-22 08:02:36.316 [client] BUFFER ms=1660 rms=0.005 peak=0.019
2026-05-22 08:02:37.222 [client] SEND rms=0.025 silence_ratio=0.32 peak=0.175
2026-05-22 08:02:37.248 [ASR] Saved outgoing ASR chunk: asr_20260522_080237_241_00019_english.wav chunk_s=2.50 rms=0.02456
2026-05-22 08:02:37.362 [client] BUFFER ms=530 rms=0.002 peak=0.007
2026-05-22 08:02:37.698 [client] MIC rms=0.002 peak=0.009 gain=8.00
2026-05-22 08:02:38.421 [client] BUFFER ms=1570 rms=0.002 peak=0.008
2026-05-22 08:02:39.401 [ASR] Saved outgoing ASR chunk: asr_20260522_080239_395_00020_english.wav chunk_s=2.50 rms=0.01731
2026-05-22 08:02:39.455 [client] BUFFER ms=420 rms=0.002 peak=0.007
2026-05-22 08:02:39.754 [client] MIC rms=0.003 peak=0.009 gain=8.00
2026-05-22 08:02:40.163 [ASR] [ASR RESPONSE] id=asr-00014 status=0 error=Request timeout body=
2026-05-22 08:02:40.166 [ASR] asr-00014 POST /audio failed: Request timeout HTTP 0
2026-05-22 08:02:40.168 [ASR] [ASR ENTER SEND] mode=english_or_auto forcedLanguage=english recording=True samples=40000 rms=0.01830
2026-05-22 08:02:40.171 [client] SEND lang=english chunk_s=2.50 rms=0.018 silence_ratio=0.36
2026-05-22 08:02:40.173 [ASR] [ASR POST ATTEMPT] chunk_id=15 url=https://thedeezat-asr-hearing-impaired-api.hf.space/audio forcedLanguage=english samples=40000 sr=16000 chunk_s=2.50 rms=0.01830
2026-05-22 08:02:40.174 [ASR] [ASR SEND ATTEMPT] id=asr-00015 lang=english sr=16000 samples=40000 chunk_s=2.50 rms=0.01731 speech_ratio=0.106 voiced_ratio=0.843 bytes=160000 url=https://thedeezat-asr-hearing-impaired-api.hf.space/audio
2026-05-22 08:02:40.455 [client] BUFFER ms=1420 rms=0.003 peak=0.008
2026-05-22 08:02:41.479 [client] BUFFER ms=2440 rms=0.002 peak=0.007
2026-05-22 08:02:41.654 [ASR] Saved outgoing ASR chunk: asr_20260522_080241_648_00021_english.wav chunk_s=2.50 rms=0.01798
2026-05-22 08:02:41.769 [client] MIC rms=0.002 peak=0.007 gain=8.00
2026-05-22 08:02:42.506 [client] BUFFER ms=1250 rms=0.002 peak=0.007
2026-05-22 08:02:43.554 [client] BUFFER ms=2290 rms=0.003 peak=0.010
2026-05-22 08:02:43.795 [ASR] Saved outgoing ASR chunk: asr_20260522_080243_789_00022_english.wav chunk_s=2.50 rms=0.01861
2026-05-22 08:02:43.855 [client] MIC rms=0.003 peak=0.008 gain=8.00
2026-05-22 08:02:44.593 [client] BUFFER ms=1140 rms=0.003 peak=0.008
2026-05-22 08:02:45.647 [client] BUFFER ms=2200 rms=0.002 peak=0.006
2026-05-22 08:02:45.892 [client] MIC rms=0.002 peak=0.007 gain=8.00
2026-05-22 08:02:46.001 [ASR] Saved outgoing ASR chunk: asr_20260522_080245_992_00023_english.wav chunk_s=2.50 rms=0.01989
2026-05-22 08:02:46.657 [client] BUFFER ms=1010 rms=0.003 peak=0.009
2026-05-22 08:02:47.678 [client] BUFFER ms=2030 rms=0.004 peak=0.011
2026-05-22 08:02:47.923 [client] MIC rms=0.004 peak=0.011 gain=8.00
2026-05-22 08:02:48.172 [client] SEND rms=0.025 silence_ratio=0.28 peak=0.137
2026-05-22 08:02:48.195 [ASR] Saved outgoing ASR chunk: asr_20260522_080248_189_00024_english.wav chunk_s=2.50 rms=0.02463
2026-05-22 08:02:48.240 [ASR] [ASR RESPONSE] id=asr-00015 status=0 error=Request timeout body=
2026-05-22 08:02:48.242 [ASR] asr-00015 POST /audio failed: Request timeout HTTP 0
2026-05-22 08:02:48.245 [ASR] [ASR ENTER SEND] mode=english_or_auto forcedLanguage=english recording=True samples=40000 rms=0.03030
2026-05-22 08:02:48.249 [client] SEND lang=english chunk_s=2.50 rms=0.030 silence_ratio=0.35
2026-05-22 08:02:48.251 [ASR] [ASR POST ATTEMPT] chunk_id=16 url=https://thedeezat-asr-hearing-impaired-api.hf.space/audio forcedLanguage=english samples=40000 sr=16000 chunk_s=2.50 rms=0.03030
2026-05-22 08:02:48.253 [ASR] [ASR SEND ATTEMPT] id=asr-00016 lang=english sr=16000 samples=40000 chunk_s=2.50 rms=0.02463 speech_ratio=0.239 voiced_ratio=0.970 bytes=160000 url=https://thedeezat-asr-hearing-impaired-api.hf.space/audio
2026-05-22 08:02:48.723 [client] BUFFER ms=860 rms=0.003 peak=0.008
2026-05-22 08:02:49.770 [client] BUFFER ms=1900 rms=0.002 peak=0.007
2026-05-22 08:02:49.958 [client] MIC rms=0.002 peak=0.007 gain=8.00
2026-05-22 08:02:50.443 [ASR] Saved outgoing ASR chunk: asr_20260522_080250_437_00025_english.wav chunk_s=2.50 rms=0.01972
2026-05-22 08:02:50.771 [client] BUFFER ms=740 rms=0.003 peak=0.008
2026-05-22 08:02:51.814 [client] BUFFER ms=1780 rms=0.002 peak=0.007
2026-05-22 08:02:52.014 [client] MIC rms=0.002 peak=0.007 gain=8.00
2026-05-22 08:02:52.604 [client] SEND rms=0.021 silence_ratio=0.30 peak=0.099
2026-05-22 08:02:52.626 [ASR] Saved outgoing ASR chunk: asr_20260522_080252_616_00026_english.wav chunk_s=2.50 rms=0.02062
2026-05-22 08:02:52.863 [client] BUFFER ms=620 rms=0.003 peak=0.009
2026-05-22 08:02:53.914 [client] BUFFER ms=1660 rms=0.004 peak=0.015
2026-05-22 08:02:54.024 [client] MIC rms=0.003 peak=0.010 gain=8.00
2026-05-22 08:02:54.844 [client] SEND rms=0.021 silence_ratio=0.31 peak=0.239
2026-05-22 08:02:54.878 [ASR] Saved outgoing ASR chunk: asr_20260522_080254_867_00027_english.wav chunk_s=2.50 rms=0.02108
2026-05-22 08:02:54.936 [client] BUFFER ms=500 rms=0.003 peak=0.010
2026-05-22 08:02:56.013 [client] BUFFER ms=1570 rms=0.003 peak=0.007
2026-05-22 08:02:56.071 [client] MIC rms=0.002 peak=0.008 gain=8.00
2026-05-22 08:02:56.310 [ASR] [ASR RESPONSE] id=asr-00016 status=0 error=Request timeout body=
2026-05-22 08:02:56.314 [ASR] asr-00016 POST /audio failed: Request timeout HTTP 0
2026-05-22 08:02:56.316 [ASR] [ASR ENTER SEND] mode=english_or_auto forcedLanguage=english recording=True samples=40000 rms=0.03800
2026-05-22 08:02:56.322 [client] SEND lang=english chunk_s=2.50 rms=0.038 silence_ratio=0.27
2026-05-22 08:02:56.323 [ASR] [ASR POST ATTEMPT] chunk_id=17 url=https://thedeezat-asr-hearing-impaired-api.hf.space/audio forcedLanguage=english samples=40000 sr=16000 chunk_s=2.50 rms=0.03800
2026-05-22 08:02:56.325 [ASR] [ASR SEND ATTEMPT] id=asr-00017 lang=english sr=16000 samples=40000 chunk_s=2.50 rms=0.02108 speech_ratio=0.168 voiced_ratio=0.859 bytes=160000 url=https://thedeezat-asr-hearing-impaired-api.hf.space/audio
2026-05-22 08:02:56.983 [client] SEND rms=0.020 silence_ratio=0.31 peak=0.124
2026-05-22 08:02:57.006 [ASR] Saved outgoing ASR chunk: asr_20260522_080256_994_00028_english.wav chunk_s=2.50 rms=0.02036
2026-05-22 08:02:57.063 [client] BUFFER ms=420 rms=0.002 peak=0.006
2026-05-22 08:02:58.119 [client] BUFFER ms=1480 rms=0.003 peak=0.009
2026-05-22 08:02:58.125 [client] MIC rms=0.003 peak=0.009 gain=8.00
2026-05-22 08:02:59.195 [client] BUFFER ms=2550 rms=0.003 peak=0.009
2026-05-22 08:02:59.233 [client] SEND rms=0.022 silence_ratio=0.29 peak=0.116
2026-05-22 08:02:59.256 [ASR] Saved outgoing ASR chunk: asr_20260522_080259_246_00029_english.wav chunk_s=2.50 rms=0.02156
2026-05-22 08:03:00.125 [client] MIC rms=0.002 peak=0.007 gain=8.00
2026-05-22 08:03:00.251 [client] BUFFER ms=1410 rms=0.002 peak=0.007
2026-05-22 08:03:01.309 [client] BUFFER ms=2460 rms=0.002 peak=0.006
2026-05-22 08:03:01.404 [client] SEND rms=0.020 silence_ratio=0.32 peak=0.274
2026-05-22 08:03:01.428 [ASR] Saved outgoing ASR chunk: asr_20260522_080301_422_00030_english.wav chunk_s=2.50 rms=0.02035
2026-05-22 08:03:02.164 [client] MIC rms=0.003 peak=0.009 gain=8.00
2026-05-22 08:03:02.337 [client] BUFFER ms=1260 rms=0.003 peak=0.010
2026-05-22 08:03:03.362 [client] BUFFER ms=2300 rms=0.002 peak=0.007
2026-05-22 08:03:03.568 [client] SEND rms=0.022 silence_ratio=0.31 peak=0.319
2026-05-22 08:03:03.594 [ASR] Saved outgoing ASR chunk: asr_20260522_080303_587_00031_english.wav chunk_s=2.50 rms=0.02220
2026-05-22 08:03:04.169 [client] MIC rms=0.003 peak=0.010 gain=8.00
2026-05-22 08:03:04.397 [ASR] [ASR RESPONSE] id=asr-00017 status=0 error=Request timeout body=
2026-05-22 08:03:04.400 [ASR] asr-00017 POST /audio failed: Request timeout HTTP 0
2026-05-22 08:03:04.403 [ASR] [ASR ENTER SEND] mode=english_or_auto forcedLanguage=english recording=True samples=40000 rms=0.02676
2026-05-22 08:03:04.407 [client] SEND lang=english chunk_s=2.50 rms=0.027 silence_ratio=0.32
2026-05-22 08:03:04.410 [ASR] [ASR POST ATTEMPT] chunk_id=18 url=https://thedeezat-asr-hearing-impaired-api.hf.space/audio forcedLanguage=english samples=40000 sr=16000 chunk_s=2.50 rms=0.02676
2026-05-22 08:03:04.412 [ASR] [ASR SEND ATTEMPT] id=asr-00018 lang=english sr=16000 samples=40000 chunk_s=2.50 rms=0.02220 speech_ratio=0.173 voiced_ratio=0.914 bytes=160000 url=https://thedeezat-asr-hearing-impaired-api.hf.space/audio
2026-05-22 08:03:04.417 [client] BUFFER ms=1180 rms=0.003 peak=0.009
2026-05-22 08:03:05.426 [client] BUFFER ms=2180 rms=0.002 peak=0.008
2026-05-22 08:03:05.804 [client] SEND rms=0.021 silence_ratio=0.30 peak=0.117
2026-05-22 08:03:05.831 [ASR] Saved outgoing ASR chunk: asr_20260522_080305_825_00032_english.wav chunk_s=2.50 rms=0.02100
2026-05-22 08:03:06.200 [client] MIC rms=0.002 peak=0.006 gain=8.00
2026-05-22 08:03:06.448 [client] BUFFER ms=1000 rms=0.002 peak=0.009
2026-05-22 08:03:07.465 [client] BUFFER ms=2010 rms=0.002 peak=0.007
2026-05-22 08:03:08.055 [ASR] Saved outgoing ASR chunk: asr_20260522_080308_043_00033_english.wav chunk_s=2.50 rms=0.01882
2026-05-22 08:03:08.246 [client] MIC rms=0.002 peak=0.007 gain=8.00
2026-05-22 08:03:08.480 [client] BUFFER ms=820 rms=0.002 peak=0.008
2026-05-22 08:03:09.489 [client] BUFFER ms=1860 rms=0.002 peak=0.006
2026-05-22 08:03:10.180 [ASR] Saved outgoing ASR chunk: asr_20260522_080310_169_00034_english.wav chunk_s=2.50 rms=0.01641
2026-05-22 08:03:10.299 [client] MIC rms=0.002 peak=0.007 gain=8.00
2026-05-22 08:03:10.530 [client] BUFFER ms=700 rms=0.002 peak=0.007
2026-05-22 08:03:10.643 [client] CLEAR reason=language_mode_change
2026-05-22 08:03:10.648 [ASR] Microphone capture stopped.
2026-05-22 08:03:12.377 [client] CLEAR reason=language_mode_change
2026-05-22 08:03:12.382 [ASR] Detected microphone devices: 0:Internal Microphone Array (Mixed Reality Audio Driver)
2026-05-22 08:03:12.384 [ASR] Using default microphone index 0: Internal Microphone Array (Mixed Reality Audio Driver)
2026-05-22 08:03:12.386 [ASR] Debug file logging enabled: U:/Users/ahmed.teca.kanadji911@stu.khas.edu.tr/AppData/Local/Packages/BootstrapNMT_pzq3xp76mxafg/LocalState\asr_debug.log
2026-05-22 08:03:12.388 [ASR] Microphone.Start device='Internal Microphone Array (Mixed Reality Audio Driver)' requestHz=16000 clipLen=30s
2026-05-22 08:03:12.416 [client] CLEAR reason=capture
2026-05-22 08:03:12.419 [ASR] GET https://thedeezat-asr-hearing-impaired-api.hf.space/health
2026-05-22 08:03:12.421 [ASR] Mic recording OK. clipHz=16000 → API float32 @16000Hz (matches X-Sample-Rate).
2026-05-22 08:03:12.424 [client] BUFFER ms=0 rms=0.000 peak=0.000
2026-05-22 08:03:12.427 [client] MIC rms=0.000 peak=0.000 gain=8.00
2026-05-22 08:03:12.430 [ASR] Capture waiting for IsRecording…
2026-05-22 08:03:12.435 [ASR] Microphone capture stopped.
2026-05-22 08:03:12.438 [client] CLEAR reason=language_mode_change
2026-05-22 08:03:12.441 [ASR] Detected microphone devices: 0:Internal Microphone Array (Mixed Reality Audio Driver)
2026-05-22 08:03:12.443 [ASR] Using default microphone index 0: Internal Microphone Array (Mixed Reality Audio Driver)
2026-05-22 08:03:12.445 [ASR] Debug file logging enabled: U:/Users/ahmed.teca.kanadji911@stu.khas.edu.tr/AppData/Local/Packages/BootstrapNMT_pzq3xp76mxafg/LocalState\asr_debug.log
2026-05-22 08:03:12.447 [ASR] Microphone.Start device='Internal Microphone Array (Mixed Reality Audio Driver)' requestHz=16000 clipLen=30s
2026-05-22 08:03:12.480 [client] CLEAR reason=capture
2026-05-22 08:03:12.483 [ASR] GET https://thedeezat-asr-hearing-impaired-api.hf.space/health
2026-05-22 08:03:12.485 [ASR] Mic recording OK. clipHz=16000 → API float32 @16000Hz (matches X-Sample-Rate).
2026-05-22 08:03:12.489 [client] BUFFER ms=0 rms=0.000 peak=0.000
2026-05-22 08:03:12.492 [client] MIC rms=0.000 peak=0.000 gain=8.00
2026-05-22 08:03:12.494 [ASR] Capture waiting for IsRecording…
2026-05-22 08:03:12.497 [client] CLEAR reason=language_mode_change
2026-05-22 08:03:12.502 [ASR] Microphone capture stopped.
2026-05-22 08:03:12.547 [ASR] [ASR RESPONSE] id=asr-00018 status=0 error=Request timeout body=
2026-05-22 08:03:12.549 [ASR] asr-00018 POST /audio failed: Request timeout HTTP 0
2026-05-22 08:03:13.476 [client] CLEAR reason=language_mode_change
2026-05-22 08:03:13.480 [ASR] Detected microphone devices: 0:Internal Microphone Array (Mixed Reality Audio Driver)
2026-05-22 08:03:13.483 [ASR] Using default microphone index 0: Internal Microphone Array (Mixed Reality Audio Driver)
2026-05-22 08:03:13.485 [ASR] Debug file logging enabled: U:/Users/ahmed.teca.kanadji911@stu.khas.edu.tr/AppData/Local/Packages/BootstrapNMT_pzq3xp76mxafg/LocalState\asr_debug.log
2026-05-22 08:03:13.488 [ASR] Microphone.Start device='Internal Microphone Array (Mixed Reality Audio Driver)' requestHz=16000 clipLen=30s
2026-05-22 08:03:13.523 [client] CLEAR reason=capture
2026-05-22 08:03:13.525 [ASR] GET https://thedeezat-asr-hearing-impaired-api.hf.space/health
2026-05-22 08:03:13.528 [ASR] Mic recording OK. clipHz=16000 → API float32 @16000Hz (matches X-Sample-Rate).
2026-05-22 08:03:13.532 [client] BUFFER ms=0 rms=0.000 peak=0.000
2026-05-22 08:03:13.534 [client] MIC rms=0.000 peak=0.000 gain=8.00
2026-05-22 08:03:13.536 [ASR] Capture waiting for IsRecording…
2026-05-22 08:03:13.543 [ASR] Microphone capture stopped.
2026-05-22 08:03:13.545 [client] CLEAR reason=language_mode_change
2026-05-22 08:03:13.549 [ASR] Detected microphone devices: 0:Internal Microphone Array (Mixed Reality Audio Driver)
2026-05-22 08:03:13.551 [ASR] Using default microphone index 0: Internal Microphone Array (Mixed Reality Audio Driver)
2026-05-22 08:03:13.553 [ASR] Debug file logging enabled: U:/Users/ahmed.teca.kanadji911@stu.khas.edu.tr/AppData/Local/Packages/BootstrapNMT_pzq3xp76mxafg/LocalState\asr_debug.log
2026-05-22 08:03:13.555 [ASR] Microphone.Start device='Internal Microphone Array (Mixed Reality Audio Driver)' requestHz=16000 clipLen=30s
2026-05-22 08:03:13.583 [client] CLEAR reason=capture
2026-05-22 08:03:13.586 [ASR] GET https://thedeezat-asr-hearing-impaired-api.hf.space/health
2026-05-22 08:03:13.588 [ASR] Mic recording OK. clipHz=16000 → API float32 @16000Hz (matches X-Sample-Rate).
2026-05-22 08:03:13.592 [client] BUFFER ms=0 rms=0.000 peak=0.000
2026-05-22 08:03:13.594 [client] MIC rms=0.000 peak=0.000 gain=8.00
2026-05-22 08:03:13.597 [ASR] Capture waiting for IsRecording…
2026-05-22 08:03:13.599 [client] CLEAR reason=language_mode_change
2026-05-22 08:03:13.603 [ASR] Microphone capture stopped.
2026-05-22 08:03:14.575 [client] CLEAR reason=language_mode_change
2026-05-22 08:03:14.580 [ASR] Detected microphone devices: 0:Internal Microphone Array (Mixed Reality Audio Driver)
2026-05-22 08:03:14.582 [ASR] Using default microphone index 0: Internal Microphone Array (Mixed Reality Audio Driver)
2026-05-22 08:03:14.584 [ASR] Debug file logging enabled: U:/Users/ahmed.teca.kanadji911@stu.khas.edu.tr/AppData/Local/Packages/BootstrapNMT_pzq3xp76mxafg/LocalState\asr_debug.log
2026-05-22 08:03:14.585 [ASR] Microphone.Start device='Internal Microphone Array (Mixed Reality Audio Driver)' requestHz=16000 clipLen=30s
2026-05-22 08:03:14.620 [client] CLEAR reason=capture
2026-05-22 08:03:14.623 [ASR] GET https://thedeezat-asr-hearing-impaired-api.hf.space/health
2026-05-22 08:03:14.625 [ASR] Mic recording OK. clipHz=16000 → API float32 @16000Hz (matches X-Sample-Rate).
2026-05-22 08:03:14.628 [client] BUFFER ms=0 rms=0.000 peak=0.000
2026-05-22 08:03:14.631 [client] MIC rms=0.000 peak=0.000 gain=8.00
2026-05-22 08:03:14.633 [ASR] Capture waiting for IsRecording…
2026-05-22 08:03:14.640 [ASR] Microphone capture stopped.
2026-05-22 08:03:14.643 [client] CLEAR reason=language_mode_change
2026-05-22 08:03:14.647 [ASR] Detected microphone devices: 0:Internal Microphone Array (Mixed Reality Audio Driver)
2026-05-22 08:03:14.649 [ASR] Using default microphone index 0: Internal Microphone Array (Mixed Reality Audio Driver)
2026-05-22 08:03:14.651 [ASR] Debug file logging enabled: U:/Users/ahmed.teca.kanadji911@stu.khas.edu.tr/AppData/Local/Packages/BootstrapNMT_pzq3xp76mxafg/LocalState\asr_debug.log
2026-05-22 08:03:14.653 [ASR] Microphone.Start device='Internal Microphone Array (Mixed Reality Audio Driver)' requestHz=16000 clipLen=30s
2026-05-22 08:03:14.683 [client] CLEAR reason=capture
2026-05-22 08:03:14.686 [ASR] GET https://thedeezat-asr-hearing-impaired-api.hf.space/health
2026-05-22 08:03:14.689 [ASR] Mic recording OK. clipHz=16000 → API float32 @16000Hz (matches X-Sample-Rate).
2026-05-22 08:03:14.692 [client] BUFFER ms=0 rms=0.000 peak=0.000
2026-05-22 08:03:14.695 [client] MIC rms=0.000 peak=0.000 gain=8.00
2026-05-22 08:03:14.698 [ASR] Capture waiting for IsRecording…
2026-05-22 08:03:14.700 [client] CLEAR reason=language_mode_change
2026-05-22 08:03:14.704 [ASR] Microphone capture stopped.
2026-05-22 08:03:16.417 [client] CLEAR reason=language_mode_change
2026-05-22 08:03:16.423 [ASR] Detected microphone devices: 0:Internal Microphone Array (Mixed Reality Audio Driver)
2026-05-22 08:03:16.425 [ASR] Using default microphone index 0: Internal Microphone Array (Mixed Reality Audio Driver)
2026-05-22 08:03:16.427 [ASR] Debug file logging enabled: U:/Users/ahmed.teca.kanadji911@stu.khas.edu.tr/AppData/Local/Packages/BootstrapNMT_pzq3xp76mxafg/LocalState\asr_debug.log
2026-05-22 08:03:16.430 [ASR] Microphone.Start device='Internal Microphone Array (Mixed Reality Audio Driver)' requestHz=16000 clipLen=30s
2026-05-22 08:03:16.466 [client] CLEAR reason=capture
2026-05-22 08:03:16.470 [ASR] GET https://thedeezat-asr-hearing-impaired-api.hf.space/health
2026-05-22 08:03:16.473 [ASR] Mic recording OK. clipHz=16000 → API float32 @16000Hz (matches X-Sample-Rate).
2026-05-22 08:03:16.476 [client] BUFFER ms=0 rms=0.000 peak=0.000
2026-05-22 08:03:16.479 [client] MIC rms=0.000 peak=0.000 gain=8.00
2026-05-22 08:03:16.482 [ASR] Capture waiting for IsRecording…
2026-05-22 08:03:16.489 [ASR] Microphone capture stopped.
2026-05-22 08:03:16.491 [client] CLEAR reason=language_mode_change
2026-05-22 08:03:16.495 [ASR] Detected microphone devices: 0:Internal Microphone Array (Mixed Reality Audio Driver)
2026-05-22 08:03:16.497 [ASR] Using default microphone index 0: Internal Microphone Array (Mixed Reality Audio Driver)
2026-05-22 08:03:16.499 [ASR] Debug file logging enabled: U:/Users/ahmed.teca.kanadji911@stu.khas.edu.tr/AppData/Local/Packages/BootstrapNMT_pzq3xp76mxafg/LocalState\asr_debug.log
2026-05-22 08:03:16.501 [ASR] Microphone.Start device='Internal Microphone Array (Mixed Reality Audio Driver)' requestHz=16000 clipLen=30s
2026-05-22 08:03:16.543 [client] CLEAR reason=capture
2026-05-22 08:03:16.546 [ASR] GET https://thedeezat-asr-hearing-impaired-api.hf.space/health
2026-05-22 08:03:16.549 [ASR] Mic recording OK. clipHz=16000 → API float32 @16000Hz (matches X-Sample-Rate).
2026-05-22 08:03:16.552 [client] BUFFER ms=0 rms=0.000 peak=0.000
2026-05-22 08:03:16.556 [client] MIC rms=0.000 peak=0.000 gain=8.00
2026-05-22 08:03:16.559 [ASR] Capture waiting for IsRecording…
2026-05-22 08:03:16.561 [client] CLEAR reason=manual
2026-05-22 08:03:17.571 [client] BUFFER ms=1020 rms=0.002 peak=0.008
2026-05-22 08:03:18.414 [client] CLEAR reason=language_mode_change
2026-05-22 08:03:18.423 [ASR] Microphone capture stopped.
2026-05-22 08:03:18.431 [client] CLEAR reason=language_mode_change
2026-05-22 08:03:18.441 [ASR] Detected microphone devices: 0:Internal Microphone Array (Mixed Reality Audio Driver)
2026-05-22 08:03:18.444 [ASR] Using default microphone index 0: Internal Microphone Array (Mixed Reality Audio Driver)
2026-05-22 08:03:18.452 [ASR] Debug file logging enabled: U:/Users/ahmed.teca.kanadji911@stu.khas.edu.tr/AppData/Local/Packages/BootstrapNMT_pzq3xp76mxafg/LocalState\asr_debug.log
2026-05-22 08:03:18.455 [ASR] Microphone.Start device='Internal Microphone Array (Mixed Reality Audio Driver)' requestHz=16000 clipLen=30s
2026-05-22 08:03:18.494 [client] CLEAR reason=capture
2026-05-22 08:03:18.497 [ASR] GET https://thedeezat-asr-hearing-impaired-api.hf.space/health
2026-05-22 08:03:18.499 [ASR] Mic recording OK. clipHz=16000 → API float32 @16000Hz (matches X-Sample-Rate).
2026-05-22 08:03:18.503 [client] BUFFER ms=0 rms=0.000 peak=0.000
2026-05-22 08:03:18.505 [client] MIC rms=0.000 peak=0.000 gain=8.00
2026-05-22 08:03:18.508 [ASR] Capture waiting for IsRecording…
2026-05-22 08:03:19.511 [client] BUFFER ms=1000 rms=0.002 peak=0.006
2026-05-22 08:03:20.536 [client] BUFFER ms=2020 rms=0.002 peak=0.006
2026-05-22 08:03:20.540 [client] MIC rms=0.002 peak=0.006 gain=8.00
2026-05-22 08:03:21.100 [client] DROP_SILENCE silence_ratio=0.84 rms=0.006 peak=0.027
2026-05-22 08:03:21.575 [client] BUFFER ms=860 rms=0.002 peak=0.006
2026-05-22 08:03:22.024 [ASR] Microphone capture stopped.
2026-05-22 08:03:22.027 [client] CLEAR reason=language_mode_change
2026-05-22 08:03:22.031 [ASR] Detected microphone devices: 0:Internal Microphone Array (Mixed Reality Audio Driver)
2026-05-22 08:03:22.034 [ASR] Using default microphone index 0: Internal Microphone Array (Mixed Reality Audio Driver)
2026-05-22 08:03:22.035 [ASR] Debug file logging enabled: U:/Users/ahmed.teca.kanadji911@stu.khas.edu.tr/AppData/Local/Packages/BootstrapNMT_pzq3xp76mxafg/LocalState\asr_debug.log
2026-05-22 08:03:22.038 [ASR] Microphone.Start device='Internal Microphone Array (Mixed Reality Audio Driver)' requestHz=16000 clipLen=30s
2026-05-22 08:03:22.082 [client] CLEAR reason=capture
2026-05-22 08:03:22.085 [ASR] GET https://thedeezat-asr-hearing-impaired-api.hf.space/health
2026-05-22 08:03:22.087 [ASR] Mic recording OK. clipHz=16000 → API float32 @16000Hz (matches X-Sample-Rate).
2026-05-22 08:03:22.090 [client] BUFFER ms=0 rms=0.000 peak=0.000
2026-05-22 08:03:22.093 [client] MIC rms=0.000 peak=0.000 gain=3.25
2026-05-22 08:03:22.095 [ASR] Capture waiting for IsRecording…
2026-05-22 08:03:22.097 [client] CLEAR reason=language_mode_change
2026-05-22 08:03:22.101 [ASR] Microphone capture stopped.
2026-05-22 08:03:23.551 [client] CLEAR reason=language_mode_change
2026-05-22 08:03:23.557 [ASR] Detected microphone devices: 0:Internal Microphone Array (Mixed Reality Audio Driver)
2026-05-22 08:03:23.559 [ASR] Using default microphone index 0: Internal Microphone Array (Mixed Reality Audio Driver)
2026-05-22 08:03:23.561 [ASR] Debug file logging enabled: U:/Users/ahmed.teca.kanadji911@stu.khas.edu.tr/AppData/Local/Packages/BootstrapNMT_pzq3xp76mxafg/LocalState\asr_debug.log
2026-05-22 08:03:23.563 [ASR] Microphone.Start device='Internal Microphone Array (Mixed Reality Audio Driver)' requestHz=16000 clipLen=30s
2026-05-22 08:03:23.602 [client] CLEAR reason=capture
2026-05-22 08:03:23.605 [ASR] GET https://thedeezat-asr-hearing-impaired-api.hf.space/health
2026-05-22 08:03:23.609 [ASR] Mic recording OK. clipHz=16000 → API float32 @16000Hz (matches X-Sample-Rate).
2026-05-22 08:03:23.612 [client] BUFFER ms=0 rms=0.000 peak=0.000
2026-05-22 08:03:23.615 [client] MIC rms=0.000 peak=0.000 gain=3.25
2026-05-22 08:03:23.618 [ASR] Capture waiting for IsRecording…
2026-05-22 08:03:23.624 [ASR] Microphone capture stopped.
2026-05-22 08:03:23.626 [client] CLEAR reason=language_mode_change
2026-05-22 08:03:23.631 [ASR] Detected microphone devices: 0:Internal Microphone Array (Mixed Reality Audio Driver)
2026-05-22 08:03:23.633 [ASR] Using default microphone index 0: Internal Microphone Array (Mixed Reality Audio Driver)
2026-05-22 08:03:23.635 [ASR] Debug file logging enabled: U:/Users/ahmed.teca.kanadji911@stu.khas.edu.tr/AppData/Local/Packages/BootstrapNMT_pzq3xp76mxafg/LocalState\asr_debug.log
2026-05-22 08:03:23.637 [ASR] Microphone.Start device='Internal Microphone Array (Mixed Reality Audio Driver)' requestHz=16000 clipLen=30s
2026-05-22 08:03:23.682 [client] CLEAR reason=capture
2026-05-22 08:03:23.685 [ASR] GET https://thedeezat-asr-hearing-impaired-api.hf.space/health
2026-05-22 08:03:23.687 [ASR] Mic recording OK. clipHz=16000 → API float32 @16000Hz (matches X-Sample-Rate).
2026-05-22 08:03:23.692 [client] BUFFER ms=20 rms=0.002 peak=0.006
2026-05-22 08:03:23.695 [client] MIC rms=0.002 peak=0.006 gain=3.25
2026-05-22 08:03:23.698 [ASR] Capture waiting for IsRecording…
2026-05-22 08:03:23.700 [client] CLEAR reason=language_mode_change
2026-05-22 08:03:23.704 [ASR] Microphone capture stopped.
2026-05-22 08:03:24.823 [client] CLEAR reason=language_mode_change
2026-05-22 08:03:24.831 [ASR] Detected microphone devices: 0:Internal Microphone Array (Mixed Reality Audio Driver)
2026-05-22 08:03:24.834 [ASR] Using default microphone index 0: Internal Microphone Array (Mixed Reality Audio Driver)
2026-05-22 08:03:24.837 [ASR] Debug file logging enabled: U:/Users/ahmed.teca.kanadji911@stu.khas.edu.tr/AppData/Local/Packages/BootstrapNMT_pzq3xp76mxafg/LocalState\asr_debug.log
2026-05-22 08:03:24.840 [ASR] Microphone.Start device='Internal Microphone Array (Mixed Reality Audio Driver)' requestHz=16000 clipLen=30s
2026-05-22 08:03:24.884 [client] CLEAR reason=capture
2026-05-22 08:03:24.889 [ASR] GET https://thedeezat-asr-hearing-impaired-api.hf.space/health
2026-05-22 08:03:24.893 [ASR] Mic recording OK. clipHz=16000 → API float32 @16000Hz (matches X-Sample-Rate).
2026-05-22 08:03:24.899 [client] BUFFER ms=0 rms=0.000 peak=0.000
2026-05-22 08:03:24.903 [client] MIC rms=0.000 peak=0.000 gain=3.25
2026-05-22 08:03:24.905 [ASR] Capture waiting for IsRecording…
2026-05-22 08:03:24.916 [ASR] Microphone capture stopped.
2026-05-22 08:03:24.921 [client] CLEAR reason=language_mode_change
2026-05-22 08:03:24.927 [ASR] Detected microphone devices: 0:Internal Microphone Array (Mixed Reality Audio Driver)
2026-05-22 08:03:24.930 [ASR] Using default microphone index 0: Internal Microphone Array (Mixed Reality Audio Driver)
2026-05-22 08:03:24.933 [ASR] Debug file logging enabled: U:/Users/ahmed.teca.kanadji911@stu.khas.edu.tr/AppData/Local/Packages/BootstrapNMT_pzq3xp76mxafg/LocalState\asr_debug.log
2026-05-22 08:03:24.935 [ASR] Microphone.Start device='Internal Microphone Array (Mixed Reality Audio Driver)' requestHz=16000 clipLen=30s
2026-05-22 08:03:24.972 [client] CLEAR reason=capture
2026-05-22 08:03:24.976 [ASR] GET https://thedeezat-asr-hearing-impaired-api.hf.space/health
2026-05-22 08:03:24.980 [ASR] Mic recording OK. clipHz=16000 → API float32 @16000Hz (matches X-Sample-Rate).
2026-05-22 08:03:24.985 [client] BUFFER ms=0 rms=0.000 peak=0.000
2026-05-22 08:03:24.991 [client] MIC rms=0.000 peak=0.000 gain=3.25
2026-05-22 08:03:24.995 [ASR] Capture waiting for IsRecording…
2026-05-22 08:03:24.998 [client] CLEAR reason=manual
2026-05-22 08:03:26.016 [client] CLEAR reason=language_mode_change
2026-05-22 08:03:26.026 [ASR] Microphone capture stopped.
2026-05-22 08:03:26.032 [client] CLEAR reason=manual
2026-05-22 08:03:26.034 [client] CLEAR reason=language_mode_change
2026-05-22 08:03:26.039 [ASR] Detected microphone devices: 0:Internal Microphone Array (Mixed Reality Audio Driver)
2026-05-22 08:03:26.042 [ASR] Using default microphone index 0: Internal Microphone Array (Mixed Reality Audio Driver)
2026-05-22 08:03:26.043 [ASR] Debug file logging enabled: U:/Users/ahmed.teca.kanadji911@stu.khas.edu.tr/AppData/Local/Packages/BootstrapNMT_pzq3xp76mxafg/LocalState\asr_debug.log
2026-05-22 08:03:26.046 [ASR] Microphone.Start device='Internal Microphone Array (Mixed Reality Audio Driver)' requestHz=16000 clipLen=30s
2026-05-22 08:03:26.081 [client] CLEAR reason=capture
2026-05-22 08:03:26.084 [ASR] GET https://thedeezat-asr-hearing-impaired-api.hf.space/health
2026-05-22 08:03:26.086 [ASR] Mic recording OK. clipHz=16000 → API float32 @16000Hz (matches X-Sample-Rate).
2026-05-22 08:03:26.090 [client] BUFFER ms=0 rms=0.000 peak=0.000
2026-05-22 08:03:26.093 [client] MIC rms=0.000 peak=0.000 gain=3.25
2026-05-22 08:03:26.095 [ASR] Capture waiting for IsRecording…
2026-05-22 08:03:27.138 [client] BUFFER ms=1020 rms=0.002 peak=0.009
2026-05-22 08:03:28.096 [client] MIC rms=0.002 peak=0.007 gain=3.25
2026-05-22 08:03:28.154 [client] BUFFER ms=2040 rms=0.002 peak=0.008
2026-05-22 08:03:28.449 [client] CLEAR reason=language_mode_change
2026-05-22 08:03:28.457 [ASR] Microphone capture stopped.
2026-05-22 08:03:28.463 [client] CLEAR reason=manual
2026-05-22 08:03:28.467 [client] CLEAR reason=manual
2026-05-22 08:03:29.854 [client] CLEAR reason=manual
2026-05-22 08:03:29.861 [client] CLEAR reason=manual
2026-05-22 08:03:29.864 [client] CLEAR reason=language_mode_change
2026-05-22 08:03:29.867 [ASR] Detected microphone devices: 0:Internal Microphone Array (Mixed Reality Audio Driver)
2026-05-22 08:03:29.869 [ASR] Using default microphone index 0: Internal Microphone Array (Mixed Reality Audio Driver)
2026-05-22 08:03:29.871 [ASR] Debug file logging enabled: U:/Users/ahmed.teca.kanadji911@stu.khas.edu.tr/AppData/Local/Packages/BootstrapNMT_pzq3xp76mxafg/LocalState\asr_debug.log
2026-05-22 08:03:29.873 [ASR] Microphone.Start device='Internal Microphone Array (Mixed Reality Audio Driver)' requestHz=16000 clipLen=30s
2026-05-22 08:03:29.902 [client] CLEAR reason=capture
2026-05-22 08:03:29.905 [ASR] GET https://thedeezat-asr-hearing-impaired-api.hf.space/health
2026-05-22 08:03:29.908 [ASR] Mic recording OK. clipHz=16000 → API float32 @16000Hz (matches X-Sample-Rate).
2026-05-22 08:03:29.912 [client] BUFFER ms=0 rms=0.000 peak=0.000
2026-05-22 08:03:29.914 [client] MIC rms=0.000 peak=0.000 gain=3.25
2026-05-22 08:03:29.917 [ASR] Capture waiting for IsRecording…
2026-05-22 08:03:29.921 [client] CLEAR reason=language_mode_change
2026-05-22 08:03:29.927 [ASR] Microphone capture stopped.
2026-05-22 08:03:31.097 [client] CLEAR reason=manual
2026-05-22 08:03:31.100 [client] CLEAR reason=language_mode_change
2026-05-22 08:03:31.104 [ASR] Detected microphone devices: 0:Internal Microphone Array (Mixed Reality Audio Driver)
2026-05-22 08:03:31.107 [ASR] Using default microphone index 0: Internal Microphone Array (Mixed Reality Audio Driver)
2026-05-22 08:03:31.109 [ASR] Debug file logging enabled: U:/Users/ahmed.teca.kanadji911@stu.khas.edu.tr/AppData/Local/Packages/BootstrapNMT_pzq3xp76mxafg/LocalState\asr_debug.log
2026-05-22 08:03:31.112 [ASR] Microphone.Start device='Internal Microphone Array (Mixed Reality Audio Driver)' requestHz=16000 clipLen=30s
2026-05-22 08:03:31.151 [client] CLEAR reason=capture
2026-05-22 08:03:31.154 [ASR] GET https://thedeezat-asr-hearing-impaired-api.hf.space/health
2026-05-22 08:03:31.156 [ASR] Mic recording OK. clipHz=16000 → API float32 @16000Hz (matches X-Sample-Rate).
2026-05-22 08:03:31.159 [client] BUFFER ms=0 rms=0.000 peak=0.000
2026-05-22 08:03:31.162 [client] MIC rms=0.000 peak=0.000 gain=3.25
2026-05-22 08:03:31.164 [ASR] Capture waiting for IsRecording…
2026-05-22 08:03:31.169 [client] CLEAR reason=language_mode_change
2026-05-22 08:03:31.175 [ASR] Microphone capture stopped.
2026-05-22 08:03:31.799 [client] CLEAR reason=manual
2026-05-22 08:03:31.802 [client] CLEAR reason=language_mode_change
2026-05-22 08:03:31.807 [ASR] Detected microphone devices: 0:Internal Microphone Array (Mixed Reality Audio Driver)
2026-05-22 08:03:31.809 [ASR] Using default microphone index 0: Internal Microphone Array (Mixed Reality Audio Driver)
2026-05-22 08:03:31.811 [ASR] Debug file logging enabled: U:/Users/ahmed.teca.kanadji911@stu.khas.edu.tr/AppData/Local/Packages/BootstrapNMT_pzq3xp76mxafg/LocalState\asr_debug.log
2026-05-22 08:03:31.813 [ASR] Microphone.Start device='Internal Microphone Array (Mixed Reality Audio Driver)' requestHz=16000 clipLen=30s
2026-05-22 08:03:31.850 [client] CLEAR reason=capture
2026-05-22 08:03:31.853 [ASR] GET https://thedeezat-asr-hearing-impaired-api.hf.space/health
2026-05-22 08:03:31.856 [ASR] Mic recording OK. clipHz=16000 → API float32 @16000Hz (matches X-Sample-Rate).
2026-05-22 08:03:31.859 [client] BUFFER ms=0 rms=0.000 peak=0.000
2026-05-22 08:03:31.862 [client] MIC rms=0.000 peak=0.000 gain=3.25
2026-05-22 08:03:31.865 [ASR] Capture waiting for IsRecording…
2026-05-22 08:03:31.871 [client] CLEAR reason=manual
2026-05-22 08:03:31.877 [ASR] Microphone capture stopped.
2026-05-22 08:03:37.500 [ASR] /health failed: Request timeout code=0
2026-05-22 08:03:37.573 [ASR] /health failed: Request timeout code=0
2026-05-22 08:03:38.589 [ASR] /health failed: Request timeout code=0
2026-05-22 08:03:38.599 [client] CLEAR reason=manual
2026-05-22 08:03:38.768 [client] CLEAR reason=language_mode_change
2026-05-22 08:03:38.774 [ASR] Detected microphone devices: 0:Internal Microphone Array (Mixed Reality Audio Driver)
2026-05-22 08:03:38.777 [ASR] Using default microphone index 0: Internal Microphone Array (Mixed Reality Audio Driver)
2026-05-22 08:03:38.779 [ASR] Debug file logging enabled: U:/Users/ahmed.teca.kanadji911@stu.khas.edu.tr/AppData/Local/Packages/BootstrapNMT_pzq3xp76mxafg/LocalState\asr_debug.log
2026-05-22 08:03:38.781 [ASR] Microphone.Start device='Internal Microphone Array (Mixed Reality Audio Driver)' requestHz=16000 clipLen=30s
2026-05-22 08:03:39.124 [client] CLEAR reason=capture
2026-05-22 08:03:39.126 [ASR] GET https://thedeezat-asr-hearing-impaired-api.hf.space/health
2026-05-22 08:03:39.130 [ASR] Mic recording OK. clipHz=16000 → API float32 @16000Hz (matches X-Sample-Rate).
2026-05-22 08:03:39.134 [client] BUFFER ms=0 rms=0.000 peak=0.000
2026-05-22 08:03:39.136 [client] MIC rms=0.000 peak=0.000 gain=3.25
2026-05-22 08:03:39.138 [ASR] Capture waiting for IsRecording…
2026-05-22 08:03:39.146 [ASR] Microphone capture stopped.
2026-05-22 08:03:39.149 [client] CLEAR reason=language_mode_change
2026-05-22 08:03:39.153 [ASR] Detected microphone devices: 0:Internal Microphone Array (Mixed Reality Audio Driver)
2026-05-22 08:03:39.155 [ASR] Using default microphone index 0: Internal Microphone Array (Mixed Reality Audio Driver)
2026-05-22 08:03:39.157 [ASR] Debug file logging enabled: U:/Users/ahmed.teca.kanadji911@stu.khas.edu.tr/AppData/Local/Packages/BootstrapNMT_pzq3xp76mxafg/LocalState\asr_debug.log
2026-05-22 08:03:39.158 [ASR] Microphone.Start device='Internal Microphone Array (Mixed Reality Audio Driver)' requestHz=16000 clipLen=30s
2026-05-22 08:03:39.201 [client] CLEAR reason=capture
2026-05-22 08:03:39.204 [ASR] GET https://thedeezat-asr-hearing-impaired-api.hf.space/health
2026-05-22 08:03:39.207 [ASR] Mic recording OK. clipHz=16000 → API float32 @16000Hz (matches X-Sample-Rate).
2026-05-22 08:03:39.216 [client] BUFFER ms=0 rms=0.000 peak=0.000
2026-05-22 08:03:39.219 [client] MIC rms=0.000 peak=0.000 gain=3.25
2026-05-22 08:03:39.222 [ASR] Capture waiting for IsRecording…
2026-05-22 08:03:39.224 [client] CLEAR reason=language_mode_change
2026-05-22 08:03:39.230 [ASR] Microphone capture stopped.
2026-05-22 08:03:39.281 [ASR] /health failed: Request timeout code=0
2026-05-22 08:03:39.641 [ASR] /health failed: Request timeout code=0
2026-05-22 08:03:39.704 [ASR] /health failed: Request timeout code=0
2026-05-22 08:03:40.578 [client] CLEAR reason=language_mode_change
2026-05-22 08:03:40.585 [ASR] Detected microphone devices: 0:Internal Microphone Array (Mixed Reality Audio Driver)
2026-05-22 08:03:40.588 [ASR] Using default microphone index 0: Internal Microphone Array (Mixed Reality Audio Driver)
2026-05-22 08:03:40.590 [ASR] Debug file logging enabled: U:/Users/ahmed.teca.kanadji911@stu.khas.edu.tr/AppData/Local/Packages/BootstrapNMT_pzq3xp76mxafg/LocalState\asr_debug.log
2026-05-22 08:03:40.592 [ASR] Microphone.Start device='Internal Microphone Array (Mixed Reality Audio Driver)' requestHz=16000 clipLen=30s
2026-05-22 08:03:40.622 [client] CLEAR reason=capture
2026-05-22 08:03:40.625 [ASR] GET https://thedeezat-asr-hearing-impaired-api.hf.space/health
2026-05-22 08:03:40.627 [ASR] Mic recording OK. clipHz=16000 → API float32 @16000Hz (matches X-Sample-Rate).
2026-05-22 08:03:40.631 [client] BUFFER ms=0 rms=0.000 peak=0.000
2026-05-22 08:03:40.633 [client] MIC rms=0.000 peak=0.000 gain=3.25
2026-05-22 08:03:40.635 [ASR] Capture waiting for IsRecording…
2026-05-22 08:03:40.643 [ASR] Microphone capture stopped.
2026-05-22 08:03:40.646 [client] CLEAR reason=language_mode_change
2026-05-22 08:03:40.650 [ASR] Detected microphone devices: 0:Internal Microphone Array (Mixed Reality Audio Driver)
2026-05-22 08:03:40.652 [ASR] Using default microphone index 0: Internal Microphone Array (Mixed Reality Audio Driver)
2026-05-22 08:03:40.654 [ASR] Debug file logging enabled: U:/Users/ahmed.teca.kanadji911@stu.khas.edu.tr/AppData/Local/Packages/BootstrapNMT_pzq3xp76mxafg/LocalState\asr_debug.log
2026-05-22 08:03:40.656 [ASR] Microphone.Start device='Internal Microphone Array (Mixed Reality Audio Driver)' requestHz=16000 clipLen=30s
2026-05-22 08:03:40.685 [client] CLEAR reason=capture
2026-05-22 08:03:40.688 [ASR] GET https://thedeezat-asr-hearing-impaired-api.hf.space/health
2026-05-22 08:03:40.691 [ASR] Mic recording OK. clipHz=16000 → API float32 @16000Hz (matches X-Sample-Rate).
2026-05-22 08:03:40.695 [client] BUFFER ms=0 rms=0.000 peak=0.000
2026-05-22 08:03:40.698 [client] MIC rms=0.000 peak=0.000 gain=3.25
2026-05-22 08:03:40.700 [ASR] Capture waiting for IsRecording…
2026-05-22 08:03:40.702 [client] CLEAR reason=manual
2026-05-22 08:03:41.527 [ASR] /health failed: Request timeout code=0
2026-05-22 08:03:41.589 [ASR] /health failed: Request timeout code=0
2026-05-22 08:03:41.766 [client] BUFFER ms=1020 rms=0.003 peak=0.008
2026-05-22 08:03:42.755 [client] MIC rms=0.003 peak=0.009 gain=3.25
2026-05-22 08:03:42.815 [client] BUFFER ms=2090 rms=0.003 peak=0.009
2026-05-22 08:03:43.332 [ASR] Saved outgoing ASR chunk: asr_20260522_080343_325_00035_english.wav chunk_s=2.50 rms=0.01955
2026-05-22 08:03:43.333 [ASR] POST /audio first chunk: 160000 bytes (40000 float32 LE mono)
2026-05-22 08:03:43.335 [ASR] [ASR ENTER SEND] mode=english_or_auto forcedLanguage=english recording=True samples=40000 rms=0.01955
2026-05-22 08:03:43.337 [client] SEND lang=english chunk_s=2.50 rms=0.020 silence_ratio=0.33
2026-05-22 08:03:43.339 [ASR] [ASR POST ATTEMPT] chunk_id=1 url=https://thedeezat-asr-hearing-impaired-api.hf.space/audio forcedLanguage=english samples=40000 sr=16000 chunk_s=2.50 rms=0.01955
2026-05-22 08:03:43.340 [ASR] [ASR SEND ATTEMPT] id=asr-00001 lang=english sr=16000 samples=40000 chunk_s=2.50 rms=0.01955 speech_ratio=0.146 voiced_ratio=0.944 bytes=160000 url=https://thedeezat-asr-hearing-impaired-api.hf.space/audio
2026-05-22 08:03:43.564 [ASR] /health failed: Request timeout code=0
2026-05-22 08:03:43.815 [client] BUFFER ms=900 rms=0.002 peak=0.008
2026-05-22 08:03:44.776 [client] MIC rms=0.020 peak=0.050 gain=8.00
2026-05-22 08:03:44.847 [client] BUFFER ms=1900 rms=0.025 peak=0.051
2026-05-22 08:03:45.500 [client] SEND rms=0.038 silence_ratio=0.54 peak=0.254
2026-05-22 08:03:45.520 [ASR] Saved outgoing ASR chunk: asr_20260522_080345_510_00036_english.wav chunk_s=2.50 rms=0.03800
2026-05-22 08:03:45.859 [client] BUFFER ms=730 rms=0.020 peak=0.055
2026-05-22 08:03:46.779 [client] MIC rms=0.012 peak=0.024 gain=3.26
2026-05-22 08:03:46.896 [client] BUFFER ms=1740 rms=0.006 peak=0.016
2026-05-22 08:03:47.117 [ASR] /health failed: Request timeout code=0
2026-05-22 08:03:47.674 [client] SEND rms=0.038 silence_ratio=0.29 peak=0.215
2026-05-22 08:03:47.691 [ASR] Saved outgoing ASR chunk: asr_20260522_080347_685_00037_english.wav chunk_s=2.50 rms=0.03800
2026-05-22 08:03:47.914 [client] BUFFER ms=590 rms=0.017 peak=0.045
2026-05-22 08:03:48.662 [ASR] /health failed: Request timeout code=0
2026-05-22 08:03:48.714 [ASR] /health failed: Request timeout code=0
2026-05-22 08:03:48.825 [client] MIC rms=0.016 peak=0.035 gain=2.75
2026-05-22 08:03:48.943 [client] BUFFER ms=1620 rms=0.014 peak=0.028
2026-05-22 08:03:49.881 [client] SEND rms=0.038 silence_ratio=0.25 peak=0.196
2026-05-22 08:03:49.899 [ASR] Saved outgoing ASR chunk: asr_20260522_080349_892_00038_english.wav chunk_s=2.50 rms=0.03800
2026-05-22 08:03:49.949 [ASR] /health failed: Request timeout code=0
2026-05-22 08:03:49.962 [client] BUFFER ms=410 rms=0.005 peak=0.014
2026-05-22 08:03:50.014 [ASR] /health failed: Request timeout code=0
2026-05-22 08:03:50.864 [client] MIC rms=0.003 peak=0.007 gain=2.78
2026-05-22 08:03:50.970 [client] BUFFER ms=1420 rms=0.002 peak=0.007
2026-05-22 08:03:51.125 [ASR] /health failed: Request timeout code=0
2026-05-22 08:03:51.403 [ASR] [ASR RESPONSE] id=asr-00001 status=0 error=Request timeout body=
2026-05-22 08:03:51.406 [ASR] asr-00001 POST /audio failed: Request timeout HTTP 0
2026-05-22 08:03:51.410 [ASR] [ASR ENTER SEND] mode=english_or_auto forcedLanguage=english recording=True samples=40000 rms=0.03800
2026-05-22 08:03:51.412 [client] SEND lang=english chunk_s=2.50 rms=0.038 silence_ratio=0.54
2026-05-22 08:03:51.415 [ASR] [ASR POST ATTEMPT] chunk_id=2 url=https://thedeezat-asr-hearing-impaired-api.hf.space/audio forcedLanguage=english samples=40000 sr=16000 chunk_s=2.50 rms=0.03800
2026-05-22 08:03:51.417 [ASR] [ASR SEND ATTEMPT] id=asr-00002 lang=english sr=16000 samples=40000 chunk_s=2.50 rms=0.03800 speech_ratio=0.402 voiced_ratio=0.995 bytes=160000 url=https://thedeezat-asr-hearing-impaired-api.hf.space/audio
2026-05-22 08:03:52.023 [client] BUFFER ms=2500 rms=0.006 peak=0.021
2026-05-22 08:03:52.059 [client] SEND rms=0.038 silence_ratio=0.27 peak=0.221
2026-05-22 08:03:52.077 [ASR] Saved outgoing ASR chunk: asr_20260522_080352_070_00039_english.wav chunk_s=2.50 rms=0.03800
2026-05-22 08:03:52.891 [client] MIC rms=0.014 peak=0.030 gain=5.07
2026-05-22 08:03:53.057 [client] BUFFER ms=1340 rms=0.011 peak=0.027
2026-05-22 08:03:54.126 [client] BUFFER ms=2370 rms=0.006 peak=0.019
2026-05-22 08:03:54.278 [client] SEND rms=0.038 silence_ratio=0.20 peak=0.175
2026-05-22 08:03:54.303 [ASR] Saved outgoing ASR chunk: asr_20260522_080354_297_00040_english.wav chunk_s=2.50 rms=0.03800
2026-05-22 08:03:54.925 [client] MIC rms=0.008 peak=0.022 gain=4.02
2026-05-22 08:03:54.976 [ASR] /health failed: Request timeout code=0
2026-05-22 08:03:55.160 [client] BUFFER ms=1220 rms=0.007 peak=0.020
2026-05-22 08:03:56.173 [client] BUFFER ms=2220 rms=0.007 peak=0.021
2026-05-22 08:03:56.232 [ASR] /health failed: Request timeout code=0
2026-05-22 08:03:56.488 [client] SEND rms=0.038 silence_ratio=0.16 peak=0.148
2026-05-22 08:03:56.508 [ASR] Saved outgoing ASR chunk: asr_20260522_080356_498_00041_english.wav chunk_s=2.50 rms=0.03800
2026-05-22 08:03:56.902 [ASR] /health failed: Request timeout code=0
2026-05-22 08:03:56.968 [client] MIC rms=0.005 peak=0.013 gain=5.62
2026-05-22 08:03:57.226 [client] BUFFER ms=1090 rms=0.003 peak=0.008
2026-05-22 08:03:58.229 [client] BUFFER ms=2100 rms=0.002 peak=0.007
2026-05-22 08:03:58.657 [client] SEND rms=0.037 silence_ratio=0.23 peak=0.211
2026-05-22 08:03:58.675 [ASR] Saved outgoing ASR chunk: asr_20260522_080358_669_00042_english.wav chunk_s=2.50 rms=0.03721
2026-05-22 08:03:58.980 [client] MIC rms=0.003 peak=0.008 gain=8.00
2026-05-22 08:03:59.229 [client] BUFFER ms=900 rms=0.002 peak=0.009
2026-05-22 08:03:59.442 [ASR] [ASR RESPONSE] id=asr-00002 status=0 error=Request timeout body=
2026-05-22 08:03:59.444 [ASR] asr-00002 POST /audio failed: Request timeout HTTP 0
2026-05-22 08:03:59.445 [ASR] summary attempts=20 ok=0 fail=20 emptyText=0 inFlight=0
2026-05-22 08:03:59.447 [ASR] [ASR ENTER SEND] mode=english_or_auto forcedLanguage=english recording=True samples=40000 rms=0.03800
2026-05-22 08:03:59.450 [client] SEND lang=english chunk_s=2.50 rms=0.038 silence_ratio=0.29
2026-05-22 08:03:59.452 [ASR] [ASR POST ATTEMPT] chunk_id=3 url=https://thedeezat-asr-hearing-impaired-api.hf.space/audio forcedLanguage=english samples=40000 sr=16000 chunk_s=2.50 rms=0.03800
2026-05-22 08:03:59.453 [ASR] [ASR SEND ATTEMPT] id=asr-00003 lang=english sr=16000 samples=40000 chunk_s=2.50 rms=0.03721 speech_ratio=0.352 voiced_ratio=0.990 bytes=160000 url=https://thedeezat-asr-hearing-impaired-api.hf.space/audio
2026-05-22 08:04:00.261 [client] BUFFER ms=1940 rms=0.016 peak=0.040
2026-05-22 08:04:00.939 [client] SEND rms=0.038 silence_ratio=0.34 peak=0.288
2026-05-22 08:04:00.971 [ASR] Saved outgoing ASR chunk: asr_20260522_080400_964_00043_english.wav chunk_s=2.50 rms=0.03800
2026-05-22 08:04:01.025 [client] MIC rms=0.008 peak=0.021 gain=4.98
2026-05-22 08:04:01.270 [client] BUFFER ms=750 rms=0.003 peak=0.009
2026-05-22 08:04:02.281 [client] BUFFER ms=1760 rms=0.014 peak=0.039
2026-05-22 08:04:03.027 [client] MIC rms=0.007 peak=0.019 gain=4.98
2026-05-22 08:04:03.064 [client] SEND rms=0.038 silence_ratio=0.21 peak=0.189
2026-05-22 08:04:03.082 [ASR] Saved outgoing ASR chunk: asr_20260522_080403_075_00044_english.wav chunk_s=2.50 rms=0.03800
2026-05-22 08:04:03.305 [client] BUFFER ms=570 rms=0.004 peak=0.013
2026-05-22 08:04:04.184 [ASR] /health failed: Request timeout code=0
2026-05-22 08:04:04.250 [ASR] /health failed: Request timeout code=0
2026-05-22 08:04:04.311 [client] BUFFER ms=1580 rms=0.014 peak=0.034
2026-05-22 08:04:05.075 [client] MIC rms=0.013 peak=0.037 gain=5.14
2026-05-22 08:04:05.346 [client] SEND rms=0.038 silence_ratio=0.22 peak=0.186
2026-05-22 08:04:05.363 [ASR] Saved outgoing ASR chunk: asr_20260522_080405_357_00045_english.wav chunk_s=2.50 rms=0.03800
2026-05-22 08:04:05.414 [client] BUFFER ms=500 rms=0.010 peak=0.024
2026-05-22 08:04:05.641 [ASR] /health failed: Request timeout code=0
2026-05-22 08:04:05.760 [ASR] /health failed: Request timeout code=0
2026-05-22 08:04:06.459 [client] BUFFER ms=1540 rms=0.002 peak=0.008
2026-05-22 08:04:07.126 [client] MIC rms=0.010 peak=0.031 gain=4.46
2026-05-22 08:04:07.479 [ASR] [ASR RESPONSE] id=asr-00003 status=0 error=Request timeout body=
2026-05-22 08:04:07.481 [ASR] asr-00003 POST /audio failed: Request timeout HTTP 0
2026-05-22 08:04:07.483 [ASR] [ASR ENTER SEND] mode=english_or_auto forcedLanguage=english recording=True samples=40000 rms=0.03800
2026-05-22 08:04:07.486 [client] SEND lang=english chunk_s=2.50 rms=0.038 silence_ratio=0.25
2026-05-22 08:04:07.487 [ASR] [ASR POST ATTEMPT] chunk_id=4 url=https://thedeezat-asr-hearing-impaired-api.hf.space/audio forcedLanguage=english samples=40000 sr=16000 chunk_s=2.50 rms=0.03800
2026-05-22 08:04:07.489 [ASR] [ASR SEND ATTEMPT] id=asr-00004 lang=english sr=16000 samples=40000 chunk_s=2.50 rms=0.03800 speech_ratio=0.371 voiced_ratio=1.000 bytes=160000 url=https://thedeezat-asr-hearing-impaired-api.hf.space/audio
2026-05-22 08:04:07.494 [client] BUFFER ms=2580 rms=0.006 peak=0.017
2026-05-22 08:04:07.529 [client] SEND rms=0.038 silence_ratio=0.28 peak=0.192
2026-05-22 08:04:07.547 [ASR] Saved outgoing ASR chunk: asr_20260522_080407_541_00046_english.wav chunk_s=2.50 rms=0.03800
2026-05-22 08:04:08.507 [client] BUFFER ms=1380 rms=0.013 peak=0.032
2026-05-22 08:04:09.134 [client] MIC rms=0.008 peak=0.020 gain=4.59
2026-05-22 08:04:09.522 [client] BUFFER ms=2380 rms=0.016 peak=0.038
2026-05-22 08:04:09.661 [client] SEND rms=0.038 silence_ratio=0.23 peak=0.172
2026-05-22 08:04:09.700 [ASR] Saved outgoing ASR chunk: asr_20260522_080409_694_00047_english.wav chunk_s=2.50 rms=0.03800
2026-05-22 08:04:10.527 [client] BUFFER ms=1200 rms=0.014 peak=0.032
2026-05-22 08:04:11.150 [client] MIC rms=0.010 peak=0.026 gain=4.11
2026-05-22 08:04:11.555 [client] BUFFER ms=2220 rms=0.010 peak=0.023
2026-05-22 08:04:11.899 [client] SEND rms=0.038 silence_ratio=0.21 peak=0.134
2026-05-22 08:04:11.920 [ASR] Saved outgoing ASR chunk: asr_20260522_080411_911_00048_english.wav chunk_s=2.50 rms=0.03800
2026-05-22 08:04:12.609 [client] BUFFER ms=1060 rms=0.002 peak=0.006
2026-05-22 08:04:13.200 [client] MIC rms=0.003 peak=0.007 gain=3.20
2026-05-22 08:04:13.651 [client] BUFFER ms=2140 rms=0.003 peak=0.008
2026-05-22 08:04:14.106 [client] SEND rms=0.026 silence_ratio=0.30 peak=0.183
2026-05-22 08:04:14.124 [ASR] Saved outgoing ASR chunk: asr_20260522_080414_117_00049_english.wav chunk_s=2.50 rms=0.02612
2026-05-22 08:04:14.696 [client] BUFFER ms=960 rms=0.016 peak=0.051
2026-05-22 08:04:15.213 [client] MIC rms=0.021 peak=0.057 gain=8.00
2026-05-22 08:04:15.549 [ASR] [ASR RESPONSE] id=asr-00004 status=0 error=Request timeout body=
2026-05-22 08:04:15.552 [ASR] asr-00004 POST /audio failed: Request timeout HTTP 0
2026-05-22 08:04:15.555 [ASR] [ASR ENTER SEND] mode=english_or_auto forcedLanguage=english recording=True samples=40000 rms=0.03800
2026-05-22 08:04:15.558 [client] SEND lang=english chunk_s=2.50 rms=0.038 silence_ratio=0.27
2026-05-22 08:04:15.560 [ASR] [ASR POST ATTEMPT] chunk_id=5 url=https://thedeezat-asr-hearing-impaired-api.hf.space/audio forcedLanguage=english samples=40000 sr=16000 chunk_s=2.50 rms=0.03800
2026-05-22 08:04:15.561 [ASR] [ASR SEND ATTEMPT] id=asr-00005 lang=english sr=16000 samples=40000 chunk_s=2.50 rms=0.02612 speech_ratio=0.196 voiced_ratio=0.970 bytes=160000 url=https://thedeezat-asr-hearing-impaired-api.hf.space/audio
2026-05-22 08:04:15.728 [client] BUFFER ms=2000 rms=0.024 peak=0.057
2026-05-22 08:04:16.258 [client] SEND rms=0.038 silence_ratio=0.41 peak=0.194
2026-05-22 08:04:16.293 [ASR] Saved outgoing ASR chunk: asr_20260522_080416_287_00050_english.wav chunk_s=2.50 rms=0.03800
2026-05-22 08:04:16.773 [client] BUFFER ms=860 rms=0.025 peak=0.060
2026-05-22 08:04:17.256 [client] MIC rms=0.026 peak=0.058 gain=2.34
2026-05-22 08:04:17.824 [client] BUFFER ms=1900 rms=0.017 peak=0.045
2026-05-22 08:04:18.490 [client] SEND rms=0.038 silence_ratio=0.22 peak=0.168
2026-05-22 08:04:18.506 [ASR] Saved outgoing ASR chunk: asr_20260522_080418_500_00051_english.wav chunk_s=2.50 rms=0.03800
2026-05-22 08:04:18.850 [client] BUFFER ms=740 rms=0.003 peak=0.008
2026-05-22 08:04:19.311 [client] MIC rms=0.003 peak=0.011 gain=1.98
2026-05-22 08:04:19.901 [client] BUFFER ms=1760 rms=0.009 peak=0.024
2026-05-22 08:04:20.697 [client] SEND rms=0.038 silence_ratio=0.24 peak=0.191
2026-05-22 08:04:20.770 [ASR] Saved outgoing ASR chunk: asr_20260522_080420_755_00052_english.wav chunk_s=2.50 rms=0.03800
2026-05-22 08:04:20.956 [client] BUFFER ms=620 rms=0.004 peak=0.011
2026-05-22 08:04:21.360 [client] MIC rms=0.002 peak=0.008 gain=5.44
2026-05-22 08:04:21.985 [client] BUFFER ms=1660 rms=0.002 peak=0.006
2026-05-22 08:04:22.873 [client] SEND rms=0.038 silence_ratio=0.31 peak=0.467
2026-05-22 08:04:22.892 [ASR] Saved outgoing ASR chunk: asr_20260522_080422_886_00053_english.wav chunk_s=2.50 rms=0.03800
2026-05-22 08:04:23.002 [client] BUFFER ms=480 rms=0.015 peak=0.054
2026-05-22 08:04:23.363 [client] MIC rms=0.005 peak=0.015 gain=7.82
2026-05-22 08:04:23.581 [ASR] [ASR RESPONSE] id=asr-00005 status=0 error=Request timeout body=
2026-05-22 08:04:23.584 [ASR] asr-00005 POST /audio failed: Request timeout HTTP 0
2026-05-22 08:04:23.587 [ASR] [ASR ENTER SEND] mode=english_or_auto forcedLanguage=english recording=True samples=40000 rms=0.03800
2026-05-22 08:04:23.589 [client] SEND lang=english chunk_s=2.50 rms=0.038 silence_ratio=0.20
2026-05-22 08:04:23.591 [ASR] [ASR POST ATTEMPT] chunk_id=6 url=https://thedeezat-asr-hearing-impaired-api.hf.space/audio forcedLanguage=english samples=40000 sr=16000 chunk_s=2.50 rms=0.03800
2026-05-22 08:04:23.593 [ASR] [ASR SEND ATTEMPT] id=asr-00006 lang=english sr=16000 samples=40000 chunk_s=2.50 rms=0.03800 speech_ratio=0.215 voiced_ratio=0.949 bytes=160000 url=https://thedeezat-asr-hearing-impaired-api.hf.space/audio
2026-05-22 08:04:24.068 [client] BUFFER ms=1520 rms=0.021 peak=0.049
2026-05-22 08:04:25.094 [client] SEND rms=0.038 silence_ratio=0.25 peak=0.175
2026-05-22 08:04:25.122 [ASR] Saved outgoing ASR chunk: asr_20260522_080425_116_00054_english.wav chunk_s=2.50 rms=0.03800
2026-05-22 08:04:25.177 [client] BUFFER ms=460 rms=0.017 peak=0.044
2026-05-22 08:04:25.399 [client] MIC rms=0.013 peak=0.031 gain=2.61
2026-05-22 08:04:26.248 [client] BUFFER ms=1500 rms=0.017 peak=0.040
2026-05-22 08:04:27.273 [client] BUFFER ms=2550 rms=0.003 peak=0.010
2026-05-22 08:04:27.310 [client] SEND rms=0.038 silence_ratio=0.21 peak=0.187
2026-05-22 08:04:27.329 [ASR] Saved outgoing ASR chunk: asr_20260522_080427_321_00055_english.wav chunk_s=2.50 rms=0.03800
2026-05-22 08:04:27.402 [client] MIC rms=0.003 peak=0.008 gain=3.52
2026-05-22 08:04:28.287 [client] BUFFER ms=1330 rms=0.009 peak=0.020
2026-05-22 08:04:29.301 [client] BUFFER ms=2380 rms=0.004 peak=0.012
2026-05-22 08:04:29.412 [client] MIC rms=0.003 peak=0.009 gain=3.52
2026-05-22 08:04:29.503 [client] SEND rms=0.037 silence_ratio=0.21 peak=0.168
2026-05-22 08:04:29.522 [ASR] Saved outgoing ASR chunk: asr_20260522_080429_515_00056_english.wav chunk_s=2.50 rms=0.03715
2026-05-22 08:04:30.354 [client] BUFFER ms=1220 rms=0.002 peak=0.008
2026-05-22 08:04:31.383 [client] BUFFER ms=2260 rms=0.002 peak=0.008
2026-05-22 08:04:31.444 [client] MIC rms=0.002 peak=0.007 gain=8.00
2026-05-22 08:04:31.612 [ASR] [ASR RESPONSE] id=asr-00006 status=0 error=Request timeout body=
2026-05-22 08:04:31.614 [ASR] asr-00006 POST /audio failed: Request timeout HTTP 0
2026-05-22 08:04:31.617 [ASR] [ASR ENTER SEND] mode=english_or_auto forcedLanguage=english recording=True samples=40000 rms=0.03800
2026-05-22 08:04:31.622 [client] SEND lang=english chunk_s=2.50 rms=0.038 silence_ratio=0.16
2026-05-22 08:04:31.625 [ASR] [ASR POST ATTEMPT] chunk_id=7 url=https://thedeezat-asr-hearing-impaired-api.hf.space/audio forcedLanguage=english samples=40000 sr=16000 chunk_s=2.50 rms=0.03800
2026-05-22 08:04:31.626 [ASR] [ASR SEND ATTEMPT] id=asr-00007 lang=english sr=16000 samples=40000 chunk_s=2.50 rms=0.03715 speech_ratio=0.389 voiced_ratio=0.990 bytes=160000 url=https://thedeezat-asr-hearing-impaired-api.hf.space/audio
2026-05-22 08:04:31.664 [client] SEND rms=0.020 silence_ratio=0.32 peak=0.107
2026-05-22 08:04:31.700 [ASR] Saved outgoing ASR chunk: asr_20260522_080431_693_00057_english.wav chunk_s=2.50 rms=0.02029
2026-05-22 08:04:32.429 [client] BUFFER ms=1100 rms=0.011 peak=0.031
2026-05-22 08:04:33.453 [client] BUFFER ms=2130 rms=0.010 peak=0.024
2026-05-22 08:04:33.456 [client] MIC rms=0.010 peak=0.024 gain=8.00
2026-05-22 08:04:33.854 [client] SEND rms=0.038 silence_ratio=0.24 peak=0.179
2026-05-22 08:04:33.872 [ASR] Saved outgoing ASR chunk: asr_20260522_080433_864_00058_english.wav chunk_s=2.50 rms=0.03800
2026-05-22 08:04:34.469 [client] BUFFER ms=940 rms=0.006 peak=0.015
2026-05-22 08:04:35.465 [client] MIC rms=0.012 peak=0.036 gain=4.75
2026-05-22 08:04:35.519 [client] BUFFER ms=1980 rms=0.014 peak=0.077
2026-05-22 08:04:36.092 [client] SEND rms=0.038 silence_ratio=0.20 peak=0.327
2026-05-22 08:04:36.112 [ASR] Saved outgoing ASR chunk: asr_20260522_080436_104_00059_english.wav chunk_s=2.50 rms=0.03800
2026-05-22 08:04:36.577 [client] BUFFER ms=860 rms=0.009 peak=0.026
2026-05-22 08:04:37.472 [client] MIC rms=0.002 peak=0.007 gain=4.62
2026-05-22 08:04:37.601 [client] BUFFER ms=1860 rms=0.002 peak=0.009
2026-05-22 08:04:38.290 [client] SEND rms=0.038 silence_ratio=0.32 peak=0.363
2026-05-22 08:04:38.321 [ASR] Saved outgoing ASR chunk: asr_20260522_080438_314_00060_english.wav chunk_s=2.50 rms=0.03800
2026-05-22 08:04:38.619 [client] BUFFER ms=700 rms=0.002 peak=0.006
2026-05-22 08:04:39.497 [client] MIC rms=0.002 peak=0.009 gain=6.19
2026-05-22 08:04:39.663 [ASR] [ASR RESPONSE] id=asr-00007 status=0 error=Request timeout body=
2026-05-22 08:04:39.666 [ASR] asr-00007 POST /audio failed: Request timeout HTTP 0
2026-05-22 08:04:39.673 [ASR] [ASR ENTER SEND] mode=english_or_auto forcedLanguage=english recording=True samples=40000 rms=0.03721
2026-05-22 08:04:39.677 [client] SEND lang=english chunk_s=2.50 rms=0.037 silence_ratio=0.23
2026-05-22 08:04:39.680 [ASR] [ASR POST ATTEMPT] chunk_id=8 url=https://thedeezat-asr-hearing-impaired-api.hf.space/audio forcedLanguage=english samples=40000 sr=16000 chunk_s=2.50 rms=0.03721
2026-05-22 08:04:39.682 [ASR] [ASR SEND ATTEMPT] id=asr-00008 lang=english sr=16000 samples=40000 chunk_s=2.50 rms=0.03800 speech_ratio=0.261 voiced_ratio=0.980 bytes=160000 url=https://thedeezat-asr-hearing-impaired-api.hf.space/audio
2026-05-22 08:04:39.689 [client] BUFFER ms=1750 rms=0.002 peak=0.008
2026-05-22 08:04:40.500 [ASR] Saved outgoing ASR chunk: asr_20260522_080440_493_00061_english.wav chunk_s=2.50 rms=0.01638
2026-05-22 08:04:40.746 [client] BUFFER ms=610 rms=0.002 peak=0.007
2026-05-22 08:04:41.500 [client] MIC rms=0.002 peak=0.009 gain=8.00
2026-05-22 08:04:41.797 [client] BUFFER ms=1650 rms=0.002 peak=0.008
2026-05-22 08:04:42.709 [ASR] Saved outgoing ASR chunk: asr_20260522_080442_695_00062_english.wav chunk_s=2.50 rms=0.01716
2026-05-22 08:04:42.827 [client] BUFFER ms=500 rms=0.002 peak=0.006
2026-05-22 08:04:43.530 [client] MIC rms=0.002 peak=0.006 gain=8.00
2026-05-22 08:04:43.845 [client] BUFFER ms=1500 rms=0.002 peak=0.007
2026-05-22 08:04:44.855 [client] BUFFER ms=2520 rms=0.002 peak=0.008
2026-05-22 08:04:44.910 [ASR] Saved outgoing ASR chunk: asr_20260522_080444_902_00063_english.wav chunk_s=2.50 rms=0.01724
2026-05-22 08:04:45.545 [client] MIC rms=0.002 peak=0.007 gain=8.00
2026-05-22 08:04:45.862 [client] BUFFER ms=1340 rms=0.002 peak=0.007
2026-05-22 08:04:46.871 [client] BUFFER ms=2340 rms=0.002 peak=0.007
2026-05-22 08:04:47.132 [ASR] Saved outgoing ASR chunk: asr_20260522_080447_125_00064_english.wav chunk_s=2.50 rms=0.01682
2026-05-22 08:04:47.547 [client] MIC rms=0.002 peak=0.007 gain=8.00
2026-05-22 08:04:47.725 [ASR] [ASR RESPONSE] id=asr-00008 status=0 error=Request timeout body=
2026-05-22 08:04:47.727 [ASR] asr-00008 POST /audio failed: Request timeout HTTP 0
2026-05-22 08:04:47.731 [ASR] [ASR ENTER SEND] mode=english_or_auto forcedLanguage=english recording=True samples=40000 rms=0.03800
2026-05-22 08:04:47.734 [client] SEND lang=english chunk_s=2.50 rms=0.038 silence_ratio=0.34
2026-05-22 08:04:47.736 [ASR] [ASR POST ATTEMPT] chunk_id=9 url=https://thedeezat-asr-hearing-impaired-api.hf.space/audio forcedLanguage=english samples=40000 sr=16000 chunk_s=2.50 rms=0.03800
2026-05-22 08:04:47.737 [ASR] [ASR SEND ATTEMPT] id=asr-00009 lang=english sr=16000 samples=40000 chunk_s=2.50 rms=0.01682 speech_ratio=0.095 voiced_ratio=0.944 bytes=160000 url=https://thedeezat-asr-hearing-impaired-api.hf.space/audio
2026-05-22 08:04:47.910 [client] BUFFER ms=1180 rms=0.002 peak=0.006
2026-05-22 08:04:48.936 [client] BUFFER ms=2220 rms=0.002 peak=0.006
2026-05-22 08:04:49.280 [ASR] Saved outgoing ASR chunk: asr_20260522_080449_273_00065_english.wav chunk_s=2.50 rms=0.01686
2026-05-22 08:04:49.558 [client] MIC rms=0.002 peak=0.006 gain=8.00
2026-05-22 08:04:49.967 [client] BUFFER ms=1060 rms=0.002 peak=0.006
2026-05-22 08:04:50.980 [client] BUFFER ms=2050 rms=0.002 peak=0.006
2026-05-22 08:04:51.518 [ASR] Saved outgoing ASR chunk: asr_20260522_080451_511_00066_english.wav chunk_s=2.50 rms=0.01636
2026-05-22 08:04:51.572 [client] MIC rms=0.002 peak=0.008 gain=8.00
2026-05-22 08:04:52.007 [client] BUFFER ms=860 rms=0.002 peak=0.006
2026-05-22 08:04:53.015 [client] BUFFER ms=1900 rms=0.002 peak=0.007
2026-05-22 08:04:53.595 [client] MIC rms=0.002 peak=0.007 gain=8.00
2026-05-22 08:04:53.761 [ASR] Saved outgoing ASR chunk: asr_20260522_080453_754_00067_english.wav chunk_s=2.50 rms=0.01778
2026-05-22 08:04:54.040 [client] BUFFER ms=700 rms=0.002 peak=0.008
2026-05-22 08:04:55.085 [client] BUFFER ms=1760 rms=0.003 peak=0.013
2026-05-22 08:04:55.641 [ASR] [ASR RESPONSE] id=asr-00009 status=200 error= body={"text": "I'M WAITING FOR", "infer_ms": 363.3, "total_ms": 374.71, "chunk_duration_s": 2.5, "speech_rms": 0.037798, "no_speech_prob": 0.45703125, "avg_logprob": -0.6188720703125, "compression_ratio": 0.6521739130434783}
2026-05-22 08:04:55.644 [ASR] asr-00009 HTTP 200 chunk #1 resp: {"text": "I'M WAITING FOR", "infer_ms": 363.3, "total_ms": 374.71, "chunk_duration_s": 2.5, "speech_rms": 0.037798, "no_speech_prob": 0.45703125, "avg_logprob":…
2026-05-22 08:04:55.654 [ASR] asr-00009 diag text_len=15 infer_ms=363.3 total_ms=374.71 chunk_duration_s=2.5 payload_bytes=160000 posted_rms=0.017784 posted_samples=40000 pending_q=24 capture_gen_send=31
2026-05-22 08:04:55.657 [client] RAW text='I\'M WAITING FOR'
2026-05-22 08:04:55.662 [client] MERGE old='' new='I\'m waiting for' merged='I\'m waiting for'
2026-05-22 08:04:55.665 [client] DISPLAY text='I\'m waiting for'
2026-05-22 08:04:55.667 [ASR] [ASR ENTER SEND] mode=english_or_auto forcedLanguage=english recording=True samples=40000 rms=0.03800
2026-05-22 08:04:55.670 [client] SEND lang=english chunk_s=2.50 rms=0.038 silence_ratio=0.21
2026-05-22 08:04:55.672 [ASR] [ASR POST ATTEMPT] chunk_id=10 url=https://thedeezat-asr-hearing-impaired-api.hf.space/audio forcedLanguage=english samples=40000 sr=16000 chunk_s=2.50 rms=0.03800
2026-05-22 08:04:55.674 [ASR] [ASR SEND ATTEMPT] id=asr-00010 lang=english sr=16000 samples=40000 chunk_s=2.50 rms=0.01778 speech_ratio=0.115 voiced_ratio=0.955 bytes=160000 url=https://thedeezat-asr-hearing-impaired-api.hf.space/audio
2026-05-22 08:04:55.691 [client] MIC rms=0.003 peak=0.009 gain=8.00
2026-05-22 08:04:55.896 [client] SEND rms=0.021 silence_ratio=0.31 peak=0.125
2026-05-22 08:04:55.915 [ASR] Saved outgoing ASR chunk: asr_20260522_080455_907_00068_english.wav chunk_s=2.50 rms=0.02088
2026-05-22 08:04:56.100 [client] BUFFER ms=570 rms=0.003 peak=0.007
2026-05-22 08:04:56.455 [ASR] [ASR RESPONSE] id=asr-00010 status=200 error= body={"text": "", "infer_ms": 216.65, "total_ms": 498.41, "chunk_duration_s": 2.5, "speech_rms": 0.037789, "no_speech_prob": 0.66748046875, "avg_logprob": -0.7976074367761612, "compression_ratio": 0.7419354838709677}
2026-05-22 08:04:56.458 [ASR] asr-00010 HTTP 200 chunk #2 resp: {"text": "", "infer_ms": 216.65, "total_ms": 498.41, "chunk_duration_s": 2.5, "speech_rms": 0.037789, "no_speech_prob": 0.66748046875, "avg_logprob": -0.7976074…
2026-05-22 08:04:56.463 [ASR] asr-00010 diag text_len=0 infer_ms=216.65 total_ms=498.41 chunk_duration_s=2.5 payload_bytes=160000 posted_rms=0.020884 posted_samples=40000 pending_q=24 capture_gen_send=31
2026-05-22 08:04:56.465 [client] RAW text=''
2026-05-22 08:04:56.467 [ASR] asr-00010 empty response ignored (no append).
2026-05-22 08:04:56.469 [ASR] [ASR ENTER SEND] mode=english_or_auto forcedLanguage=english recording=True samples=40000 rms=0.03800
2026-05-22 08:04:56.471 [client] SEND lang=english chunk_s=2.50 rms=0.038 silence_ratio=0.22
2026-05-22 08:04:56.473 [ASR] [ASR POST ATTEMPT] chunk_id=11 url=https://thedeezat-asr-hearing-impaired-api.hf.space/audio forcedLanguage=english samples=40000 sr=16000 chunk_s=2.50 rms=0.03800
2026-05-22 08:04:56.474 [ASR] [ASR SEND ATTEMPT] id=asr-00011 lang=english sr=16000 samples=40000 chunk_s=2.50 rms=0.02088 speech_ratio=0.171 voiced_ratio=0.944 bytes=160000 url=https://thedeezat-asr-hearing-impaired-api.hf.space/audio
2026-05-22 08:04:57.136 [client] BUFFER ms=1610 rms=0.003 peak=0.008
2026-05-22 08:04:57.407 [ASR] [ASR RESPONSE] id=asr-00011 status=200 error= body={"text": "", "infer_ms": 213.2, "total_ms": 622.6, "chunk_duration_s": 2.5, "speech_rms": 0.037751, "no_speech_prob": 0.7265625, "avg_logprob": -0.8203386579241071, "compression_ratio": 0.96}
2026-05-22 08:04:57.411 [ASR] asr-00011 HTTP 200 chunk #3 resp: {"text": "", "infer_ms": 213.2, "total_ms": 622.6, "chunk_duration_s": 2.5, "speech_rms": 0.037751, "no_speech_prob": 0.7265625, "avg_logprob": -0.8203386579241…
2026-05-22 08:04:57.413 [ASR] asr-00011 diag text_len=0 infer_ms=213.2 total_ms=622.6 chunk_duration_s=2.5 payload_bytes=160000 posted_rms=0.020884 posted_samples=40000 pending_q=23 capture_gen_send=31
2026-05-22 08:04:57.415 [client] RAW text=''
2026-05-22 08:04:57.417 [ASR] asr-00011 empty response ignored (no append).
2026-05-22 08:04:57.418 [ASR] [ASR ENTER SEND] mode=english_or_auto forcedLanguage=english recording=True samples=40000 rms=0.03800
2026-05-22 08:04:57.421 [client] SEND lang=english chunk_s=2.50 rms=0.038 silence_ratio=0.28
2026-05-22 08:04:57.422 [ASR] [ASR POST ATTEMPT] chunk_id=12 url=https://thedeezat-asr-hearing-impaired-api.hf.space/audio forcedLanguage=english samples=40000 sr=16000 chunk_s=2.50 rms=0.03800
2026-05-22 08:04:57.424 [ASR] [ASR SEND ATTEMPT] id=asr-00012 lang=english sr=16000 samples=40000 chunk_s=2.50 rms=0.02088 speech_ratio=0.171 voiced_ratio=0.944 bytes=160000 url=https://thedeezat-asr-hearing-impaired-api.hf.space/audio
2026-05-22 08:04:57.735 [client] MIC rms=0.003 peak=0.007 gain=8.00
2026-05-22 08:04:58.100 [ASR] Saved outgoing ASR chunk: asr_20260522_080458_093_00069_english.wav chunk_s=2.50 rms=0.01951
2026-05-22 08:04:58.152 [ASR] [ASR RESPONSE] id=asr-00012 status=200 error= body={"text": "WAITING, WAITING", "infer_ms": 192.24, "total_ms": 474.96, "chunk_duration_s": 2.5, "speech_rms": 0.037922, "no_speech_prob": 0.3662109375, "avg_logprob": -0.4322509914636612, "compression_ratio": 0.84210526315…
2026-05-22 08:04:58.156 [ASR] asr-00012 diag text_len=16 infer_ms=192.24 total_ms=474.96 chunk_duration_s=2.5 payload_bytes=160000 posted_rms=0.019512 posted_samples=40000 pending_q=23 capture_gen_send=31
2026-05-22 08:04:58.158 [client] RAW text='WAITING, WAITING'
2026-05-22 08:04:58.160 [client] MERGE old='I\'m waiting for' new='Waiting, waiting' merged='I\'m waiting for Waiting, waiting'
2026-05-22 08:04:58.163 [client] DISPLAY text='I\'m waiting for Waiting, waiting'
2026-05-22 08:04:58.166 [ASR] [ASR ENTER SEND] mode=english_or_auto forcedLanguage=english recording=True samples=40000 rms=0.03800
2026-05-22 08:04:58.168 [client] SEND lang=english chunk_s=2.50 rms=0.038 silence_ratio=0.23
2026-05-22 08:04:58.170 [ASR] [ASR POST ATTEMPT] chunk_id=13 url=https://thedeezat-asr-hearing-impaired-api.hf.space/audio forcedLanguage=english samples=40000 sr=16000 chunk_s=2.50 rms=0.03800
2026-05-22 08:04:58.171 [ASR] [ASR SEND ATTEMPT] id=asr-00013 lang=english sr=16000 samples=40000 chunk_s=2.50 rms=0.01951 speech_ratio=0.152 voiced_ratio=0.949 bytes=160000 url=https://thedeezat-asr-hearing-impaired-api.hf.space/audio
2026-05-22 08:04:58.177 [client] BUFFER ms=420 rms=0.003 peak=0.011
2026-05-22 08:04:59.195 [client] BUFFER ms=1470 rms=0.003 peak=0.008
2026-05-22 08:04:59.785 [client] MIC rms=0.004 peak=0.013 gain=8.00
2026-05-22 08:05:00.008 [ASR] [ASR RESPONSE] id=asr-00013 status=200 error= body={"text": "FOR YOU", "infer_ms": 509.59, "total_ms": 981.03, "chunk_duration_s": 2.5, "speech_rms": 0.037847, "no_speech_prob": 0.08154296875, "avg_logprob": -0.19417317708333334, "compression_ratio": 0.4666666666666667}
2026-05-22 08:05:00.014 [ASR] asr-00013 diag text_len=7 infer_ms=509.59 total_ms=981.03 chunk_duration_s=2.5 payload_bytes=160000 posted_rms=0.019512 posted_samples=40000 pending_q=22 capture_gen_send=31
2026-05-22 08:05:00.015 [client] RAW text='FOR YOU'
2026-05-22 08:05:00.017 [client] MERGE old='I\'m waiting for Waiting, waiting' new='For you' merged='I\'m waiting for Waiting, waiting For you'
2026-05-22 08:05:00.018 [client] DISPLAY text='I\'m waiting for Waiting, waiting For you'
2026-05-22 08:05:00.021 [ASR] [ASR ENTER SEND] mode=english_or_auto forcedLanguage=english recording=True samples=40000 rms=0.03800
2026-05-22 08:05:00.023 [client] SEND lang=english chunk_s=2.50 rms=0.038 silence_ratio=0.21
2026-05-22 08:05:00.025 [ASR] [ASR POST ATTEMPT] chunk_id=14 url=https://thedeezat-asr-hearing-impaired-api.hf.space/audio forcedLanguage=english samples=40000 sr=16000 chunk_s=2.50 rms=0.03800
2026-05-22 08:05:00.027 [ASR] [ASR SEND ATTEMPT] id=asr-00014 lang=english sr=16000 samples=40000 chunk_s=2.50 rms=0.01951 speech_ratio=0.152 voiced_ratio=0.949 bytes=160000 url=https://thedeezat-asr-hearing-impaired-api.hf.space/audio
2026-05-22 08:05:00.208 [client] BUFFER ms=2480 rms=0.003 peak=0.008
2026-05-22 08:05:00.303 [client] SEND rms=0.025 silence_ratio=0.26 peak=0.143
2026-05-22 08:05:00.323 [ASR] Saved outgoing ASR chunk: asr_20260522_080500_314_00070_english.wav chunk_s=2.50 rms=0.02498
2026-05-22 08:05:01.228 [client] BUFFER ms=1300 rms=0.003 peak=0.010
2026-05-22 08:05:01.282 [ASR] [ASR RESPONSE] id=asr-00014 status=200 error= body={"text": "", "infer_ms": 502.85, "total_ms": 895.45, "chunk_duration_s": 2.5, "speech_rms": 0.037645, "no_speech_prob": 0.1175537109375, "avg_logprob": -1.0207722981770833, "compression_ratio": 0.3333333333333333}
2026-05-22 08:05:01.286 [ASR] asr-00014 diag text_len=0 infer_ms=502.85 total_ms=895.45 chunk_duration_s=2.5 payload_bytes=160000 posted_rms=0.024979 posted_samples=40000 pending_q=22 capture_gen_send=31
2026-05-22 08:05:01.288 [client] RAW text=''
2026-05-22 08:05:01.291 [ASR] asr-00014 empty response ignored (no append).
2026-05-22 08:05:01.293 [ASR] [ASR ENTER SEND] mode=english_or_auto forcedLanguage=english recording=True samples=40000 rms=0.02612
2026-05-22 08:05:01.296 [client] SEND lang=english chunk_s=2.50 rms=0.026 silence_ratio=0.30
2026-05-22 08:05:01.299 [ASR] [ASR POST ATTEMPT] chunk_id=15 url=https://thedeezat-asr-hearing-impaired-api.hf.space/audio forcedLanguage=english samples=40000 sr=16000 chunk_s=2.50 rms=0.02612
2026-05-22 08:05:01.300 [ASR] [ASR SEND ATTEMPT] id=asr-00015 lang=english sr=16000 samples=40000 chunk_s=2.50 rms=0.02498 speech_ratio=0.251 voiced_ratio=0.965 bytes=160000 url=https://thedeezat-asr-hearing-impaired-api.hf.space/audio
2026-05-22 08:05:01.834 [client] MIC rms=0.002 peak=0.008 gain=8.00
2026-05-22 08:05:02.079 [ASR] [ASR RESPONSE] id=asr-00015 status=200 error= body={"text": "MM-HMM.", "infer_ms": 451.36, "total_ms": 602.04, "chunk_duration_s": 2.5, "speech_rms": 0.025871, "no_speech_prob": 0.139404296875, "avg_logprob": -0.214453125, "compression_ratio": 0.4666666666666667}
2026-05-22 08:05:02.086 [ASR] asr-00015 diag text_len=7 infer_ms=451.36 total_ms=602.04 chunk_duration_s=2.5 payload_bytes=160000 posted_rms=0.024979 posted_samples=40000 pending_q=21 capture_gen_send=31
2026-05-22 08:05:02.087 [client] RAW text='MM-HMM.'
2026-05-22 08:05:02.091 [client] MERGE old='I\'m waiting for Waiting, waiting For you' new='Mm-hmm.' merged='I\'m waiting for Waiting, waiting For you Mm-hmm.'
2026-05-22 08:05:02.093 [client] DISPLAY text='I\'m waiting for Waiting, waiting For you Mm-hmm.'
2026-05-22 08:05:02.095 [ASR] [ASR ENTER SEND] mode=english_or_auto forcedLanguage=english recording=True samples=40000 rms=0.03800
2026-05-22 08:05:02.097 [client] SEND lang=english chunk_s=2.50 rms=0.038 silence_ratio=0.41
2026-05-22 08:05:02.100 [ASR] [ASR POST ATTEMPT] chunk_id=16 url=https://thedeezat-asr-hearing-impaired-api.hf.space/audio forcedLanguage=english samples=40000 sr=16000 chunk_s=2.50 rms=0.03800
2026-05-22 08:05:02.101 [ASR] [ASR SEND ATTEMPT] id=asr-00016 lang=english sr=16000 samples=40000 chunk_s=2.50 rms=0.02498 speech_ratio=0.251 voiced_ratio=0.965 bytes=160000 url=https://thedeezat-asr-hearing-impaired-api.hf.space/audio
2026-05-22 08:05:02.277 [client] BUFFER ms=2330 rms=0.002 peak=0.007
2026-05-22 08:05:02.394 [client] CLEAR reason=phrase_finalized_for_nmt
2026-05-22 08:05:02.399 [client] FINALIZE urgent=True age=6.70s ends_punct=True text='I\'m waiting for Waiting, waiting For you Mm-hmm.'
2026-05-22 08:05:02.459 [nmt] SENTENCE italian_mode=False translation_en=True translation_it=False text='I\'m waiting for Waiting, waiting For you Mm-hmm.'
2026-05-22 08:05:02.462 [nmt] ENQUEUE q=1 in_flight=False translation_on=True italian_mode=False text='I\'m waiting for Waiting, waiting For you Mm-hmm.'
2026-05-22 08:05:02.465 [nmt] START italian_mode=False text='I\'m waiting for Waiting, waiting For you Mm-hmm.'
2026-05-22 08:05:02.592 [ASR] Saved outgoing ASR chunk: asr_20260522_080502_582_00071_english.wav chunk_s=2.50 rms=0.01924
2026-05-22 08:05:02.791 [nmt] RESULT have_resp=True src='I\'m waiting for Waiting, waiting For you Mm-hmm.' tgt='I\'m waiting for Waiting, waiting For you Mm-hmm.'
2026-05-22 08:05:02.795 [nmt] DISPLAY hold_s=4.0 q_after=0
2026-05-22 08:05:03.327 [client] BUFFER ms=1200 rms=0.002 peak=0.006
2026-05-22 08:05:03.430 [ASR] [ASR RESPONSE] id=asr-00016 status=200 error= body={"text": "PLEASE DON'T GO, PLEASE DON'T GO", "infer_ms": 230.85, "total_ms": 627.32, "chunk_duration_s": 1.8, "speech_rms": 0.044603, "no_speech_prob": 0.280517578125, "avg_logprob": -0.3179721772670746, "compression_rat…
2026-05-22 08:05:03.434 [ASR] asr-00016 diag text_len=32 infer_ms=230.85 total_ms=627.32 chunk_duration_s=1.8 payload_bytes=160000 posted_rms=0.019236 posted_samples=40000 pending_q=21 capture_gen_send=31
2026-05-22 08:05:03.436 [client] RAW text='PLEASE DON\'T GO, PLEASE DON\'T GO'
2026-05-22 08:05:03.438 [client] MERGE old='' new='Please don\'t go, please don\'t go' merged='Please don\'t go, please don\'t go'
2026-05-22 08:05:03.440 [client] DISPLAY text='Please don\'t go, please don\'t go'
2026-05-22 08:05:03.442 [ASR] [ASR ENTER SEND] mode=english_or_auto forcedLanguage=english recording=True samples=40000 rms=0.03800
2026-05-22 08:05:03.445 [client] SEND lang=english chunk_s=2.50 rms=0.038 silence_ratio=0.22
2026-05-22 08:05:03.446 [ASR] [ASR POST ATTEMPT] chunk_id=17 url=https://thedeezat-asr-hearing-impaired-api.hf.space/audio forcedLanguage=english samples=40000 sr=16000 chunk_s=2.50 rms=0.03800
2026-05-22 08:05:03.447 [ASR] [ASR SEND ATTEMPT] id=asr-00017 lang=english sr=16000 samples=40000 chunk_s=2.50 rms=0.01924 speech_ratio=0.143 voiced_ratio=0.970 bytes=160000 url=https://thedeezat-asr-hearing-impaired-api.hf.space/audio
2026-05-22 08:05:03.837 [client] MIC rms=0.002 peak=0.008 gain=8.00
2026-05-22 08:05:04.328 [client] BUFFER ms=2180 rms=0.002 peak=0.008
2026-05-22 08:05:04.597 [ASR] [ASR RESPONSE] id=asr-00017 status=200 error= body={"text": "I LOVE YOU SO, I LOVE YOUR SOUL. I LOVE YOUR SOUL.", "infer_ms": 518.33, "total_ms": 823.57, "chunk_duration_s": 2.5, "speech_rms": 0.037966, "no_speech_prob": 0.0280914306640625, "avg_logprob": -0.173583989962…
2026-05-22 08:05:04.602 [ASR] asr-00017 diag text_len=50 infer_ms=518.33 total_ms=823.57 chunk_duration_s=2.5 payload_bytes=160000 posted_rms=0.019236 posted_samples=40000 pending_q=20 capture_gen_send=31
2026-05-22 08:05:04.604 [client] RAW text='I LOVE YOU SO, I LOVE YOUR SOUL. I LOVE YOUR SOUL.'
2026-05-22 08:05:04.606 [client] MERGE old='Please don\'t go, please don\'t go' new='I love you so, i love your soul. i love your soul.' merged='Please don\'t go, please don\'t go I love you so, i love your soul. i love your soul.'
2026-05-22 08:05:04.607 [client] DISPLAY text='Please don\'t go, please don\'t go I love you so, i love your soul. i love your soul.'
2026-05-22 08:05:04.610 [ASR] [ASR ENTER SEND] mode=english_or_auto forcedLanguage=english recording=True samples=40000 rms=0.03800
2026-05-22 08:05:04.613 [client] SEND lang=english chunk_s=2.50 rms=0.038 silence_ratio=0.24
2026-05-22 08:05:04.615 [ASR] [ASR POST ATTEMPT] chunk_id=18 url=https://thedeezat-asr-hearing-impaired-api.hf.space/audio forcedLanguage=english samples=40000 sr=16000 chunk_s=2.50 rms=0.03800
2026-05-22 08:05:04.616 [ASR] [ASR SEND ATTEMPT] id=asr-00018 lang=english sr=16000 samples=40000 chunk_s=2.50 rms=0.01924 speech_ratio=0.143 voiced_ratio=0.970 bytes=160000 url=https://thedeezat-asr-hearing-impaired-api.hf.space/audio
2026-05-22 08:05:04.672 [ASR] Saved outgoing ASR chunk: asr_20260522_080504_664_00072_english.wav chunk_s=2.50 rms=0.01629
2026-05-22 08:05:04.900 [client] CLEAR reason=phrase_finalized_for_nmt
2026-05-22 08:05:04.903 [client] FINALIZE urgent=True age=1.45s ends_punct=True text='Please don\'t go, please don\'t go I love you so, i love your soul. i love your soul.'
2026-05-22 08:05:04.955 [nmt] SENTENCE italian_mode=False translation_en=True translation_it=False text='Please don\'t go, please don\'t go I love you so, i love your soul. i love your soul.'
2026-05-22 08:05:04.958 [nmt] ENQUEUE q=1 in_flight=False translation_on=True italian_mode=False text='Please don\'t go, please don\'t go I love you so, i love your soul. i love your soul.'
2026-05-22 08:05:04.960 [nmt] START italian_mode=False text='Please don\'t go, please don\'t go I love you so, i love your soul. i love your soul.'
2026-05-22 08:05:05.379 [client] BUFFER ms=1060 rms=0.006 peak=0.051
2026-05-22 08:05:05.433 [ASR] [ASR RESPONSE] id=asr-00018 status=200 error= body={"text": "OH.", "infer_ms": 444.93, "total_ms": 642.6, "chunk_duration_s": 2.5, "speech_rms": 0.037784, "no_speech_prob": 0.1944580078125, "avg_logprob": -0.4700520833333333, "compression_ratio": 0.2727272727272727}
2026-05-22 08:05:05.436 [ASR] asr-00018 diag text_len=3 infer_ms=444.93 total_ms=642.6 chunk_duration_s=2.5 payload_bytes=160000 posted_rms=0.016292 posted_samples=40000 pending_q=20 capture_gen_send=31
2026-05-22 08:05:05.438 [client] RAW text='OH.'
2026-05-22 08:05:05.441 [client] DISPLAY text=''
2026-05-22 08:05:05.442 [ASR] asr-00018 skipped marginal decode (noise-shaped caption).
2026-05-22 08:05:05.444 [ASR] [ASR ENTER SEND] mode=english_or_auto forcedLanguage=english recording=True samples=40000 rms=0.03800
2026-05-22 08:05:05.446 [client] SEND lang=english chunk_s=2.50 rms=0.038 silence_ratio=0.31
2026-05-22 08:05:05.449 [ASR] [ASR POST ATTEMPT] chunk_id=19 url=https://thedeezat-asr-hearing-impaired-api.hf.space/audio forcedLanguage=english samples=40000 sr=16000 chunk_s=2.50 rms=0.03800
2026-05-22 08:05:05.451 [ASR] [ASR SEND ATTEMPT] id=asr-00019 lang=english sr=16000 samples=40000 chunk_s=2.50 rms=0.01629 speech_ratio=0.086 voiced_ratio=0.934 bytes=160000 url=https://thedeezat-asr-hearing-impaired-api.hf.space/audio
2026-05-22 08:05:05.838 [client] MIC rms=0.002 peak=0.007 gain=8.00
2026-05-22 08:05:06.238 [ASR] [ASR RESPONSE] id=asr-00019 status=200 error= body={"text": "THANK YOU.", "infer_ms": 464.9, "total_ms": 620.03, "chunk_duration_s": 2.5, "speech_rms": 0.037874, "no_speech_prob": 0.131103515625, "avg_logprob": -0.8879413604736328, "compression_ratio": 0.5555555555555556…
2026-05-22 08:05:06.242 [ASR] asr-00019 diag text_len=10 infer_ms=464.9 total_ms=620.03 chunk_duration_s=2.5 payload_bytes=160000 posted_rms=0.016292 posted_samples=40000 pending_q=19 capture_gen_send=31
2026-05-22 08:05:06.244 [client] RAW text='THANK YOU.'
2026-05-22 08:05:06.246 [client] MERGE old='' new='Thank you.' merged='Thank you.'
2026-05-22 08:05:06.247 [client] DISPLAY text='Thank you.'
2026-05-22 08:05:06.249 [ASR] [ASR ENTER SEND] mode=english_or_auto forcedLanguage=english recording=True samples=40000 rms=0.03800
2026-05-22 08:05:06.251 [client] SEND lang=english chunk_s=2.50 rms=0.038 silence_ratio=0.25
2026-05-22 08:05:06.254 [ASR] [ASR POST ATTEMPT] chunk_id=20 url=https://thedeezat-asr-hearing-impaired-api.hf.space/audio forcedLanguage=english samples=40000 sr=16000 chunk_s=2.50 rms=0.03800
2026-05-22 08:05:06.255 [ASR] [ASR SEND ATTEMPT] id=asr-00020 lang=english sr=16000 samples=40000 chunk_s=2.50 rms=0.01629 speech_ratio=0.086 voiced_ratio=0.934 bytes=160000 url=https://thedeezat-asr-hearing-impaired-api.hf.space/audio
2026-05-22 08:05:06.261 [nmt] HTTP id=nmt-0002 status=200 src_lang=eng_Latn tgt_lang=ita_Latn body={"translation":"Ti amo tanto, amo la tua anima.","latency_ms":687.9,"request_id":"nmt-0002","source_lang":"eng_Latn","target_lang":"ita_Latn","model_variant":"NMT-v4-Casual-Weighted"}
2026-05-22 08:05:06.315 [nmt] RESULT have_resp=True src='Please don\'t go, please don\'t go I love you so, i love your soul. i love your soul.' tgt='Ti amo tanto, amo la tua anima.'
2026-05-22 08:05:06.319 [nmt] DISPLAY hold_s=4.0 q_after=0
2026-05-22 08:05:06.386 [client] BUFFER ms=2060 rms=0.002 peak=0.009
2026-05-22 08:05:06.572 [client] CLEAR reason=phrase_finalized_for_nmt
2026-05-22 08:05:06.575 [client] FINALIZE urgent=True age=0.31s ends_punct=True text='Thank you.'
2026-05-22 08:05:06.631 [nmt] SENTENCE italian_mode=False translation_en=True translation_it=False text='Thank you.'
2026-05-22 08:05:06.634 [nmt] ENQUEUE q=1 in_flight=False translation_on=True italian_mode=False text='Thank you.'
2026-05-22 08:05:06.636 [nmt] START italian_mode=False text='Thank you.'
2026-05-22 08:05:06.810 [nmt] RESULT have_resp=True src='Thank you.' tgt='Thank you.'
2026-05-22 08:05:06.813 [nmt] DISPLAY hold_s=4.0 q_after=0
2026-05-22 08:05:06.910 [client] SEND rms=0.025 silence_ratio=0.36 peak=1.000
2026-05-22 08:05:06.943 [ASR] Saved outgoing ASR chunk: asr_20260522_080506_935_00073_english.wav chunk_s=2.50 rms=0.02461
2026-05-22 08:05:06.992 [ASR] [ASR RESPONSE] id=asr-00020 status=200 error= body={"text": "", "infer_ms": 539.15, "total_ms": 568.17, "chunk_duration_s": 2.47, "speech_rms": 0.038155, "no_speech_prob": 0.043701171875, "avg_logprob": -0.09960937400658926, "compression_ratio": 1.0975609756097562}
2026-05-22 08:05:06.997 [ASR] asr-00020 diag text_len=0 infer_ms=539.15 total_ms=568.17 chunk_duration_s=2.47 payload_bytes=160000 posted_rms=0.024607 posted_samples=40000 pending_q=19 capture_gen_send=31
2026-05-22 08:05:06.999 [client] RAW text=''
2026-05-22 08:05:07.001 [ASR] asr-00020 empty response ignored (no append).
2026-05-22 08:05:07.003 [ASR] [ASR ENTER SEND] mode=english_or_auto forcedLanguage=english recording=True samples=40000 rms=0.03800
2026-05-22 08:05:07.006 [client] SEND lang=english chunk_s=2.50 rms=0.038 silence_ratio=0.21
2026-05-22 08:05:07.008 [ASR] [ASR POST ATTEMPT] chunk_id=21 url=https://thedeezat-asr-hearing-impaired-api.hf.space/audio forcedLanguage=english samples=40000 sr=16000 chunk_s=2.50 rms=0.03800
2026-05-22 08:05:07.009 [ASR] [ASR SEND ATTEMPT] id=asr-00021 lang=english sr=16000 samples=40000 chunk_s=2.50 rms=0.02461 speech_ratio=0.115 voiced_ratio=0.859 bytes=160000 url=https://thedeezat-asr-hearing-impaired-api.hf.space/audio
2026-05-22 08:05:07.411 [client] BUFFER ms=900 rms=0.002 peak=0.007
2026-05-22 08:05:07.851 [client] MIC rms=0.002 peak=0.007 gain=8.00
2026-05-22 08:05:07.902 [ASR] [ASR RESPONSE] id=asr-00021 status=200 error= body={"text": "", "infer_ms": 514.99, "total_ms": 682.93, "chunk_duration_s": 2.5, "speech_rms": 0.037944, "no_speech_prob": 0.07452392578125, "avg_logprob": -0.2318892153826627, "compression_ratio": 1.1666666666666667}
2026-05-22 08:05:07.905 [ASR] asr-00021 diag text_len=0 infer_ms=514.99 total_ms=682.93 chunk_duration_s=2.5 payload_bytes=160000 posted_rms=0.024607 posted_samples=40000 pending_q=18 capture_gen_send=31
2026-05-22 08:05:07.906 [client] RAW text=''
2026-05-22 08:05:07.909 [ASR] asr-00021 empty response ignored (no append).
2026-05-22 08:05:07.912 [ASR] [ASR ENTER SEND] mode=english_or_auto forcedLanguage=english recording=True samples=40000 rms=0.03715
2026-05-22 08:05:07.915 [client] SEND lang=english chunk_s=2.50 rms=0.037 silence_ratio=0.21
2026-05-22 08:05:07.916 [ASR] [ASR POST ATTEMPT] chunk_id=22 url=https://thedeezat-asr-hearing-impaired-api.hf.space/audio forcedLanguage=english samples=40000 sr=16000 chunk_s=2.50 rms=0.03715
2026-05-22 08:05:07.917 [ASR] [ASR SEND ATTEMPT] id=asr-00022 lang=english sr=16000 samples=40000 chunk_s=2.50 rms=0.02461 speech_ratio=0.115 voiced_ratio=0.859 bytes=160000 url=https://thedeezat-asr-hearing-impaired-api.hf.space/audio
2026-05-22 08:05:08.272 [ASR] [ASR RESPONSE] id=asr-00022 status=200 error= body={"text": "", "infer_ms": 178.57, "total_ms": 195.88, "chunk_duration_s": 2.5, "speech_rms": 0.036786, "no_speech_prob": 0.90234375, "avg_logprob": -0.593994140625, "compression_ratio": 0.2727272727272727}
2026-05-22 08:05:08.276 [ASR] asr-00022 diag text_len=0 infer_ms=178.57 total_ms=195.88 chunk_duration_s=2.5 payload_bytes=160000 posted_rms=0.024607 posted_samples=40000 pending_q=17 capture_gen_send=31
2026-05-22 08:05:08.277 [client] RAW text=''
2026-05-22 08:05:08.279 [ASR] asr-00022 empty response ignored (no append).
2026-05-22 08:05:08.282 [ASR] summary attempts=40 ok=14 fail=26 emptyText=6 inFlight=0
2026-05-22 08:05:08.284 [ASR] [ASR ENTER SEND] mode=english_or_auto forcedLanguage=english recording=True samples=40000 rms=0.02029
2026-05-22 08:05:08.286 [client] SEND lang=english chunk_s=2.50 rms=0.020 silence_ratio=0.32
2026-05-22 08:05:08.288 [ASR] [ASR POST ATTEMPT] chunk_id=23 url=https://thedeezat-asr-hearing-impaired-api.hf.space/audio forcedLanguage=english samples=40000 sr=16000 chunk_s=2.50 rms=0.02029
2026-05-22 08:05:08.289 [ASR] [ASR SEND ATTEMPT] id=asr-00023 lang=english sr=16000 samples=40000 chunk_s=2.50 rms=0.02461 speech_ratio=0.115 voiced_ratio=0.859 bytes=160000 url=https://thedeezat-asr-hearing-impaired-api.hf.space/audio
2026-05-22 08:05:08.470 [client] BUFFER ms=1940 rms=0.002 peak=0.008
2026-05-22 08:05:08.709 [ASR] [ASR RESPONSE] id=asr-00023 status=200 error= body={"text": "", "infer_ms": 177.74, "total_ms": 216.58, "chunk_duration_s": 2.5, "speech_rms": 0.020241, "no_speech_prob": 0.8935546875, "avg_logprob": -0.873046875, "compression_ratio": 0.2727272727272727}
2026-05-22 08:05:08.712 [ASR] asr-00023 diag text_len=0 infer_ms=177.74 total_ms=216.58 chunk_duration_s=2.5 payload_bytes=160000 posted_rms=0.024607 posted_samples=40000 pending_q=16 capture_gen_send=31
2026-05-22 08:05:08.716 [client] RAW text=''
2026-05-22 08:05:08.718 [ASR] asr-00023 empty response ignored (no append).
2026-05-22 08:05:08.721 [ASR] [ASR ENTER SEND] mode=english_or_auto forcedLanguage=english recording=True samples=40000 rms=0.03800
2026-05-22 08:05:08.724 [client] SEND lang=english chunk_s=2.50 rms=0.038 silence_ratio=0.24
2026-05-22 08:05:08.725 [ASR] [ASR POST ATTEMPT] chunk_id=24 url=https://thedeezat-asr-hearing-impaired-api.hf.space/audio forcedLanguage=english samples=40000 sr=16000 chunk_s=2.50 rms=0.03800
2026-05-22 08:05:08.727 [ASR] [ASR SEND ATTEMPT] id=asr-00024 lang=english sr=16000 samples=40000 chunk_s=2.50 rms=0.02461 speech_ratio=0.115 voiced_ratio=0.859 bytes=160000 url=https://thedeezat-asr-hearing-impaired-api.hf.space/audio
2026-05-22 08:05:09.096 [client] SEND rms=0.021 silence_ratio=0.36 peak=0.392
2026-05-22 08:05:09.113 [ASR] Saved outgoing ASR chunk: asr_20260522_080509_107_00074_english.wav chunk_s=2.50 rms=0.02063
2026-05-22 08:05:09.164 [ASR] [ASR RESPONSE] id=asr-00024 status=200 error= body={"text": "YEAH, I'M GONNA USE MY CORE", "infer_ms": 223.55, "total_ms": 252.94, "chunk_duration_s": 2.5, "speech_rms": 0.037915, "no_speech_prob": 0.5703125, "avg_logprob": -0.552597893608941, "compression_ratio": 0.7714…
2026-05-22 08:05:09.168 [ASR] asr-00024 diag text_len=27 infer_ms=223.55 total_ms=252.94 chunk_duration_s=2.5 payload_bytes=160000 posted_rms=0.020631 posted_samples=40000 pending_q=16 capture_gen_send=31
2026-05-22 08:05:09.171 [client] RAW text='YEAH, I\'M GONNA USE MY CORE'
2026-05-22 08:05:09.173 [client] MERGE old='' new='Yeah, i\'m gonna use my core' merged='Yeah, i\'m gonna use my core'
2026-05-22 08:05:09.174 [client] DISPLAY text='Yeah, i\'m gonna use my core'
2026-05-22 08:05:09.176 [ASR] [ASR ENTER SEND] mode=english_or_auto forcedLanguage=english recording=True samples=40000 rms=0.03800
2026-05-22 08:05:09.179 [client] SEND lang=english chunk_s=2.50 rms=0.038 silence_ratio=0.20
2026-05-22 08:05:09.181 [ASR] [ASR POST ATTEMPT] chunk_id=25 url=https://thedeezat-asr-hearing-impaired-api.hf.space/audio forcedLanguage=english samples=40000 sr=16000 chunk_s=2.50 rms=0.03800
2026-05-22 08:05:09.182 [ASR] [ASR SEND ATTEMPT] id=asr-00025 lang=english sr=16000 samples=40000 chunk_s=2.50 rms=0.02063 speech_ratio=0.116 voiced_ratio=0.894 bytes=160000 url=https://thedeezat-asr-hearing-impaired-api.hf.space/audio
2026-05-22 08:05:09.527 [client] BUFFER ms=790 rms=0.002 peak=0.006
2026-05-22 08:05:09.906 [client] MIC rms=0.033 peak=0.074 gain=8.00
2026-05-22 08:05:10.302 [ASR] [ASR RESPONSE] id=asr-00025 status=200 error= body={"text": "", "infer_ms": 513.87, "total_ms": 817.02, "chunk_duration_s": 2.5, "speech_rms": 0.037915, "no_speech_prob": 0.091796875, "avg_logprob": -0.2177734375, "compression_ratio": 1.08}
2026-05-22 08:05:10.305 [ASR] asr-00025 diag text_len=0 infer_ms=513.87 total_ms=817.02 chunk_duration_s=2.5 payload_bytes=160000 posted_rms=0.020631 posted_samples=40000 pending_q=15 capture_gen_send=31
2026-05-22 08:05:10.306 [client] RAW text=''
2026-05-22 08:05:10.308 [ASR] asr-00025 empty response ignored (no append).
2026-05-22 08:05:10.311 [ASR] [ASR ENTER SEND] mode=english_or_auto forcedLanguage=english recording=True samples=40000 rms=0.03800
2026-05-22 08:05:10.314 [client] SEND lang=english chunk_s=2.50 rms=0.038 silence_ratio=0.32
2026-05-22 08:05:10.316 [ASR] [ASR POST ATTEMPT] chunk_id=26 url=https://thedeezat-asr-hearing-impaired-api.hf.space/audio forcedLanguage=english samples=40000 sr=16000 chunk_s=2.50 rms=0.03800
2026-05-22 08:05:10.317 [ASR] [ASR SEND ATTEMPT] id=asr-00026 lang=english sr=16000 samples=40000 chunk_s=2.50 rms=0.02063 speech_ratio=0.116 voiced_ratio=0.894 bytes=160000 url=https://thedeezat-asr-hearing-impaired-api.hf.space/audio
2026-05-22 08:05:10.543 [client] BUFFER ms=1820 rms=0.022 peak=0.071
2026-05-22 08:05:11.171 [ASR] [ASR RESPONSE] id=asr-00026 status=200 error= body={"text": "", "infer_ms": 600.08, "total_ms": 638.21, "chunk_duration_s": 2.5, "speech_rms": 0.037942, "no_speech_prob": 0.271484375, "avg_logprob": -0.961822509765625, "compression_ratio": 0.5}
2026-05-22 08:05:11.175 [ASR] asr-00026 diag text_len=0 infer_ms=600.08 total_ms=638.21 chunk_duration_s=2.5 payload_bytes=160000 posted_rms=0.020631 posted_samples=40000 pending_q=14 capture_gen_send=31
2026-05-22 08:05:11.176 [client] RAW text=''
2026-05-22 08:05:11.178 [ASR] asr-00026 empty response ignored (no append).
2026-05-22 08:05:11.180 [ASR] [ASR ENTER SEND] mode=english_or_auto forcedLanguage=english recording=True samples=40000 rms=0.01638
2026-05-22 08:05:11.182 [client] SEND lang=english chunk_s=2.50 rms=0.016 silence_ratio=0.37
2026-05-22 08:05:11.184 [ASR] [ASR POST ATTEMPT] chunk_id=27 url=https://thedeezat-asr-hearing-impaired-api.hf.space/audio forcedLanguage=english samples=40000 sr=16000 chunk_s=2.50 rms=0.01638
2026-05-22 08:05:11.185 [ASR] [ASR SEND ATTEMPT] id=asr-00027 lang=english sr=16000 samples=40000 chunk_s=2.50 rms=0.02063 speech_ratio=0.116 voiced_ratio=0.894 bytes=160000 url=https://thedeezat-asr-hearing-impaired-api.hf.space/audio
2026-05-22 08:05:11.280 [client] SEND rms=0.038 silence_ratio=0.47 peak=0.200
2026-05-22 08:05:11.326 [ASR] Saved outgoing ASR chunk: asr_20260522_080511_316_00075_english.wav chunk_s=2.50 rms=0.03800
2026-05-22 08:05:11.549 [client] BUFFER ms=620 rms=0.006 peak=0.016
2026-05-22 08:05:11.606 [ASR] [ASR RESPONSE] id=asr-00027 status=200 error= body={"text": "", "infer_ms": 179.31, "total_ms": 192.19, "chunk_duration_s": 2.5, "speech_rms": 0.016361, "no_speech_prob": 0.91748046875, "avg_logprob": -0.8634033203125, "compression_ratio": 0.2727272727272727}
2026-05-22 08:05:11.612 [ASR] asr-00027 diag text_len=0 infer_ms=179.31 total_ms=192.19 chunk_duration_s=2.5 payload_bytes=160000 posted_rms=0.038000 posted_samples=40000 pending_q=14 capture_gen_send=31
2026-05-22 08:05:11.615 [client] RAW text=''
2026-05-22 08:05:11.617 [ASR] asr-00027 empty response ignored (no append).
2026-05-22 08:05:11.620 [ASR] [ASR ENTER SEND] mode=english_or_auto forcedLanguage=english recording=True samples=40000 rms=0.01716
2026-05-22 08:05:11.623 [client] SEND lang=english chunk_s=2.50 rms=0.017 silence_ratio=0.36
2026-05-22 08:05:11.626 [ASR] [ASR POST ATTEMPT] chunk_id=28 url=https://thedeezat-asr-hearing-impaired-api.hf.space/audio forcedLanguage=english samples=40000 sr=16000 chunk_s=2.50 rms=0.01716
2026-05-22 08:05:11.627 [ASR] [ASR SEND ATTEMPT] id=asr-00028 lang=english sr=16000 samples=40000 chunk_s=2.50 rms=0.03800 speech_ratio=0.288 voiced_ratio=0.944 bytes=160000 url=https://thedeezat-asr-hearing-impaired-api.hf.space/audio
2026-05-22 08:05:11.922 [client] MIC rms=0.002 peak=0.007 gain=2.18
2026-05-22 08:05:12.088 [ASR] [ASR RESPONSE] id=asr-00028 status=200 error= body={"text": "", "infer_ms": 181.06, "total_ms": 242.84, "chunk_duration_s": 2.5, "speech_rms": 0.017133, "no_speech_prob": 0.90673828125, "avg_logprob": -0.913818359375, "compression_ratio": 0.2727272727272727}
2026-05-22 08:05:12.094 [ASR] asr-00028 HTTP 200 chunk #20 resp: {"text": "", "infer_ms": 181.06, "total_ms": 242.84, "chunk_duration_s": 2.5, "speech_rms": 0.017133, "no_speech_prob": 0.90673828125, "avg_logprob": -0.9138183…
2026-05-22 08:05:12.096 [ASR] asr-00028 diag text_len=0 infer_ms=181.06 total_ms=242.84 chunk_duration_s=2.5 payload_bytes=160000 posted_rms=0.038000 posted_samples=40000 pending_q=13 capture_gen_send=31
2026-05-22 08:05:12.097 [client] RAW text=''
2026-05-22 08:05:12.100 [ASR] asr-00028 empty response ignored (no append).
2026-05-22 08:05:12.102 [ASR] [ASR ENTER SEND] mode=english_or_auto forcedLanguage=english recording=True samples=40000 rms=0.01724
2026-05-22 08:05:12.105 [client] SEND lang=english chunk_s=2.50 rms=0.017 silence_ratio=0.36
2026-05-22 08:05:12.107 [ASR] [ASR POST ATTEMPT] chunk_id=29 url=https://thedeezat-asr-hearing-impaired-api.hf.space/audio forcedLanguage=english samples=40000 sr=16000 chunk_s=2.50 rms=0.01724
2026-05-22 08:05:12.110 [ASR] [ASR SEND ATTEMPT] id=asr-00029 lang=english sr=16000 samples=40000 chunk_s=2.50 rms=0.03800 speech_ratio=0.288 voiced_ratio=0.944 bytes=160000 url=https://thedeezat-asr-hearing-impaired-api.hf.space/audio
2026-05-22 08:05:12.568 [ASR] [ASR RESPONSE] id=asr-00029 status=200 error= body={"text": "", "infer_ms": 178.86, "total_ms": 241.93, "chunk_duration_s": 2.5, "speech_rms": 0.017213, "no_speech_prob": 0.89208984375, "avg_logprob": -0.889892578125, "compression_ratio": 0.2727272727272727}
2026-05-22 08:05:12.574 [ASR] asr-00029 diag text_len=0 infer_ms=178.86 total_ms=241.93 chunk_duration_s=2.5 payload_bytes=160000 posted_rms=0.038000 posted_samples=40000 pending_q=12 capture_gen_send=31
2026-05-22 08:05:12.576 [client] RAW text=''
2026-05-22 08:05:12.578 [ASR] asr-00029 empty response ignored (no append).
2026-05-22 08:05:12.580 [ASR] [ASR ENTER SEND] mode=english_or_auto forcedLanguage=english recording=True samples=40000 rms=0.01682
2026-05-22 08:05:12.582 [client] SEND lang=english chunk_s=2.50 rms=0.017 silence_ratio=0.37
2026-05-22 08:05:12.583 [ASR] [ASR POST ATTEMPT] chunk_id=30 url=https://thedeezat-asr-hearing-impaired-api.hf.space/audio forcedLanguage=english samples=40000 sr=16000 chunk_s=2.50 rms=0.01682
2026-05-22 08:05:12.585 [ASR] [ASR SEND ATTEMPT] id=asr-00030 lang=english sr=16000 samples=40000 chunk_s=2.50 rms=0.03800 speech_ratio=0.288 voiced_ratio=0.944 bytes=160000 url=https://thedeezat-asr-hearing-impaired-api.hf.space/audio
2026-05-22 08:05:12.589 [client] BUFFER ms=1660 rms=0.002 peak=0.007
2026-05-22 08:05:13.045 [ASR] [ASR RESPONSE] id=asr-00030 status=200 error= body={"text": "", "infer_ms": 179.01, "total_ms": 205.46, "chunk_duration_s": 2.5, "speech_rms": 0.0168, "no_speech_prob": 0.91943359375, "avg_logprob": -0.860015869140625, "compression_ratio": 0.2727272727272727}
2026-05-22 08:05:13.052 [ASR] asr-00030 diag text_len=0 infer_ms=179.01 total_ms=205.46 chunk_duration_s=2.5 payload_bytes=160000 posted_rms=0.038000 posted_samples=40000 pending_q=11 capture_gen_send=31
2026-05-22 08:05:13.055 [client] RAW text=''
2026-05-22 08:05:13.056 [ASR] asr-00030 empty response ignored (no append).
2026-05-22 08:05:13.058 [ASR] [ASR ENTER SEND] mode=english_or_auto forcedLanguage=english recording=True samples=40000 rms=0.01686
2026-05-22 08:05:13.061 [client] SEND lang=english chunk_s=2.50 rms=0.017 silence_ratio=0.36
2026-05-22 08:05:13.063 [ASR] [ASR POST ATTEMPT] chunk_id=31 url=https://thedeezat-asr-hearing-impaired-api.hf.space/audio forcedLanguage=english samples=40000 sr=16000 chunk_s=2.50 rms=0.01686
2026-05-22 08:05:13.064 [ASR] [ASR SEND ATTEMPT] id=asr-00031 lang=english sr=16000 samples=40000 chunk_s=2.50 rms=0.03800 speech_ratio=0.288 voiced_ratio=0.944 bytes=160000 url=https://thedeezat-asr-hearing-impaired-api.hf.space/audio
2026-05-22 08:05:13.485 [client] SEND rms=0.038 silence_ratio=0.34 peak=0.274
2026-05-22 08:05:13.504 [ASR] Saved outgoing ASR chunk: asr_20260522_080513_496_00076_english.wav chunk_s=2.50 rms=0.03800
2026-05-22 08:05:13.551 [ASR] [ASR RESPONSE] id=asr-00031 status=200 error= body={"text": "", "infer_ms": 177.99, "total_ms": 214.36, "chunk_duration_s": 2.5, "speech_rms": 0.016839, "no_speech_prob": 0.92041015625, "avg_logprob": -0.9029541015625, "compression_ratio": 0.2727272727272727}
2026-05-22 08:05:13.554 [ASR] asr-00031 diag text_len=0 infer_ms=177.99 total_ms=214.36 chunk_duration_s=2.5 payload_bytes=160000 posted_rms=0.038000 posted_samples=40000 pending_q=11 capture_gen_send=31
2026-05-22 08:05:13.556 [client] RAW text=''
2026-05-22 08:05:13.559 [ASR] asr-00031 empty response ignored (no append).
2026-05-22 08:05:13.564 [ASR] [ASR ENTER SEND] mode=english_or_auto forcedLanguage=english recording=True samples=40000 rms=0.01636
2026-05-22 08:05:13.566 [client] SEND lang=english chunk_s=2.50 rms=0.016 silence_ratio=0.37
2026-05-22 08:05:13.568 [ASR] [ASR POST ATTEMPT] chunk_id=32 url=https://thedeezat-asr-hearing-impaired-api.hf.space/audio forcedLanguage=english samples=40000 sr=16000 chunk_s=2.50 rms=0.01636
2026-05-22 08:05:13.569 [ASR] [ASR SEND ATTEMPT] id=asr-00032 lang=english sr=16000 samples=40000 chunk_s=2.50 rms=0.03800 speech_ratio=0.226 voiced_ratio=0.960 bytes=160000 url=https://thedeezat-asr-hearing-impaired-api.hf.space/audio
2026-05-22 08:05:13.623 [client] BUFFER ms=500 rms=0.003 peak=0.008
2026-05-22 08:05:13.963 [ASR] [ASR RESPONSE] id=asr-00032 status=200 error= body={"text": "", "infer_ms": 179.34, "total_ms": 212.71, "chunk_duration_s": 2.5, "speech_rms": 0.016334, "no_speech_prob": 0.90283203125, "avg_logprob": -0.7908935546875, "compression_ratio": 0.2727272727272727}
2026-05-22 08:05:13.967 [ASR] asr-00032 diag text_len=0 infer_ms=179.34 total_ms=212.71 chunk_duration_s=2.5 payload_bytes=160000 posted_rms=0.038000 posted_samples=40000 pending_q=10 capture_gen_send=31
2026-05-22 08:05:13.968 [client] RAW text=''
2026-05-22 08:05:13.972 [ASR] asr-00032 empty response ignored (no append).
2026-05-22 08:05:13.974 [ASR] [ASR ENTER SEND] mode=english_or_auto forcedLanguage=english recording=True samples=40000 rms=0.01778
2026-05-22 08:05:13.976 [client] SEND lang=english chunk_s=2.50 rms=0.018 silence_ratio=0.35
2026-05-22 08:05:13.977 [ASR] [ASR POST ATTEMPT] chunk_id=33 url=https://thedeezat-asr-hearing-impaired-api.hf.space/audio forcedLanguage=english samples=40000 sr=16000 chunk_s=2.50 rms=0.01778
2026-05-22 08:05:13.980 [ASR] [ASR SEND ATTEMPT] id=asr-00033 lang=english sr=16000 samples=40000 chunk_s=2.50 rms=0.03800 speech_ratio=0.226 voiced_ratio=0.960 bytes=160000 url=https://thedeezat-asr-hearing-impaired-api.hf.space/audio
2026-05-22 08:05:13.986 [client] MIC rms=0.002 peak=0.006 gain=5.78
2026-05-22 08:05:14.394 [ASR] [ASR RESPONSE] id=asr-00033 status=200 error= body={"text": "", "infer_ms": 179.63, "total_ms": 211.43, "chunk_duration_s": 2.5, "speech_rms": 0.017758, "no_speech_prob": 0.89697265625, "avg_logprob": -0.813079833984375, "compression_ratio": 0.2727272727272727}
2026-05-22 08:05:14.397 [ASR] asr-00033 diag text_len=0 infer_ms=179.63 total_ms=211.43 chunk_duration_s=2.5 payload_bytes=160000 posted_rms=0.038000 posted_samples=40000 pending_q=9 capture_gen_send=31
2026-05-22 08:05:14.402 [client] RAW text=''
2026-05-22 08:05:14.404 [ASR] asr-00033 empty response ignored (no append).
2026-05-22 08:05:14.405 [ASR] [ASR ENTER SEND] mode=english_or_auto forcedLanguage=english recording=True samples=40000 rms=0.02088
2026-05-22 08:05:14.407 [client] SEND lang=english chunk_s=2.50 rms=0.021 silence_ratio=0.31
2026-05-22 08:05:14.409 [ASR] [ASR POST ATTEMPT] chunk_id=34 url=https://thedeezat-asr-hearing-impaired-api.hf.space/audio forcedLanguage=english samples=40000 sr=16000 chunk_s=2.50 rms=0.02088
2026-05-22 08:05:14.410 [ASR] [ASR SEND ATTEMPT] id=asr-00034 lang=english sr=16000 samples=40000 chunk_s=2.50 rms=0.03800 speech_ratio=0.226 voiced_ratio=0.960 bytes=160000 url=https://thedeezat-asr-hearing-impaired-api.hf.space/audio
2026-05-22 08:05:14.642 [client] BUFFER ms=1510 rms=0.002 peak=0.007
2026-05-22 08:05:15.083 [ASR] [ASR RESPONSE] id=asr-00034 status=200 error= body={"text": "THANK YOU.", "infer_ms": 456.02, "total_ms": 474.26, "chunk_duration_s": 2.5, "speech_rms": 0.02085, "no_speech_prob": 0.2032470703125, "avg_logprob": -0.5818996578454971, "compression_ratio": 0.555555555555555…
2026-05-22 08:05:15.086 [ASR] asr-00034 diag text_len=10 infer_ms=456.02 total_ms=474.26 chunk_duration_s=2.5 payload_bytes=160000 posted_rms=0.038000 posted_samples=40000 pending_q=8 capture_gen_send=31
2026-05-22 08:05:15.088 [client] RAW text='THANK YOU.'
2026-05-22 08:05:15.089 [client] MERGE old='Yeah, i\'m gonna use my core' new='Thank you.' merged='Yeah, i\'m gonna use my core Thank you.'
2026-05-22 08:05:15.090 [client] DISPLAY text='Yeah, i\'m gonna use my core Thank you.'
2026-05-22 08:05:15.092 [ASR] [ASR ENTER SEND] mode=english_or_auto forcedLanguage=english recording=True samples=40000 rms=0.01951
2026-05-22 08:05:15.096 [client] SEND lang=english chunk_s=2.50 rms=0.020 silence_ratio=0.32
2026-05-22 08:05:15.097 [ASR] [ASR POST ATTEMPT] chunk_id=35 url=https://thedeezat-asr-hearing-impaired-api.hf.space/audio forcedLanguage=english samples=40000 sr=16000 chunk_s=2.50 rms=0.01951
2026-05-22 08:05:15.098 [ASR] [ASR SEND ATTEMPT] id=asr-00035 lang=english sr=16000 samples=40000 chunk_s=2.50 rms=0.03800 speech_ratio=0.226 voiced_ratio=0.960 bytes=160000 url=https://thedeezat-asr-hearing-impaired-api.hf.space/audio
2026-05-22 08:05:15.405 [client] CLEAR reason=phrase_finalized_for_nmt
2026-05-22 08:05:15.409 [client] FINALIZE urgent=True age=6.22s ends_punct=True text='Yeah, i\'m gonna use my core Thank you.'
2026-05-22 08:05:15.464 [nmt] SENTENCE italian_mode=False translation_en=True translation_it=False text='Yeah, i\'m gonna use my core Thank you.'
2026-05-22 08:05:15.469 [nmt] ENQUEUE q=1 in_flight=False translation_on=True italian_mode=False text='Yeah, i\'m gonna use my core Thank you.'
2026-05-22 08:05:15.472 [nmt] START italian_mode=False text='Yeah, i\'m gonna use my core Thank you.'
2026-05-22 08:05:15.639 [nmt] RESULT have_resp=True src='Yeah, i\'m gonna use my core Thank you.' tgt='Yeah, i\'m gonna use my core Thank you.'
2026-05-22 08:05:15.643 [nmt] DISPLAY hold_s=4.0 q_after=0
2026-05-22 08:05:15.645 [client] BUFFER ms=2520 rms=0.002 peak=0.009
2026-05-22 08:05:15.682 [client] SEND rms=0.020 silence_ratio=0.33 peak=0.104
2026-05-22 08:05:15.703 [ASR] Saved outgoing ASR chunk: asr_20260522_080515_694_00077_english.wav chunk_s=2.50 rms=0.02007
2026-05-22 08:05:16.001 [client] MIC rms=0.003 peak=0.011 gain=8.00
2026-05-22 08:05:16.523 [ASR] [ASR RESPONSE] id=asr-00035 status=200 error= body={"text": "", "infer_ms": 182.35, "total_ms": 588.46, "chunk_duration_s": 2.5, "speech_rms": 0.019481, "no_speech_prob": 0.90869140625, "avg_logprob": -0.76971435546875, "compression_ratio": 0.2727272727272727}
2026-05-22 08:05:16.527 [ASR] asr-00035 diag text_len=0 infer_ms=182.35 total_ms=588.46 chunk_duration_s=2.5 payload_bytes=160000 posted_rms=0.020068 posted_samples=40000 pending_q=8 capture_gen_send=31
2026-05-22 08:05:16.529 [client] RAW text=''
2026-05-22 08:05:16.531 [ASR] asr-00035 empty response ignored (no append).
2026-05-22 08:05:16.533 [ASR] [ASR ENTER SEND] mode=english_or_auto forcedLanguage=english recording=True samples=40000 rms=0.02498
2026-05-22 08:05:16.535 [client] SEND lang=english chunk_s=2.50 rms=0.025 silence_ratio=0.26
2026-05-22 08:05:16.537 [ASR] [ASR POST ATTEMPT] chunk_id=36 url=https://thedeezat-asr-hearing-impaired-api.hf.space/audio forcedLanguage=english samples=40000 sr=16000 chunk_s=2.50 rms=0.02498
2026-05-22 08:05:16.538 [ASR] [ASR SEND ATTEMPT] id=asr-00036 lang=english sr=16000 samples=40000 chunk_s=2.50 rms=0.02007 speech_ratio=0.150 voiced_ratio=0.939 bytes=160000 url=https://thedeezat-asr-hearing-impaired-api.hf.space/audio
2026-05-22 08:05:16.655 [client] BUFFER ms=1330 rms=0.002 peak=0.007
2026-05-22 08:05:17.206 [ASR] [ASR RESPONSE] id=asr-00036 status=200 error= body={"text": "", "infer_ms": 463.81, "total_ms": 484.98, "chunk_duration_s": 2.5, "speech_rms": 0.024931, "no_speech_prob": 0.1339111328125, "avg_logprob": -0.5722656100988388, "compression_ratio": 0.5555555555555556}
2026-05-22 08:05:17.213 [ASR] asr-00036 diag text_len=0 infer_ms=463.81 total_ms=484.98 chunk_duration_s=2.5 payload_bytes=160000 posted_rms=0.020068 posted_samples=40000 pending_q=7 capture_gen_send=31
2026-05-22 08:05:17.214 [client] RAW text=''
2026-05-22 08:05:17.217 [ASR] asr-00036 empty response ignored (no append).
2026-05-22 08:05:17.219 [ASR] [ASR ENTER SEND] mode=english_or_auto forcedLanguage=english recording=True samples=40000 rms=0.01924
2026-05-22 08:05:17.222 [client] SEND lang=english chunk_s=2.50 rms=0.019 silence_ratio=0.33
2026-05-22 08:05:17.223 [ASR] [ASR POST ATTEMPT] chunk_id=37 url=https://thedeezat-asr-hearing-impaired-api.hf.space/audio forcedLanguage=english samples=40000 sr=16000 chunk_s=2.50 rms=0.01924
2026-05-22 08:05:17.225 [ASR] [ASR SEND ATTEMPT] id=asr-00037 lang=english sr=16000 samples=40000 chunk_s=2.50 rms=0.02007 speech_ratio=0.150 voiced_ratio=0.939 bytes=160000 url=https://thedeezat-asr-hearing-impaired-api.hf.space/audio
2026-05-22 08:05:17.614 [ASR] [ASR RESPONSE] id=asr-00037 status=200 error= body={"text": "", "infer_ms": 187.05, "total_ms": 221.28, "chunk_duration_s": 2.5, "speech_rms": 0.019211, "no_speech_prob": 0.87890625, "avg_logprob": -0.874755859375, "compression_ratio": 0.2727272727272727}
2026-05-22 08:05:17.618 [ASR] asr-00037 diag text_len=0 infer_ms=187.05 total_ms=221.28 chunk_duration_s=2.5 payload_bytes=160000 posted_rms=0.020068 posted_samples=40000 pending_q=6 capture_gen_send=31
2026-05-22 08:05:17.620 [client] RAW text=''
2026-05-22 08:05:17.623 [ASR] asr-00037 empty response ignored (no append).
2026-05-22 08:05:17.625 [ASR] [ASR ENTER SEND] mode=english_or_auto forcedLanguage=english recording=True samples=40000 rms=0.01629
2026-05-22 08:05:17.627 [client] SEND lang=english chunk_s=2.50 rms=0.016 silence_ratio=0.38
2026-05-22 08:05:17.629 [ASR] [ASR POST ATTEMPT] chunk_id=38 url=https://thedeezat-asr-hearing-impaired-api.hf.space/audio forcedLanguage=english samples=40000 sr=16000 chunk_s=2.50 rms=0.01629
2026-05-22 08:05:17.631 [ASR] [ASR SEND ATTEMPT] id=asr-00038 lang=english sr=16000 samples=40000 chunk_s=2.50 rms=0.02007 speech_ratio=0.150 voiced_ratio=0.939 bytes=160000 url=https://thedeezat-asr-hearing-impaired-api.hf.space/audio
2026-05-22 08:05:17.688 [client] BUFFER ms=2370 rms=0.002 peak=0.007
2026-05-22 08:05:17.931 [ASR] Saved outgoing ASR chunk: asr_20260522_080517_923_00078_english.wav chunk_s=2.50 rms=0.01813
2026-05-22 08:05:18.037 [ASR] [ASR RESPONSE] id=asr-00038 status=200 error= body={"text": "", "infer_ms": 180.01, "total_ms": 198.79, "chunk_duration_s": 2.5, "speech_rms": 0.016273, "no_speech_prob": 0.8818359375, "avg_logprob": -0.885009765625, "compression_ratio": 0.2727272727272727}
2026-05-22 08:05:18.043 [ASR] asr-00038 diag text_len=0 infer_ms=180.01 total_ms=198.79 chunk_duration_s=2.5 payload_bytes=160000 posted_rms=0.018130 posted_samples=40000 pending_q=6 capture_gen_send=31
2026-05-22 08:05:18.046 [client] RAW text=''
2026-05-22 08:05:18.048 [ASR] asr-00038 empty response ignored (no append).
2026-05-22 08:05:18.050 [ASR] [ASR ENTER SEND] mode=english_or_auto forcedLanguage=english recording=True samples=40000 rms=0.02461
2026-05-22 08:05:18.052 [client] SEND lang=english chunk_s=2.50 rms=0.025 silence_ratio=0.36
2026-05-22 08:05:18.054 [ASR] [ASR POST ATTEMPT] chunk_id=39 url=https://thedeezat-asr-hearing-impaired-api.hf.space/audio forcedLanguage=english samples=40000 sr=16000 chunk_s=2.50 rms=0.02461
2026-05-22 08:05:18.056 [ASR] [ASR SEND ATTEMPT] id=asr-00039 lang=english sr=16000 samples=40000 chunk_s=2.50 rms=0.01813 speech_ratio=0.122 voiced_ratio=0.975 bytes=160000 url=https://thedeezat-asr-hearing-impaired-api.hf.space/audio
2026-05-22 08:05:18.061 [client] MIC rms=0.002 peak=0.008 gain=8.00
2026-05-22 08:05:18.733 [ASR] [ASR RESPONSE] id=asr-00039 status=200 error= body={"text": "", "infer_ms": 459.48, "total_ms": 491.87, "chunk_duration_s": 2.5, "speech_rms": 0.024479, "no_speech_prob": 0.1253662109375, "avg_logprob": -0.07781982421875, "compression_ratio": 0.5555555555555556}
2026-05-22 08:05:18.736 [ASR] asr-00039 diag text_len=0 infer_ms=459.48 total_ms=491.87 chunk_duration_s=2.5 payload_bytes=160000 posted_rms=0.018130 posted_samples=40000 pending_q=5 capture_gen_send=31
2026-05-22 08:05:18.737 [client] RAW text=''
2026-05-22 08:05:18.739 [ASR] asr-00039 empty response ignored (no append).
2026-05-22 08:05:18.741 [ASR] [ASR ENTER SEND] mode=english_or_auto forcedLanguage=english recording=True samples=40000 rms=0.02063
2026-05-22 08:05:18.743 [client] SEND lang=english chunk_s=2.50 rms=0.021 silence_ratio=0.36
2026-05-22 08:05:18.745 [ASR] [ASR POST ATTEMPT] chunk_id=40 url=https://thedeezat-asr-hearing-impaired-api.hf.space/audio forcedLanguage=english samples=40000 sr=16000 chunk_s=2.50 rms=0.02063
2026-05-22 08:05:18.746 [ASR] [ASR SEND ATTEMPT] id=asr-00040 lang=english sr=16000 samples=40000 chunk_s=2.50 rms=0.01813 speech_ratio=0.122 voiced_ratio=0.975 bytes=160000 url=https://thedeezat-asr-hearing-impaired-api.hf.space/audio
2026-05-22 08:05:18.751 [client] BUFFER ms=1220 rms=0.002 peak=0.007
2026-05-22 08:05:19.142 [ASR] [ASR RESPONSE] id=asr-00040 status=200 error= body={"text": "", "infer_ms": 192.68, "total_ms": 214.4, "chunk_duration_s": 2.5, "speech_rms": 0.020612, "no_speech_prob": 0.84326171875, "avg_logprob": -0.6144046783447266, "compression_ratio": 0.5555555555555556}
2026-05-22 08:05:19.144 [ASR] asr-00040 diag text_len=0 infer_ms=192.68 total_ms=214.4 chunk_duration_s=2.5 payload_bytes=160000 posted_rms=0.018130 posted_samples=40000 pending_q=4 capture_gen_send=31
2026-05-22 08:05:19.147 [client] RAW text=''
2026-05-22 08:05:19.149 [ASR] asr-00040 empty response ignored (no append).
2026-05-22 08:05:19.151 [ASR] [ASR ENTER SEND] mode=english_or_auto forcedLanguage=english recording=True samples=40000 rms=0.03800
2026-05-22 08:05:19.153 [client] SEND lang=english chunk_s=2.50 rms=0.038 silence_ratio=0.47
2026-05-22 08:05:19.155 [ASR] [ASR POST ATTEMPT] chunk_id=41 url=https://thedeezat-asr-hearing-impaired-api.hf.space/audio forcedLanguage=english samples=40000 sr=16000 chunk_s=2.50 rms=0.03800
2026-05-22 08:05:19.157 [ASR] [ASR SEND ATTEMPT] id=asr-00041 lang=english sr=16000 samples=40000 chunk_s=2.50 rms=0.01813 speech_ratio=0.122 voiced_ratio=0.975 bytes=160000 url=https://thedeezat-asr-hearing-impaired-api.hf.space/audio
2026-05-22 08:05:19.565 [ASR] [ASR RESPONSE] id=asr-00041 status=200 error= body={"text": "PLEASE DON'T GO...", "infer_ms": 205.22, "total_ms": 240.14, "chunk_duration_s": 1.58, "speech_rms": 0.047543, "no_speech_prob": 0.03302001953125, "avg_logprob": -0.2597402036190033, "compression_ratio": 0.6923…
2026-05-22 08:05:19.571 [ASR] asr-00041 diag text_len=18 infer_ms=205.22 total_ms=240.14 chunk_duration_s=1.58 payload_bytes=160000 posted_rms=0.018130 posted_samples=40000 pending_q=3 capture_gen_send=31
2026-05-22 08:05:19.573 [client] RAW text='PLEASE DON\'T GO...'
2026-05-22 08:05:19.575 [client] MERGE old='' new='Please don\'t go...' merged='Please don\'t go...'
2026-05-22 08:05:19.577 [client] DISPLAY text='Please don\'t go...'
2026-05-22 08:05:19.579 [ASR] [ASR ENTER SEND] mode=english_or_auto forcedLanguage=english recording=True samples=40000 rms=0.03800
2026-05-22 08:05:19.581 [client] SEND lang=english chunk_s=2.50 rms=0.038 silence_ratio=0.34
2026-05-22 08:05:19.584 [ASR] [ASR POST ATTEMPT] chunk_id=42 url=https://thedeezat-asr-hearing-impaired-api.hf.space/audio forcedLanguage=english samples=40000 sr=16000 chunk_s=2.50 rms=0.03800
2026-05-22 08:05:19.586 [ASR] [ASR SEND ATTEMPT] id=asr-00042 lang=english sr=16000 samples=40000 chunk_s=2.50 rms=0.01813 speech_ratio=0.122 voiced_ratio=0.975 bytes=160000 url=https://thedeezat-asr-hearing-impaired-api.hf.space/audio
2026-05-22 08:05:19.760 [client] BUFFER ms=2230 rms=0.002 peak=0.007
2026-05-22 08:05:19.878 [client] CLEAR reason=phrase_finalized_for_nmt
2026-05-22 08:05:19.886 [client] FINALIZE urgent=True age=0.29s ends_punct=True text='Please don\'t go...'
2026-05-22 08:05:19.943 [nmt] SENTENCE italian_mode=False translation_en=True translation_it=False text='Please don\'t go...'
2026-05-22 08:05:19.946 [nmt] ENQUEUE q=1 in_flight=False translation_on=True italian_mode=False text='Please don\'t go...'
2026-05-22 08:05:19.948 [nmt] START italian_mode=False text='Please don\'t go...'
2026-05-22 08:05:20.072 [client] MIC rms=0.002 peak=0.008 gain=8.00
2026-05-22 08:05:20.144 [ASR] Saved outgoing ASR chunk: asr_20260522_080520_127_00079_english.wav chunk_s=2.50 rms=0.01668
2026-05-22 08:05:20.775 [client] BUFFER ms=1060 rms=0.002 peak=0.006
2026-05-22 08:05:20.897 [nmt] HTTP id=nmt-0005 status=200 src_lang=eng_Latn tgt_lang=ita_Latn body={"translation":"Ti prego, non andare...","latency_ms":315.2,"request_id":"nmt-0005","source_lang":"eng_Latn","target_lang":"ita_Latn","model_variant":"NMT-v4-Casual-Weighted"}
2026-05-22 08:05:20.957 [nmt] RESULT have_resp=True src='Please don\'t go...' tgt='Ti prego, non andare...'
2026-05-22 08:05:20.960 [nmt] DISPLAY hold_s=4.0 q_after=0
2026-05-22 08:05:21.068 [ASR] [ASR RESPONSE] id=asr-00042 status=200 error= body={"text": "", "infer_ms": 186.61, "total_ms": 633.47, "chunk_duration_s": 2.5, "speech_rms": 0.037838, "no_speech_prob": 0.6435546875, "avg_logprob": -0.5503031412760416, "compression_ratio": 0.38461538461538464}
2026-05-22 08:05:21.075 [ASR] asr-00042 diag text_len=0 infer_ms=186.61 total_ms=633.47 chunk_duration_s=2.5 payload_bytes=160000 posted_rms=0.016680 posted_samples=40000 pending_q=3 capture_gen_send=31
2026-05-22 08:05:21.077 [client] RAW text=''
2026-05-22 08:05:21.079 [ASR] asr-00042 empty response ignored (no append).
2026-05-22 08:05:21.082 [ASR] summary attempts=60 ok=34 fail=26 emptyText=23 inFlight=0
2026-05-22 08:05:21.084 [ASR] [ASR ENTER SEND] mode=english_or_auto forcedLanguage=english recording=True samples=40000 rms=0.02007
2026-05-22 08:05:21.086 [client] SEND lang=english chunk_s=2.50 rms=0.020 silence_ratio=0.33
2026-05-22 08:05:21.089 [ASR] [ASR POST ATTEMPT] chunk_id=43 url=https://thedeezat-asr-hearing-impaired-api.hf.space/audio forcedLanguage=english samples=40000 sr=16000 chunk_s=2.50 rms=0.02007
2026-05-22 08:05:21.092 [ASR] [ASR SEND ATTEMPT] id=asr-00043 lang=english sr=16000 samples=40000 chunk_s=2.50 rms=0.01668 speech_ratio=0.093 voiced_ratio=0.904 bytes=160000 url=https://thedeezat-asr-hearing-impaired-api.hf.space/audio
2026-05-22 08:05:21.622 [ASR] [ASR RESPONSE] id=asr-00043 status=200 error= body={"text": "", "infer_ms": 179.1, "total_ms": 365.76, "chunk_duration_s": 2.5, "speech_rms": 0.020046, "no_speech_prob": 0.88427734375, "avg_logprob": -0.839385986328125, "compression_ratio": 0.2727272727272727}
2026-05-22 08:05:21.627 [ASR] asr-00043 diag text_len=0 infer_ms=179.1 total_ms=365.76 chunk_duration_s=2.5 payload_bytes=160000 posted_rms=0.016680 posted_samples=40000 pending_q=2 capture_gen_send=31
2026-05-22 08:05:21.629 [client] RAW text=''
2026-05-22 08:05:21.633 [ASR] asr-00043 empty response ignored (no append).
2026-05-22 08:05:21.635 [ASR] [ASR ENTER SEND] mode=english_or_auto forcedLanguage=english recording=True samples=40000 rms=0.01813
2026-05-22 08:05:21.637 [client] SEND lang=english chunk_s=2.50 rms=0.018 silence_ratio=0.35
2026-05-22 08:05:21.639 [ASR] [ASR POST ATTEMPT] chunk_id=44 url=https://thedeezat-asr-hearing-impaired-api.hf.space/audio forcedLanguage=english samples=40000 sr=16000 chunk_s=2.50 rms=0.01813
2026-05-22 08:05:21.640 [ASR] [ASR SEND ATTEMPT] id=asr-00044 lang=english sr=16000 samples=40000 chunk_s=2.50 rms=0.01668 speech_ratio=0.093 voiced_ratio=0.904 bytes=160000 url=https://thedeezat-asr-hearing-impaired-api.hf.space/audio
2026-05-22 08:05:21.819 [client] BUFFER ms=2100 rms=0.002 peak=0.005
2026-05-22 08:05:22.077 [client] MIC rms=0.002 peak=0.008 gain=8.00
2026-05-22 08:05:22.301 [ASR] Saved outgoing ASR chunk: asr_20260522_080522_294_00080_english.wav chunk_s=2.50 rms=0.01676
2026-05-22 08:05:22.352 [ASR] [ASR RESPONSE] id=asr-00044 status=200 error= body={"text": "", "infer_ms": 446.76, "total_ms": 488.84, "chunk_duration_s": 2.5, "speech_rms": 0.018107, "no_speech_prob": 0.1395263671875, "avg_logprob": -0.2890624925494194, "compression_ratio": 0.5555555555555556}
2026-05-22 08:05:22.356 [ASR] asr-00044 diag text_len=0 infer_ms=446.76 total_ms=488.84 chunk_duration_s=2.5 payload_bytes=160000 posted_rms=0.016756 posted_samples=40000 pending_q=2 capture_gen_send=31
2026-05-22 08:05:22.357 [client] RAW text=''
2026-05-22 08:05:22.360 [ASR] asr-00044 empty response ignored (no append).
2026-05-22 08:05:22.364 [ASR] [ASR ENTER SEND] mode=english_or_auto forcedLanguage=english recording=True samples=40000 rms=0.01668
2026-05-22 08:05:22.366 [client] SEND lang=english chunk_s=2.50 rms=0.017 silence_ratio=0.37
2026-05-22 08:05:22.368 [ASR] [ASR POST ATTEMPT] chunk_id=45 url=https://thedeezat-asr-hearing-impaired-api.hf.space/audio forcedLanguage=english samples=40000 sr=16000 chunk_s=2.50 rms=0.01668
2026-05-22 08:05:22.369 [ASR] [ASR SEND ATTEMPT] id=asr-00045 lang=english sr=16000 samples=40000 chunk_s=2.50 rms=0.01676 speech_ratio=0.092 voiced_ratio=0.965 bytes=160000 url=https://thedeezat-asr-hearing-impaired-api.hf.space/audio
2026-05-22 08:05:22.770 [ASR] [ASR RESPONSE] id=asr-00045 status=200 error= body={"text": "", "infer_ms": 178.85, "total_ms": 199.84, "chunk_duration_s": 2.5, "speech_rms": 0.01666, "no_speech_prob": 0.9150390625, "avg_logprob": -0.834625244140625, "compression_ratio": 0.2727272727272727}
2026-05-22 08:05:22.774 [ASR] asr-00045 diag text_len=0 infer_ms=178.85 total_ms=199.84 chunk_duration_s=2.5 payload_bytes=160000 posted_rms=0.016756 posted_samples=40000 pending_q=1 capture_gen_send=31
2026-05-22 08:05:22.776 [client] RAW text=''
2026-05-22 08:05:22.778 [ASR] asr-00045 empty response ignored (no append).
2026-05-22 08:05:22.780 [ASR] [ASR ENTER SEND] mode=english_or_auto forcedLanguage=english recording=True samples=40000 rms=0.01676
2026-05-22 08:05:22.782 [client] SEND lang=english chunk_s=2.50 rms=0.017 silence_ratio=0.37
2026-05-22 08:05:22.784 [ASR] [ASR POST ATTEMPT] chunk_id=46 url=https://thedeezat-asr-hearing-impaired-api.hf.space/audio forcedLanguage=english samples=40000 sr=16000 chunk_s=2.50 rms=0.01676
2026-05-22 08:05:22.785 [ASR] [ASR SEND ATTEMPT] id=asr-00046 lang=english sr=16000 samples=40000 chunk_s=2.50 rms=0.01676 speech_ratio=0.092 voiced_ratio=0.965 bytes=160000 url=https://thedeezat-asr-hearing-impaired-api.hf.space/audio
2026-05-22 08:05:22.837 [client] BUFFER ms=900 rms=0.003 peak=0.010
2026-05-22 08:05:23.190 [ASR] [ASR RESPONSE] id=asr-00046 status=200 error= body={"text": "", "infer_ms": 179.09, "total_ms": 208.19, "chunk_duration_s": 2.5, "speech_rms": 0.016739, "no_speech_prob": 0.91064453125, "avg_logprob": -0.75616455078125, "compression_ratio": 0.2727272727272727}
2026-05-22 08:05:23.194 [ASR] asr-00046 diag text_len=0 infer_ms=179.09 total_ms=208.19 chunk_duration_s=2.5 payload_bytes=160000 posted_rms=0.016756 posted_samples=40000 pending_q=0 capture_gen_send=31
2026-05-22 08:05:23.197 [client] RAW text=''
2026-05-22 08:05:23.198 [ASR] asr-00046 empty response ignored (no append).
2026-05-22 08:05:23.850 [client] BUFFER ms=1900 rms=0.002 peak=0.007
2026-05-22 08:05:24.111 [client] MIC rms=0.002 peak=0.006 gain=8.00
2026-05-22 08:05:24.470 [client] SEND rms=0.022 silence_ratio=0.34 peak=0.534
2026-05-22 08:05:24.488 [ASR] Saved outgoing ASR chunk: asr_20260522_080524_481_00081_english.wav chunk_s=2.50 rms=0.02246
2026-05-22 08:05:24.491 [ASR] [ASR ENTER SEND] mode=english_or_auto forcedLanguage=english recording=True samples=40000 rms=0.02246
2026-05-22 08:05:24.493 [client] SEND lang=english chunk_s=2.50 rms=0.022 silence_ratio=0.34
2026-05-22 08:05:24.494 [ASR] [ASR POST ATTEMPT] chunk_id=47 url=https://thedeezat-asr-hearing-impaired-api.hf.space/audio forcedLanguage=english samples=40000 sr=16000 chunk_s=2.50 rms=0.02246
2026-05-22 08:05:24.496 [ASR] [ASR SEND ATTEMPT] id=asr-00047 lang=english sr=16000 samples=40000 chunk_s=2.50 rms=0.02246 speech_ratio=0.139 voiced_ratio=0.899 bytes=160000 url=https://thedeezat-asr-hearing-impaired-api.hf.space/audio
2026-05-22 08:05:24.895 [ASR] [ASR RESPONSE] id=asr-00047 status=200 error= body={"text": "", "infer_ms": 178.63, "total_ms": 200.5, "chunk_duration_s": 2.5, "speech_rms": 0.022431, "no_speech_prob": 0.837890625, "avg_logprob": -0.916107177734375, "compression_ratio": 0.2727272727272727}
2026-05-22 08:05:24.897 [ASR] asr-00047 diag text_len=0 infer_ms=178.63 total_ms=200.5 chunk_duration_s=2.5 payload_bytes=160000 posted_rms=0.022460 posted_samples=40000 pending_q=0 capture_gen_send=31
2026-05-22 08:05:24.900 [client] RAW text=''
2026-05-22 08:05:24.903 [ASR] asr-00047 empty response ignored (no append).
2026-05-22 08:05:24.908 [client] BUFFER ms=770 rms=0.003 peak=0.007
2026-05-22 08:05:25.934 [client] BUFFER ms=1810 rms=0.002 peak=0.008
2026-05-22 08:05:26.173 [client] MIC rms=0.002 peak=0.007 gain=8.00
2026-05-22 08:05:26.689 [ASR] Saved outgoing ASR chunk: asr_20260522_080526_682_00082_english.wav chunk_s=2.50 rms=0.01864
2026-05-22 08:05:26.692 [ASR] [ASR ENTER SEND] mode=english_or_auto forcedLanguage=english recording=True samples=40000 rms=0.01864
2026-05-22 08:05:26.695 [client] SEND lang=english chunk_s=2.50 rms=0.019 silence_ratio=0.37
2026-05-22 08:05:26.697 [ASR] [ASR POST ATTEMPT] chunk_id=48 url=https://thedeezat-asr-hearing-impaired-api.hf.space/audio forcedLanguage=english samples=40000 sr=16000 chunk_s=2.50 rms=0.01864
2026-05-22 08:05:26.698 [ASR] [ASR SEND ATTEMPT] id=asr-00048 lang=english sr=16000 samples=40000 chunk_s=2.50 rms=0.01864 speech_ratio=0.098 voiced_ratio=0.919 bytes=160000 url=https://thedeezat-asr-hearing-impaired-api.hf.space/audio
2026-05-22 08:05:26.982 [client] BUFFER ms=650 rms=0.002 peak=0.007
2026-05-22 08:05:27.731 [ASR] [ASR RESPONSE] id=asr-00048 status=200 error= body={"text": "THANK YOU.", "infer_ms": 452.28, "total_ms": 804.82, "chunk_duration_s": 2.5, "speech_rms": 0.018619, "no_speech_prob": 0.1954345703125, "avg_logprob": -0.29150390625, "compression_ratio": 0.5555555555555556}
2026-05-22 08:05:27.734 [ASR] asr-00048 HTTP 200 chunk #40 resp: {"text": "THANK YOU.", "infer_ms": 452.28, "total_ms": 804.82, "chunk_duration_s": 2.5, "speech_rms": 0.018619, "no_speech_prob": 0.1954345703125, "avg_logprob"…
2026-05-22 08:05:27.737 [ASR] asr-00048 diag text_len=10 infer_ms=452.28 total_ms=804.82 chunk_duration_s=2.5 payload_bytes=160000 posted_rms=0.018638 posted_samples=40000 pending_q=0 capture_gen_send=31
2026-05-22 08:05:27.738 [client] RAW text='THANK YOU.'
2026-05-22 08:05:27.741 [client] MERGE old='' new='Thank you.' merged='Thank you.'
2026-05-22 08:05:27.743 [client] DISPLAY text='Thank you.'
2026-05-22 08:05:28.017 [client] CLEAR reason=phrase_finalized_for_nmt
2026-05-22 08:05:28.020 [client] FINALIZE urgent=True age=0.27s ends_punct=True text='Thank you.'
2026-05-22 08:05:28.022 [client] BUFFER ms=1700 rms=0.002 peak=0.007
2026-05-22 08:05:28.081 [nmt] SENTENCE italian_mode=False translation_en=True translation_it=False text='Thank you.'
2026-05-22 08:05:28.084 [nmt] ENQUEUE q=1 in_flight=False translation_on=True italian_mode=False text='Thank you.'
2026-05-22 08:05:28.087 [nmt] START italian_mode=False text='Thank you.'
2026-05-22 08:05:28.198 [client] MIC rms=0.017 peak=0.066 gain=8.00
2026-05-22 08:05:28.927 [client] SEND rms=0.038 silence_ratio=0.66 peak=1.000
2026-05-22 08:05:28.944 [ASR] Saved outgoing ASR chunk: asr_20260522_080528_937_00083_english.wav chunk_s=2.50 rms=0.03754
2026-05-22 08:05:28.946 [ASR] [ASR ENTER SEND] mode=english_or_auto forcedLanguage=english recording=True samples=40000 rms=0.03754
2026-05-22 08:05:28.948 [client] SEND lang=english chunk_s=2.50 rms=0.038 silence_ratio=0.66
2026-05-22 08:05:28.950 [ASR] [ASR POST ATTEMPT] chunk_id=49 url=https://thedeezat-asr-hearing-impaired-api.hf.space/audio forcedLanguage=english samples=40000 sr=16000 chunk_s=2.50 rms=0.03754
2026-05-22 08:05:28.951 [ASR] [ASR SEND ATTEMPT] id=asr-00049 lang=english sr=16000 samples=40000 chunk_s=2.50 rms=0.03754 speech_ratio=0.184 voiced_ratio=0.970 bytes=160000 url=https://thedeezat-asr-hearing-impaired-api.hf.space/audio
2026-05-22 08:05:28.953 [nmt] HTTP id=nmt-0006 status=200 src_lang=eng_Latn tgt_lang=ita_Latn body={"translation":"- Grazie.","latency_ms":206.7,"request_id":"nmt-0006","source_lang":"eng_Latn","target_lang":"ita_Latn","model_variant":"NMT-v4-Casual-Weighted"}
2026-05-22 08:05:29.005 [nmt] RESULT have_resp=True src='Thank you.' tgt='- Grazie.'
2026-05-22 08:05:29.007 [nmt] DISPLAY hold_s=4.0 q_after=0
2026-05-22 08:05:29.063 [client] BUFFER ms=530 rms=0.003 peak=0.008
2026-05-22 08:05:29.388 [ASR] [ASR RESPONSE] id=asr-00049 status=200 error= body={"text": "ARE YOU RUNNING?", "infer_ms": 199.74, "total_ms": 237.11, "chunk_duration_s": 0.82, "speech_rms": 0.064915, "no_speech_prob": 0.10498046875, "avg_logprob": -0.222662353515625, "compression_ratio": 0.6666666666…
2026-05-22 08:05:29.392 [ASR] asr-00049 diag text_len=16 infer_ms=199.74 total_ms=237.11 chunk_duration_s=0.82 payload_bytes=160000 posted_rms=0.037543 posted_samples=40000 pending_q=0 capture_gen_send=31
2026-05-22 08:05:29.395 [client] RAW text='ARE YOU RUNNING?'
2026-05-22 08:05:29.396 [client] MERGE old='' new='Are you running?' merged='Are you running?'
2026-05-22 08:05:29.398 [client] DISPLAY text='Are you running?'
2026-05-22 08:05:29.675 [client] CLEAR reason=phrase_finalized_for_nmt
2026-05-22 08:05:29.677 [client] FINALIZE urgent=True age=0.27s ends_punct=True text='Are you running?'
2026-05-22 08:05:29.733 [nmt] SENTENCE italian_mode=False translation_en=True translation_it=False text='Are you running?'
2026-05-22 08:05:29.735 [nmt] ENQUEUE q=1 in_flight=False translation_on=True italian_mode=False text='Are you running?'
2026-05-22 08:05:29.737 [nmt] START italian_mode=False text='Are you running?'
2026-05-22 08:05:30.083 [client] BUFFER ms=1540 rms=0.002 peak=0.008
2026-05-22 08:05:30.204 [client] MIC rms=0.002 peak=0.006 gain=2.61
2026-05-22 08:05:30.610 [nmt] HTTP id=nmt-0007 status=200 src_lang=eng_Latn tgt_lang=ita_Latn body={"translation":"Stai correndo?","latency_ms":248.8,"request_id":"nmt-0007","source_lang":"eng_Latn","target_lang":"ita_Latn","model_variant":"NMT-v4-Casual-Weighted"}
2026-05-22 08:05:30.667 [nmt] RESULT have_resp=True src='Are you running?' tgt='Stai correndo?'
2026-05-22 08:05:30.671 [nmt] DISPLAY hold_s=4.0 q_after=0
2026-05-22 08:05:31.061 [client] SEND rms=0.037 silence_ratio=0.64 peak=1.000
2026-05-22 08:05:31.079 [ASR] Saved outgoing ASR chunk: asr_20260522_080531_072_00084_english.wav chunk_s=2.50 rms=0.03708
2026-05-22 08:05:31.081 [ASR] [ASR ENTER SEND] mode=english_or_auto forcedLanguage=english recording=True samples=40000 rms=0.03708
2026-05-22 08:05:31.083 [client] SEND lang=english chunk_s=2.50 rms=0.037 silence_ratio=0.64
2026-05-22 08:05:31.084 [ASR] [ASR POST ATTEMPT] chunk_id=50 url=https://thedeezat-asr-hearing-impaired-api.hf.space/audio forcedLanguage=english samples=40000 sr=16000 chunk_s=2.50 rms=0.03708
2026-05-22 08:05:31.085 [ASR] [ASR SEND ATTEMPT] id=asr-00050 lang=english sr=16000 samples=40000 chunk_s=2.50 rms=0.03708 speech_ratio=0.109 voiced_ratio=0.899 bytes=160000 url=https://thedeezat-asr-hearing-impaired-api.hf.space/audio
2026-05-22 08:05:31.140 [client] BUFFER ms=410 rms=0.003 peak=0.009
2026-05-22 08:05:31.554 [ASR] [ASR RESPONSE] id=asr-00050 status=200 error= body={"text": "GOOD MORNING.", "infer_ms": 192.13, "total_ms": 239.1, "chunk_duration_s": 0.955, "speech_rms": 0.059065, "no_speech_prob": 0.406005859375, "avg_logprob": -0.3098297193646431, "compression_ratio": 0.61904761904…
2026-05-22 08:05:31.559 [ASR] asr-00050 diag text_len=13 infer_ms=192.13 total_ms=239.1 chunk_duration_s=0.955 payload_bytes=160000 posted_rms=0.037080 posted_samples=40000 pending_q=0 capture_gen_send=31
2026-05-22 08:05:31.562 [client] RAW text='GOOD MORNING.'
2026-05-22 08:05:31.565 [client] MERGE old='' new='Good morning.' merged='Good morning.'
2026-05-22 08:05:31.567 [client] DISPLAY text='Good morning.'
2026-05-22 08:05:31.866 [client] CLEAR reason=phrase_finalized_for_nmt
2026-05-22 08:05:31.874 [client] FINALIZE urgent=True age=0.29s ends_punct=True text='Good morning.'
2026-05-22 08:05:31.931 [nmt] SENTENCE italian_mode=False translation_en=True translation_it=False text='Good morning.'
2026-05-22 08:05:31.935 [nmt] ENQUEUE q=1 in_flight=False translation_on=True italian_mode=False text='Good morning.'
2026-05-22 08:05:31.938 [nmt] START italian_mode=False text='Good morning.'
2026-05-22 08:05:32.166 [client] BUFFER ms=1420 rms=0.002 peak=0.007
2026-05-22 08:05:32.218 [client] MIC rms=0.002 peak=0.006 gain=3.17
2026-05-22 08:05:32.851 [nmt] HTTP id=nmt-0008 status=200 src_lang=eng_Latn tgt_lang=ita_Latn body={"translation":"- Buongiorno.","latency_ms":297.6,"request_id":"nmt-0008","source_lang":"eng_Latn","target_lang":"ita_Latn","model_variant":"NMT-v4-Casual-Weighted"}
2026-05-22 08:05:32.915 [nmt] RESULT have_resp=True src='Good morning.' tgt='- Buongiorno.'
2026-05-22 08:05:32.920 [nmt] DISPLAY hold_s=4.0 q_after=0
2026-05-22 08:05:33.168 [client] BUFFER ms=2440 rms=0.002 peak=0.007
2026-05-22 08:05:33.276 [ASR] Saved outgoing ASR chunk: asr_20260522_080533_269_00085_english.wav chunk_s=2.50 rms=0.01740
2026-05-22 08:05:33.278 [ASR] [ASR ENTER SEND] mode=english_or_auto forcedLanguage=english recording=True samples=40000 rms=0.01740
2026-05-22 08:05:33.281 [client] SEND lang=english chunk_s=2.50 rms=0.017 silence_ratio=0.36
2026-05-22 08:05:33.283 [ASR] [ASR POST ATTEMPT] chunk_id=51 url=https://thedeezat-asr-hearing-impaired-api.hf.space/audio forcedLanguage=english samples=40000 sr=16000 chunk_s=2.50 rms=0.01740
2026-05-22 08:05:33.284 [ASR] [ASR SEND ATTEMPT] id=asr-00051 lang=english sr=16000 samples=40000 chunk_s=2.50 rms=0.01740 speech_ratio=0.107 voiced_ratio=0.939 bytes=160000 url=https://thedeezat-asr-hearing-impaired-api.hf.space/audio
2026-05-22 08:05:34.128 [ASR] [ASR RESPONSE] id=asr-00051 status=200 error= body={"text": "", "infer_ms": 177.34, "total_ms": 655.78, "chunk_duration_s": 2.5, "speech_rms": 0.017375, "no_speech_prob": 0.91455078125, "avg_logprob": -0.795806884765625, "compression_ratio": 0.2727272727272727}
2026-05-22 08:05:34.133 [ASR] asr-00051 diag text_len=0 infer_ms=177.34 total_ms=655.78 chunk_duration_s=2.5 payload_bytes=160000 posted_rms=0.017399 posted_samples=40000 pending_q=0 capture_gen_send=31
2026-05-22 08:05:34.135 [client] RAW text=''
2026-05-22 08:05:34.137 [ASR] asr-00051 empty response ignored (no append).
2026-05-22 08:05:34.197 [client] BUFFER ms=1260 rms=0.002 peak=0.007
2026-05-22 08:05:34.258 [client] MIC rms=0.002 peak=0.007 gain=8.00
2026-05-22 08:05:35.212 [client] BUFFER ms=2260 rms=0.012 peak=0.039
2026-05-22 08:05:35.468 [client] SEND rms=0.038 silence_ratio=0.41 peak=0.305
2026-05-22 08:05:35.486 [ASR] Saved outgoing ASR chunk: asr_20260522_080535_480_00086_english.wav chunk_s=2.50 rms=0.03800
2026-05-22 08:05:35.488 [ASR] [ASR ENTER SEND] mode=english_or_auto forcedLanguage=english recording=True samples=40000 rms=0.03800
2026-05-22 08:05:35.490 [client] SEND lang=english chunk_s=2.50 rms=0.038 silence_ratio=0.41
2026-05-22 08:05:35.492 [ASR] [ASR POST ATTEMPT] chunk_id=52 url=https://thedeezat-asr-hearing-impaired-api.hf.space/audio forcedLanguage=english samples=40000 sr=16000 chunk_s=2.50 rms=0.03800
2026-05-22 08:05:35.493 [ASR] [ASR SEND ATTEMPT] id=asr-00052 lang=english sr=16000 samples=40000 chunk_s=2.50 rms=0.03800 speech_ratio=0.154 voiced_ratio=0.934 bytes=160000 url=https://thedeezat-asr-hearing-impaired-api.hf.space/audio
2026-05-22 08:05:36.058 [ASR] [ASR RESPONSE] id=asr-00052 status=200 error= body={"text": "OKAY.", "infer_ms": 188.07, "total_ms": 354.75, "chunk_duration_s": 2.5, "speech_rms": 0.037881, "no_speech_prob": 0.1162109375, "avg_logprob": -0.5891698201497396, "compression_ratio": 0.38461538461538464}
2026-05-22 08:05:36.064 [ASR] asr-00052 diag text_len=5 infer_ms=188.07 total_ms=354.75 chunk_duration_s=2.5 payload_bytes=160000 posted_rms=0.038000 posted_samples=40000 pending_q=0 capture_gen_send=31
2026-05-22 08:05:36.067 [client] RAW text='OKAY.'
2026-05-22 08:05:36.069 [client] MERGE old='' new='Okay.' merged='Okay.'
2026-05-22 08:05:36.071 [client] DISPLAY text='Okay.'
2026-05-22 08:05:36.249 [client] BUFFER ms=1100 rms=0.011 peak=0.038
2026-05-22 08:05:36.305 [client] MIC rms=0.004 peak=0.017 gain=5.80
2026-05-22 08:05:36.364 [client] CLEAR reason=phrase_finalized_for_nmt
2026-05-22 08:05:36.366 [client] FINALIZE urgent=True age=0.29s ends_punct=True text='Okay.'
2026-05-22 08:05:36.420 [nmt] SENTENCE italian_mode=False translation_en=True translation_it=False text='Okay.'
2026-05-22 08:05:36.423 [nmt] ENQUEUE q=1 in_flight=False translation_on=True italian_mode=False text='Okay.'
2026-05-22 08:05:36.425 [nmt] START italian_mode=False text='Okay.'
2026-05-22 08:05:36.592 [nmt] RESULT have_resp=True src='Okay.' tgt='Okay.'
2026-05-22 08:05:36.594 [nmt] DISPLAY hold_s=4.0 q_after=0
2026-05-22 08:05:37.267 [client] BUFFER ms=2140 rms=0.002 peak=0.008
2026-05-22 08:05:37.680 [client] SEND rms=0.038 silence_ratio=0.51 peak=0.301
2026-05-22 08:05:37.699 [ASR] Saved outgoing ASR chunk: asr_20260522_080537_692_00087_english.wav chunk_s=2.50 rms=0.03800
2026-05-22 08:05:37.702 [ASR] [ASR ENTER SEND] mode=english_or_auto forcedLanguage=english recording=True samples=40000 rms=0.03800
2026-05-22 08:05:37.704 [client] SEND lang=english chunk_s=2.50 rms=0.038 silence_ratio=0.51
2026-05-22 08:05:37.706 [ASR] [ASR POST ATTEMPT] chunk_id=53 url=https://thedeezat-asr-hearing-impaired-api.hf.space/audio forcedLanguage=english samples=40000 sr=16000 chunk_s=2.50 rms=0.03800
2026-05-22 08:05:37.707 [ASR] [ASR SEND ATTEMPT] id=asr-00053 lang=english sr=16000 samples=40000 chunk_s=2.50 rms=0.03800 speech_ratio=0.238 voiced_ratio=0.934 bytes=160000 url=https://thedeezat-asr-hearing-impaired-api.hf.space/audio
2026-05-22 08:05:38.276 [client] BUFFER ms=940 rms=0.002 peak=0.007
2026-05-22 08:05:38.327 [client] MIC rms=0.002 peak=0.007 gain=2.80
2026-05-22 08:05:38.560 [ASR] [ASR RESPONSE] id=asr-00053 status=200 error= body={"text": "GOOD MORNING.", "infer_ms": 194.96, "total_ms": 530.33, "chunk_duration_s": 1.385, "speech_rms": 0.050524, "no_speech_prob": 0.0919189453125, "avg_logprob": -0.34833526611328125, "compression_ratio": 0.61904761…
2026-05-22 08:05:38.565 [ASR] asr-00053 diag text_len=13 infer_ms=194.96 total_ms=530.33 chunk_duration_s=1.385 payload_bytes=160000 posted_rms=0.038000 posted_samples=40000 pending_q=0 capture_gen_send=31
2026-05-22 08:05:38.567 [client] RAW text='GOOD MORNING.'
2026-05-22 08:05:38.570 [client] MERGE old='' new='Good morning.' merged='Good morning.'
2026-05-22 08:05:38.574 [client] DISPLAY text='Good morning.'
2026-05-22 08:05:38.858 [client] CLEAR reason=phrase_finalized_for_nmt
2026-05-22 08:05:38.861 [client] FINALIZE urgent=True age=0.28s ends_punct=True text='Good morning.'
2026-05-22 08:05:38.918 [nmt] SENTENCE italian_mode=False translation_en=True translation_it=False text='Good morning.'
2026-05-22 08:05:38.922 [nmt] ENQUEUE q=1 in_flight=False translation_on=True italian_mode=False text='Good morning.'
2026-05-22 08:05:38.924 [nmt] START italian_mode=False text='Good morning.'
2026-05-22 08:05:39.121 [nmt] RESULT have_resp=True src='Good morning.' tgt='Good morning.'
2026-05-22 08:05:39.123 [nmt] DISPLAY hold_s=4.0 q_after=0
2026-05-22 08:05:39.304 [client] BUFFER ms=1970 rms=0.002 peak=0.007
2026-05-22 08:05:39.906 [ASR] Saved outgoing ASR chunk: asr_20260522_080539_899_00088_english.wav chunk_s=2.50 rms=0.01716
2026-05-22 08:05:39.908 [ASR] [ASR ENTER SEND] mode=english_or_auto forcedLanguage=english recording=True samples=40000 rms=0.01716
2026-05-22 08:05:39.911 [client] SEND lang=english chunk_s=2.50 rms=0.017 silence_ratio=0.36
2026-05-22 08:05:39.912 [ASR] [ASR POST ATTEMPT] chunk_id=54 url=https://thedeezat-asr-hearing-impaired-api.hf.space/audio forcedLanguage=english samples=40000 sr=16000 chunk_s=2.50 rms=0.01716
2026-05-22 08:05:39.914 [ASR] [ASR SEND ATTEMPT] id=asr-00054 lang=english sr=16000 samples=40000 chunk_s=2.50 rms=0.01716 speech_ratio=0.103 voiced_ratio=0.914 bytes=160000 url=https://thedeezat-asr-hearing-impaired-api.hf.space/audio
2026-05-22 08:05:40.305 [ASR] [ASR RESPONSE] id=asr-00054 status=200 error= body={"text": "", "infer_ms": 180.16, "total_ms": 199.92, "chunk_duration_s": 2.5, "speech_rms": 0.017138, "no_speech_prob": 0.88330078125, "avg_logprob": -0.835540771484375, "compression_ratio": 0.2727272727272727}
2026-05-22 08:05:40.308 [ASR] asr-00054 diag text_len=0 infer_ms=180.16 total_ms=199.92 chunk_duration_s=2.5 payload_bytes=160000 posted_rms=0.017162 posted_samples=40000 pending_q=0 capture_gen_send=31
2026-05-22 08:05:40.309 [client] RAW text=''
2026-05-22 08:05:40.311 [ASR] asr-00054 empty response ignored (no append).
2026-05-22 08:05:40.315 [client] BUFFER ms=780 rms=0.002 peak=0.006
2026-05-22 08:05:40.367 [client] MIC rms=0.002 peak=0.008 gain=8.00
2026-05-22 08:05:41.359 [client] BUFFER ms=1820 rms=0.003 peak=0.008
2026-05-22 08:05:42.110 [ASR] Saved outgoing ASR chunk: asr_20260522_080542_103_00089_english.wav chunk_s=2.50 rms=0.01781
2026-05-22 08:05:42.112 [ASR] [ASR ENTER SEND] mode=english_or_auto forcedLanguage=english recording=True samples=40000 rms=0.01781
2026-05-22 08:05:42.114 [client] SEND lang=english chunk_s=2.50 rms=0.018 silence_ratio=0.35
2026-05-22 08:05:42.115 [ASR] [ASR POST ATTEMPT] chunk_id=55 url=https://thedeezat-asr-hearing-impaired-api.hf.space/audio forcedLanguage=english samples=40000 sr=16000 chunk_s=2.50 rms=0.01781
2026-05-22 08:05:42.116 [ASR] [ASR SEND ATTEMPT] id=asr-00055 lang=english sr=16000 samples=40000 chunk_s=2.50 rms=0.01781 speech_ratio=0.115 voiced_ratio=0.944 bytes=160000 url=https://thedeezat-asr-hearing-impaired-api.hf.space/audio
2026-05-22 08:05:42.404 [client] BUFFER ms=660 rms=0.002 peak=0.008
2026-05-22 08:05:42.408 [client] MIC rms=0.002 peak=0.008 gain=8.00
2026-05-22 08:05:42.516 [ASR] [ASR RESPONSE] id=asr-00055 status=200 error= body={"text": "", "infer_ms": 178.77, "total_ms": 203.94, "chunk_duration_s": 2.5, "speech_rms": 0.017788, "no_speech_prob": 0.8984375, "avg_logprob": -0.8380126953125, "compression_ratio": 0.2727272727272727}
2026-05-22 08:05:42.520 [ASR] asr-00055 diag text_len=0 infer_ms=178.77 total_ms=203.94 chunk_duration_s=2.5 payload_bytes=160000 posted_rms=0.017809 posted_samples=40000 pending_q=0 capture_gen_send=31
2026-05-22 08:05:42.523 [client] RAW text=''
2026-05-22 08:05:42.526 [ASR] asr-00055 empty response ignored (no append).
2026-05-22 08:05:43.444 [client] BUFFER ms=1710 rms=0.003 peak=0.007
2026-05-22 08:05:44.285 [ASR] Saved outgoing ASR chunk: asr_20260522_080544_278_00090_english.wav chunk_s=2.50 rms=0.01883
2026-05-22 08:05:44.287 [ASR] [ASR ENTER SEND] mode=english_or_auto forcedLanguage=english recording=True samples=40000 rms=0.01883
2026-05-22 08:05:44.289 [client] SEND lang=english chunk_s=2.50 rms=0.019 silence_ratio=0.34
2026-05-22 08:05:44.290 [ASR] [ASR POST ATTEMPT] chunk_id=56 url=https://thedeezat-asr-hearing-impaired-api.hf.space/audio forcedLanguage=english samples=40000 sr=16000 chunk_s=2.50 rms=0.01883
2026-05-22 08:05:44.291 [ASR] [ASR SEND ATTEMPT] id=asr-00056 lang=english sr=16000 samples=40000 chunk_s=2.50 rms=0.01883 speech_ratio=0.126 voiced_ratio=0.919 bytes=160000 url=https://thedeezat-asr-hearing-impaired-api.hf.space/audio
2026-05-22 08:05:44.465 [client] BUFFER ms=540 rms=0.002 peak=0.007
2026-05-22 08:05:44.470 [client] MIC rms=0.002 peak=0.007 gain=8.00
2026-05-22 08:05:44.711 [ASR] [ASR RESPONSE] id=asr-00056 status=200 error= body={"text": "", "infer_ms": 184.45, "total_ms": 220.98, "chunk_duration_s": 2.5, "speech_rms": 0.018791, "no_speech_prob": 0.74560546875, "avg_logprob": -0.3679402669270833, "compression_ratio": 0.38461538461538464}
2026-05-22 08:05:44.717 [ASR] asr-00056 diag text_len=0 infer_ms=184.45 total_ms=220.98 chunk_duration_s=2.5 payload_bytes=160000 posted_rms=0.018833 posted_samples=40000 pending_q=0 capture_gen_send=31
2026-05-22 08:05:44.719 [client] RAW text=''
2026-05-22 08:05:44.722 [ASR] asr-00056 empty response ignored (no append).
2026-05-22 08:05:45.467 [client] BUFFER ms=1530 rms=0.002 peak=0.008
2026-05-22 08:05:46.489 [client] SEND rms=0.038 silence_ratio=0.64 peak=0.412
2026-05-22 08:05:46.506 [ASR] Saved outgoing ASR chunk: asr_20260522_080546_500_00091_english.wav chunk_s=2.50 rms=0.03800
2026-05-22 08:05:46.508 [ASR] [ASR ENTER SEND] mode=english_or_auto forcedLanguage=english recording=True samples=40000 rms=0.03800
2026-05-22 08:05:46.510 [client] SEND lang=english chunk_s=2.50 rms=0.038 silence_ratio=0.64
2026-05-22 08:05:46.512 [ASR] [ASR POST ATTEMPT] chunk_id=57 url=https://thedeezat-asr-hearing-impaired-api.hf.space/audio forcedLanguage=english samples=40000 sr=16000 chunk_s=2.50 rms=0.03800
2026-05-22 08:05:46.513 [ASR] [ASR SEND ATTEMPT] id=asr-00057 lang=english sr=16000 samples=40000 chunk_s=2.50 rms=0.03800 speech_ratio=0.149 voiced_ratio=0.949 bytes=160000 url=https://thedeezat-asr-hearing-impaired-api.hf.space/audio
2026-05-22 08:05:46.562 [client] BUFFER ms=420 rms=0.003 peak=0.011
2026-05-22 08:05:46.565 [client] MIC rms=0.003 peak=0.011 gain=2.68
2026-05-22 08:05:47.304 [ASR] [ASR RESPONSE] id=asr-00057 status=200 error= body={"text": "CAN YOU HEAR ME?", "infer_ms": 205.83, "total_ms": 610.55, "chunk_duration_s": 0.72, "speech_rms": 0.069899, "no_speech_prob": 0.044708251953125, "avg_logprob": -0.05375067392985026, "compression_ratio": 0.6666…
2026-05-22 08:05:47.308 [ASR] asr-00057 diag text_len=16 infer_ms=205.83 total_ms=610.55 chunk_duration_s=0.72 payload_bytes=160000 posted_rms=0.038000 posted_samples=40000 pending_q=0 capture_gen_send=31
2026-05-22 08:05:47.309 [client] RAW text='CAN YOU HEAR ME?'
2026-05-22 08:05:47.313 [client] MERGE old='' new='Can you hear me?' merged='Can you hear me?'
2026-05-22 08:05:47.314 [client] DISPLAY text='Can you hear me?'
2026-05-22 08:05:47.621 [client] CLEAR reason=phrase_finalized_for_nmt
2026-05-22 08:05:47.627 [client] FINALIZE urgent=True age=0.30s ends_punct=True text='Can you hear me?'
2026-05-22 08:05:47.631 [client] BUFFER ms=1500 rms=0.002 peak=0.007
2026-05-22 08:05:47.690 [nmt] SENTENCE italian_mode=False translation_en=True translation_it=False text='Can you hear me?'
2026-05-22 08:05:47.694 [nmt] ENQUEUE q=1 in_flight=False translation_on=True italian_mode=False text='Can you hear me?'
2026-05-22 08:05:47.696 [nmt] START italian_mode=False text='Can you hear me?'
2026-05-22 08:05:47.862 [nmt] RESULT have_resp=True src='Can you hear me?' tgt='Can you hear me?'
2026-05-22 08:05:47.866 [nmt] DISPLAY hold_s=4.0 q_after=0
2026-05-22 08:05:48.618 [client] MIC rms=0.002 peak=0.007 gain=2.68
2026-05-22 08:05:48.665 [client] SEND rms=0.038 silence_ratio=0.52 peak=0.594
2026-05-22 08:05:48.685 [ASR] Saved outgoing ASR chunk: asr_20260522_080548_677_00092_english.wav chunk_s=2.50 rms=0.03800
2026-05-22 08:05:48.687 [ASR] [ASR ENTER SEND] mode=english_or_auto forcedLanguage=english recording=True samples=40000 rms=0.03800
2026-05-22 08:05:48.689 [client] SEND lang=english chunk_s=2.50 rms=0.038 silence_ratio=0.52
2026-05-22 08:05:48.691 [ASR] [ASR POST ATTEMPT] chunk_id=58 url=https://thedeezat-asr-hearing-impaired-api.hf.space/audio forcedLanguage=english samples=40000 sr=16000 chunk_s=2.50 rms=0.03800
2026-05-22 08:05:48.692 [ASR] [ASR SEND ATTEMPT] id=asr-00058 lang=english sr=16000 samples=40000 chunk_s=2.50 rms=0.03800 speech_ratio=0.084 voiced_ratio=0.924 bytes=160000 url=https://thedeezat-asr-hearing-impaired-api.hf.space/audio
2026-05-22 08:05:48.748 [client] BUFFER ms=420 rms=0.002 peak=0.007
2026-05-22 08:05:49.387 [ASR] [ASR RESPONSE] id=asr-00058 status=200 error= body={"text": ""}
2026-05-22 08:05:49.389 [ASR] asr-00058 diag text_len=0 infer_ms=0 total_ms=0 chunk_duration_s=0 payload_bytes=160000 posted_rms=0.038000 posted_samples=40000 pending_q=0 capture_gen_send=31
2026-05-22 08:05:49.392 [client] RAW text=''
2026-05-22 08:05:49.394 [ASR] asr-00058 empty response ignored (no append).
2026-05-22 08:05:49.751 [client] BUFFER ms=1420 rms=0.002 peak=0.006
2026-05-22 08:05:50.648 [client] MIC rms=0.002 peak=0.007 gain=4.23
2026-05-22 08:05:50.777 [client] BUFFER ms=2440 rms=0.002 peak=0.007
2026-05-22 08:05:50.941 [ASR] Saved outgoing ASR chunk: asr_20260522_080550_934_00093_english.wav chunk_s=2.50 rms=0.01749
2026-05-22 08:05:50.943 [ASR] [ASR ENTER SEND] mode=english_or_auto forcedLanguage=english recording=True samples=40000 rms=0.01749
2026-05-22 08:05:50.945 [client] SEND lang=english chunk_s=2.50 rms=0.017 silence_ratio=0.35
2026-05-22 08:05:50.947 [ASR] [ASR POST ATTEMPT] chunk_id=59 url=https://thedeezat-asr-hearing-impaired-api.hf.space/audio forcedLanguage=english samples=40000 sr=16000 chunk_s=2.50 rms=0.01749
2026-05-22 08:05:50.949 [ASR] [ASR SEND ATTEMPT] id=asr-00059 lang=english sr=16000 samples=40000 chunk_s=2.50 rms=0.01749 speech_ratio=0.108 voiced_ratio=0.864 bytes=160000 url=https://thedeezat-asr-hearing-impaired-api.hf.space/audio
2026-05-22 08:05:51.815 [client] BUFFER ms=1300 rms=0.003 peak=0.009
2026-05-22 08:05:52.054 [ASR] [ASR RESPONSE] id=asr-00059 status=200 error= body={"text": "", "infer_ms": 455.61, "total_ms": 761.63, "chunk_duration_s": 2.5, "speech_rms": 0.017466, "no_speech_prob": 0.1356201171875, "avg_logprob": -0.4138641357421875, "compression_ratio": 0.5555555555555556}
2026-05-22 08:05:52.056 [ASR] asr-00059 diag text_len=0 infer_ms=455.61 total_ms=761.63 chunk_duration_s=2.5 payload_bytes=160000 posted_rms=0.017486 posted_samples=40000 pending_q=0 capture_gen_send=31
2026-05-22 08:05:52.058 [client] RAW text=''
2026-05-22 08:05:52.059 [ASR] asr-00059 empty response ignored (no append).
2026-05-22 08:05:52.691 [client] MIC rms=0.002 peak=0.007 gain=8.00
2026-05-22 08:05:52.861 [client] BUFFER ms=2340 rms=0.003 peak=0.008
2026-05-22 08:05:53.065 [client] SEND rms=0.038 silence_ratio=0.54 peak=0.476
2026-05-22 08:05:53.105 [ASR] Saved outgoing ASR chunk: asr_20260522_080553_098_00094_english.wav chunk_s=2.50 rms=0.03800
2026-05-22 08:05:53.107 [ASR] [ASR ENTER SEND] mode=english_or_auto forcedLanguage=english recording=True samples=40000 rms=0.03800
2026-05-22 08:05:53.109 [client] SEND lang=english chunk_s=2.50 rms=0.038 silence_ratio=0.54
2026-05-22 08:05:53.112 [ASR] [ASR POST ATTEMPT] chunk_id=60 url=https://thedeezat-asr-hearing-impaired-api.hf.space/audio forcedLanguage=english samples=40000 sr=16000 chunk_s=2.50 rms=0.03800
2026-05-22 08:05:53.113 [ASR] [ASR SEND ATTEMPT] id=asr-00060 lang=english sr=16000 samples=40000 chunk_s=2.50 rms=0.03800 speech_ratio=0.154 voiced_ratio=0.939 bytes=160000 url=https://thedeezat-asr-hearing-impaired-api.hf.space/audio
2026-05-22 08:05:53.617 [ASR] [ASR RESPONSE] id=asr-00060 status=200 error= body={"text": "", "infer_ms": 204.49, "total_ms": 343.48, "chunk_duration_s": 0.855, "speech_rms": 0.063693, "no_speech_prob": 0.04510498046875, "avg_logprob": -0.10955937206745148, "compression_ratio": 0.6666666666666666}
2026-05-22 08:05:53.622 [ASR] asr-00060 diag text_len=0 infer_ms=204.49 total_ms=343.48 chunk_duration_s=0.855 payload_bytes=160000 posted_rms=0.038000 posted_samples=40000 pending_q=0 capture_gen_send=31
2026-05-22 08:05:53.625 [client] RAW text=''
2026-05-22 08:05:53.627 [ASR] asr-00060 empty response ignored (no append).
2026-05-22 08:05:53.863 [client] BUFFER ms=1140 rms=0.002 peak=0.009
2026-05-22 08:05:54.713 [client] MIC rms=0.002 peak=0.007 gain=3.34
2026-05-22 08:05:54.891 [client] BUFFER ms=2150 rms=0.002 peak=0.007
2026-05-22 08:05:55.274 [client] SEND rms=0.027 silence_ratio=0.33 peak=0.480
2026-05-22 08:05:55.292 [ASR] Saved outgoing ASR chunk: asr_20260522_080555_285_00095_english.wav chunk_s=2.50 rms=0.02692
2026-05-22 08:05:55.294 [ASR] [ASR ENTER SEND] mode=english_or_auto forcedLanguage=english recording=True samples=40000 rms=0.02692
2026-05-22 08:05:55.297 [client] SEND lang=english chunk_s=2.50 rms=0.027 silence_ratio=0.33
2026-05-22 08:05:55.299 [ASR] [ASR POST ATTEMPT] chunk_id=61 url=https://thedeezat-asr-hearing-impaired-api.hf.space/audio forcedLanguage=english samples=40000 sr=16000 chunk_s=2.50 rms=0.02692
2026-05-22 08:05:55.301 [ASR] [ASR SEND ATTEMPT] id=asr-00061 lang=english sr=16000 samples=40000 chunk_s=2.50 rms=0.02692 speech_ratio=0.150 voiced_ratio=0.924 bytes=160000 url=https://thedeezat-asr-hearing-impaired-api.hf.space/audio
2026-05-22 08:05:55.742 [ASR] [ASR RESPONSE] id=asr-00061 status=200 error= body={"text": "", "infer_ms": 179.54, "total_ms": 241.67, "chunk_duration_s": 2.5, "speech_rms": 0.026845, "no_speech_prob": 0.84765625, "avg_logprob": -0.907318115234375, "compression_ratio": 0.2727272727272727}
2026-05-22 08:05:55.746 [ASR] asr-00061 diag text_len=0 infer_ms=179.54 total_ms=241.67 chunk_duration_s=2.5 payload_bytes=160000 posted_rms=0.026918 posted_samples=40000 pending_q=0 capture_gen_send=31
2026-05-22 08:05:55.748 [client] RAW text=''
2026-05-22 08:05:55.750 [ASR] asr-00061 empty response ignored (no append).
2026-05-22 08:05:55.907 [client] BUFFER ms=960 rms=0.023 peak=0.061
2026-05-22 08:05:56.738 [client] MIC rms=0.002 peak=0.007 gain=8.00
2026-05-22 08:05:56.920 [client] BUFFER ms=1980 rms=0.002 peak=0.006
2026-05-22 08:05:57.492 [client] SEND rms=0.038 silence_ratio=0.59 peak=0.304
2026-05-22 08:05:57.533 [ASR] Saved outgoing ASR chunk: asr_20260522_080557_518_00096_english.wav chunk_s=2.50 rms=0.03800
2026-05-22 08:05:57.535 [ASR] [ASR ENTER SEND] mode=english_or_auto forcedLanguage=english recording=True samples=40000 rms=0.03800
2026-05-22 08:05:57.538 [client] SEND lang=english chunk_s=2.50 rms=0.038 silence_ratio=0.59
2026-05-22 08:05:57.540 [ASR] [ASR POST ATTEMPT] chunk_id=62 url=https://thedeezat-asr-hearing-impaired-api.hf.space/audio forcedLanguage=english samples=40000 sr=16000 chunk_s=2.50 rms=0.03800
2026-05-22 08:05:57.542 [ASR] [ASR SEND ATTEMPT] id=asr-00062 lang=english sr=16000 samples=40000 chunk_s=2.50 rms=0.03800 speech_ratio=0.194 voiced_ratio=0.939 bytes=160000 url=https://thedeezat-asr-hearing-impaired-api.hf.space/audio
2026-05-22 08:05:57.935 [ASR] [ASR RESPONSE] id=asr-00062 status=200 error= body={"text": "WHAT ARE YOU DOING?", "infer_ms": 204.81, "total_ms": 232.33, "chunk_duration_s": 1.085, "speech_rms": 0.057202, "no_speech_prob": 0.0163726806640625, "avg_logprob": -0.11284096787373225, "compression_ratio": 0…
2026-05-22 08:05:57.941 [ASR] asr-00062 diag text_len=19 infer_ms=204.81 total_ms=232.33 chunk_duration_s=1.085 payload_bytes=160000 posted_rms=0.038000 posted_samples=40000 pending_q=0 capture_gen_send=31
2026-05-22 08:05:57.943 [client] RAW text='WHAT ARE YOU DOING?'
2026-05-22 08:05:57.945 [client] MERGE old='' new='What are you doing?' merged='What are you doing?'
2026-05-22 08:05:57.949 [client] DISPLAY text='What are you doing?'
2026-05-22 08:05:57.953 [ASR] summary attempts=80 ok=54 fail=26 emptyText=36 inFlight=0
2026-05-22 08:05:57.962 [client] BUFFER ms=820 rms=0.002 peak=0.009
2026-05-22 08:05:58.260 [client] CLEAR reason=phrase_finalized_for_nmt
2026-05-22 08:05:58.264 [client] FINALIZE urgent=True age=0.30s ends_punct=True text='What are you doing?'
2026-05-22 08:05:58.329 [nmt] SENTENCE italian_mode=False translation_en=True translation_it=False text='What are you doing?'
2026-05-22 08:05:58.333 [nmt] ENQUEUE q=1 in_flight=False translation_on=True italian_mode=False text='What are you doing?'
2026-05-22 08:05:58.337 [nmt] START italian_mode=False text='What are you doing?'
2026-05-22 08:05:58.575 [nmt] RESULT have_resp=True src='What are you doing?' tgt='What are you doing?'
2026-05-22 08:05:58.578 [nmt] DISPLAY hold_s=4.0 q_after=0
2026-05-22 08:05:58.757 [client] MIC rms=0.002 peak=0.007 gain=2.65
2026-05-22 08:05:59.009 [client] BUFFER ms=1880 rms=0.002 peak=0.007
2026-05-22 08:05:59.705 [ASR] Saved outgoing ASR chunk: asr_20260522_080559_697_00097_english.wav chunk_s=2.50 rms=0.01687
2026-05-22 08:05:59.707 [ASR] [ASR ENTER SEND] mode=english_or_auto forcedLanguage=english recording=True samples=40000 rms=0.01687
2026-05-22 08:05:59.709 [client] SEND lang=english chunk_s=2.50 rms=0.017 silence_ratio=0.37
2026-05-22 08:05:59.712 [ASR] [ASR POST ATTEMPT] chunk_id=63 url=https://thedeezat-asr-hearing-impaired-api.hf.space/audio forcedLanguage=english samples=40000 sr=16000 chunk_s=2.50 rms=0.01687
2026-05-22 08:05:59.713 [ASR] [ASR SEND ATTEMPT] id=asr-00063 lang=english sr=16000 samples=40000 chunk_s=2.50 rms=0.01687 speech_ratio=0.099 voiced_ratio=0.929 bytes=160000 url=https://thedeezat-asr-hearing-impaired-api.hf.space/audio
2026-05-22 08:06:00.016 [client] BUFFER ms=660 rms=0.002 peak=0.007
2026-05-22 08:06:00.454 [ASR] [ASR RESPONSE] id=asr-00063 status=200 error= body={"text": "", "infer_ms": 177.49, "total_ms": 557.5, "chunk_duration_s": 2.5, "speech_rms": 0.016847, "no_speech_prob": 0.91552734375, "avg_logprob": -0.833740234375, "compression_ratio": 0.2727272727272727}
2026-05-22 08:06:00.457 [ASR] asr-00063 diag text_len=0 infer_ms=177.49 total_ms=557.5 chunk_duration_s=2.5 payload_bytes=160000 posted_rms=0.016867 posted_samples=40000 pending_q=0 capture_gen_send=31
2026-05-22 08:06:00.459 [client] RAW text=''
2026-05-22 08:06:00.462 [ASR] asr-00063 empty response ignored (no append).
2026-05-22 08:06:00.775 [client] MIC rms=0.002 peak=0.008 gain=8.00
2026-05-22 08:06:01.068 [client] BUFFER ms=1730 rms=0.002 peak=0.007
2026-05-22 08:06:01.873 [client] SEND rms=0.038 silence_ratio=0.44 peak=0.411
2026-05-22 08:06:01.892 [ASR] Saved outgoing ASR chunk: asr_20260522_080601_884_00098_english.wav chunk_s=2.50 rms=0.03800
2026-05-22 08:06:01.894 [ASR] [ASR ENTER SEND] mode=english_or_auto forcedLanguage=english recording=True samples=40000 rms=0.03800
2026-05-22 08:06:01.896 [client] SEND lang=english chunk_s=2.50 rms=0.038 silence_ratio=0.44
2026-05-22 08:06:01.897 [ASR] [ASR POST ATTEMPT] chunk_id=64 url=https://thedeezat-asr-hearing-impaired-api.hf.space/audio forcedLanguage=english samples=40000 sr=16000 chunk_s=2.50 rms=0.03800
2026-05-22 08:06:01.898 [ASR] [ASR SEND ATTEMPT] id=asr-00064 lang=english sr=16000 samples=40000 chunk_s=2.50 rms=0.03800 speech_ratio=0.130 voiced_ratio=0.955 bytes=160000 url=https://thedeezat-asr-hearing-impaired-api.hf.space/audio
2026-05-22 08:06:02.118 [client] BUFFER ms=580 rms=0.013 peak=0.024
2026-05-22 08:06:02.772 [ASR] [ASR RESPONSE] id=asr-00064 status=200 error= body={"text": "WHAT THE...", "infer_ms": 194.08, "total_ms": 538.39, "chunk_duration_s": 2.5, "speech_rms": 0.03792, "no_speech_prob": 0.283935546875, "avg_logprob": -0.6710434108972549, "compression_ratio": 0.578947368421052…
2026-05-22 08:06:02.776 [ASR] asr-00064 diag text_len=11 infer_ms=194.08 total_ms=538.39 chunk_duration_s=2.5 payload_bytes=160000 posted_rms=0.038000 posted_samples=40000 pending_q=0 capture_gen_send=31
2026-05-22 08:06:02.778 [client] RAW text='WHAT THE...'
2026-05-22 08:06:02.780 [client] MERGE old='' new='What the...' merged='What the...'
2026-05-22 08:06:02.783 [client] DISPLAY text='What the...'
2026-05-22 08:06:02.788 [client] MIC rms=0.002 peak=0.007 gain=5.17
2026-05-22 08:06:03.061 [client] CLEAR reason=phrase_finalized_for_nmt
2026-05-22 08:06:03.064 [client] FINALIZE urgent=True age=0.27s ends_punct=True text='What the...'
2026-05-22 08:06:03.118 [nmt] SENTENCE italian_mode=False translation_en=True translation_it=False text='What the...'
2026-05-22 08:06:03.127 [nmt] ENQUEUE q=1 in_flight=False translation_on=True italian_mode=False text='What the...'
2026-05-22 08:06:03.132 [nmt] START italian_mode=False text='What the...'
2026-05-22 08:06:03.135 [client] BUFFER ms=1580 rms=0.002 peak=0.008
2026-05-22 08:06:03.350 [nmt] RESULT have_resp=True src='What the...' tgt='What the...'
2026-05-22 08:06:03.355 [nmt] DISPLAY hold_s=4.0 q_after=0
2026-05-22 08:06:04.102 [client] SEND rms=0.038 silence_ratio=0.45 peak=0.290
2026-05-22 08:06:04.138 [ASR] Saved outgoing ASR chunk: asr_20260522_080604_131_00099_english.wav chunk_s=2.50 rms=0.03800
2026-05-22 08:06:04.139 [ASR] [ASR ENTER SEND] mode=english_or_auto forcedLanguage=english recording=True samples=40000 rms=0.03800
2026-05-22 08:06:04.142 [client] SEND lang=english chunk_s=2.50 rms=0.038 silence_ratio=0.45
2026-05-22 08:06:04.143 [ASR] [ASR POST ATTEMPT] chunk_id=65 url=https://thedeezat-asr-hearing-impaired-api.hf.space/audio forcedLanguage=english samples=40000 sr=16000 chunk_s=2.50 rms=0.03800
2026-05-22 08:06:04.145 [ASR] [ASR SEND ATTEMPT] id=asr-00065 lang=english sr=16000 samples=40000 chunk_s=2.50 rms=0.03800 speech_ratio=0.209 voiced_ratio=0.939 bytes=160000 url=https://thedeezat-asr-hearing-impaired-api.hf.space/audio
2026-05-22 08:06:04.200 [client] BUFFER ms=460 rms=0.002 peak=0.009
2026-05-22 08:06:04.798 [client] MIC rms=0.003 peak=0.010 gain=3.77
2026-05-22 08:06:04.967 [ASR] [ASR RESPONSE] id=asr-00065 status=200 error= body={"text": "FOR YOU DOING IT", "infer_ms": 198.51, "total_ms": 510.48, "chunk_duration_s": 2.5, "speech_rms": 0.037857, "no_speech_prob": 0.281005859375, "avg_logprob": -0.5618896484375, "compression_ratio": 0.666666666666…
2026-05-22 08:06:04.971 [ASR] asr-00065 diag text_len=16 infer_ms=198.51 total_ms=510.48 chunk_duration_s=2.5 payload_bytes=160000 posted_rms=0.038000 posted_samples=40000 pending_q=0 capture_gen_send=31
2026-05-22 08:06:04.974 [client] RAW text='FOR YOU DOING IT'
2026-05-22 08:06:04.976 [client] MERGE old='' new='For you doing it' merged='For you doing it'
2026-05-22 08:06:04.978 [client] DISPLAY text='For you doing it'
2026-05-22 08:06:05.222 [client] BUFFER ms=1490 rms=0.002 peak=0.008
2026-05-22 08:06:06.239 [client] BUFFER ms=2500 rms=0.002 peak=0.006
2026-05-22 08:06:06.292 [ASR] Saved outgoing ASR chunk: asr_20260522_080606_285_00100_english.wav chunk_s=2.50 rms=0.01779
2026-05-22 08:06:06.293 [ASR] [ASR ENTER SEND] mode=english_or_auto forcedLanguage=english recording=True samples=40000 rms=0.01779
2026-05-22 08:06:06.295 [client] SEND lang=english chunk_s=2.50 rms=0.018 silence_ratio=0.35
2026-05-22 08:06:06.297 [ASR] [ASR POST ATTEMPT] chunk_id=66 url=https://thedeezat-asr-hearing-impaired-api.hf.space/audio forcedLanguage=english samples=40000 sr=16000 chunk_s=2.50 rms=0.01779
2026-05-22 08:06:06.298 [ASR] [ASR SEND ATTEMPT] id=asr-00066 lang=english sr=16000 samples=40000 chunk_s=2.50 rms=0.01779 speech_ratio=0.114 voiced_ratio=0.894 bytes=160000 url=https://thedeezat-asr-hearing-impaired-api.hf.space/audio
2026-05-22 08:06:06.778 [ASR] [ASR RESPONSE] id=asr-00066 status=200 error= body={"text": "", "infer_ms": 179.09, "total_ms": 327.98, "chunk_duration_s": 2.5, "speech_rms": 0.017768, "no_speech_prob": 0.91650390625, "avg_logprob": -0.858489990234375, "compression_ratio": 0.2727272727272727}
2026-05-22 08:06:06.782 [ASR] asr-00066 diag text_len=0 infer_ms=179.09 total_ms=327.98 chunk_duration_s=2.5 payload_bytes=160000 posted_rms=0.017787 posted_samples=40000 pending_q=0 capture_gen_send=31
2026-05-22 08:06:06.784 [client] RAW text=''
2026-05-22 08:06:06.786 [ASR] asr-00066 empty response ignored (no append).
2026-05-22 08:06:06.847 [client] MIC rms=0.002 peak=0.008 gain=8.00
2026-05-22 08:06:07.035 [client] CLEAR reason=phrase_finalized_for_nmt
2026-05-22 08:06:07.041 [client] FINALIZE urgent=False age=2.05s ends_punct=False text='For you doing it'
2026-05-22 08:06:07.098 [nmt] SENTENCE italian_mode=False translation_en=True translation_it=False text='For you doing it'
2026-05-22 08:06:07.106 [nmt] ENQUEUE q=1 in_flight=False translation_on=True italian_mode=False text='For you doing it'
2026-05-22 08:06:07.108 [nmt] START italian_mode=False text='For you doing it'
2026-05-22 08:06:07.271 [client] BUFFER ms=1340 rms=0.002 peak=0.008
2026-05-22 08:06:08.076 [nmt] HTTP id=nmt-0014 status=200 src_lang=eng_Latn tgt_lang=ita_Latn body={"translation":"Per te che lo fai.","latency_ms":328.8,"request_id":"nmt-0014","source_lang":"eng_Latn","target_lang":"ita_Latn","model_variant":"NMT-v4-Casual-Weighted"}
2026-05-22 08:06:08.130 [nmt] RESULT have_resp=True src='For you doing it' tgt='Per te che lo fai.'
2026-05-22 08:06:08.134 [nmt] DISPLAY hold_s=4.0 q_after=0
2026-05-22 08:06:08.296 [client] BUFFER ms=2360 rms=0.024 peak=0.069
2026-05-22 08:06:08.488 [client] SEND rms=0.038 silence_ratio=0.62 peak=0.401
2026-05-22 08:06:08.527 [ASR] Saved outgoing ASR chunk: asr_20260522_080608_520_00101_english.wav chunk_s=2.50 rms=0.03800
2026-05-22 08:06:08.529 [ASR] [ASR ENTER SEND] mode=english_or_auto forcedLanguage=english recording=True samples=40000 rms=0.03800
2026-05-22 08:06:08.531 [client] SEND lang=english chunk_s=2.50 rms=0.038 silence_ratio=0.62
2026-05-22 08:06:08.532 [ASR] [ASR POST ATTEMPT] chunk_id=67 url=https://thedeezat-asr-hearing-impaired-api.hf.space/audio forcedLanguage=english samples=40000 sr=16000 chunk_s=2.50 rms=0.03800
2026-05-22 08:06:08.533 [ASR] [ASR SEND ATTEMPT] id=asr-00067 lang=english sr=16000 samples=40000 chunk_s=2.50 rms=0.03800 speech_ratio=0.165 voiced_ratio=0.949 bytes=160000 url=https://thedeezat-asr-hearing-impaired-api.hf.space/audio
2026-05-22 08:06:08.879 [client] MIC rms=0.002 peak=0.008 gain=2.38
2026-05-22 08:06:09.336 [client] BUFFER ms=1220 rms=0.002 peak=0.006
2026-05-22 08:06:09.396 [ASR] [ASR RESPONSE] id=asr-00067 status=200 error= body={"text": "WHAT THE HELL?", "infer_ms": 198.55, "total_ms": 492.08, "chunk_duration_s": 1.1, "speech_rms": 0.056924, "no_speech_prob": 0.130615234375, "avg_logprob": -0.21815185546875, "compression_ratio": 0.6363636363636…
2026-05-22 08:06:09.400 [ASR] asr-00067 diag text_len=14 infer_ms=198.55 total_ms=492.08 chunk_duration_s=1.1 payload_bytes=160000 posted_rms=0.038000 posted_samples=40000 pending_q=0 capture_gen_send=31
2026-05-22 08:06:09.403 [client] RAW text='WHAT THE HELL?'
2026-05-22 08:06:09.405 [client] MERGE old='' new='What the hell?' merged='What the hell?'
2026-05-22 08:06:09.407 [client] DISPLAY text='What the hell?'
2026-05-22 08:06:09.714 [client] CLEAR reason=phrase_finalized_for_nmt
2026-05-22 08:06:09.718 [client] FINALIZE urgent=True age=0.30s ends_punct=True text='What the hell?'
2026-05-22 08:06:09.780 [nmt] SENTENCE italian_mode=False translation_en=True translation_it=False text='What the hell?'
2026-05-22 08:06:09.783 [nmt] ENQUEUE q=1 in_flight=False translation_on=True italian_mode=False text='What the hell?'
2026-05-22 08:06:09.785 [nmt] START italian_mode=False text='What the hell?'
2026-05-22 08:06:09.960 [nmt] RESULT have_resp=True src='What the hell?' tgt='What the hell?'
2026-05-22 08:06:09.967 [nmt] DISPLAY hold_s=4.0 q_after=0
2026-05-22 08:06:10.358 [client] BUFFER ms=2240 rms=0.002 peak=0.008
2026-05-22 08:06:10.693 [client] SEND rms=0.038 silence_ratio=0.50 peak=0.425
2026-05-22 08:06:10.714 [ASR] Saved outgoing ASR chunk: asr_20260522_080610_705_00102_english.wav chunk_s=2.50 rms=0.03800
2026-05-22 08:06:10.716 [ASR] [ASR ENTER SEND] mode=english_or_auto forcedLanguage=english recording=True samples=40000 rms=0.03800
2026-05-22 08:06:10.718 [client] SEND lang=english chunk_s=2.50 rms=0.038 silence_ratio=0.50
2026-05-22 08:06:10.719 [ASR] [ASR POST ATTEMPT] chunk_id=68 url=https://thedeezat-asr-hearing-impaired-api.hf.space/audio forcedLanguage=english samples=40000 sr=16000 chunk_s=2.50 rms=0.03800
2026-05-22 08:06:10.721 [ASR] [ASR SEND ATTEMPT] id=asr-00068 lang=english sr=16000 samples=40000 chunk_s=2.50 rms=0.03800 speech_ratio=0.086 voiced_ratio=0.934 bytes=160000 url=https://thedeezat-asr-hearing-impaired-api.hf.space/audio
2026-05-22 08:06:10.890 [client] MIC rms=0.002 peak=0.008 gain=4.58
2026-05-22 08:06:11.418 [client] BUFFER ms=1100 rms=0.002 peak=0.008
2026-05-22 08:06:11.660 [ASR] [ASR RESPONSE] id=asr-00068 status=200 error= body={"text": "", "infer_ms": 317.29, "total_ms": 627.45, "chunk_duration_s": 0.455, "speech_rms": 0.086235, "no_speech_prob": 0.578125, "avg_logprob": -0.8127326667308807, "compression_ratio": 0.5555555555555556}
2026-05-22 08:06:11.665 [ASR] asr-00068 HTTP 200 chunk #60 resp: {"text": "", "infer_ms": 317.29, "total_ms": 627.45, "chunk_duration_s": 0.455, "speech_rms": 0.086235, "no_speech_prob": 0.578125, "avg_logprob": -0.8127326667…
2026-05-22 08:06:11.668 [ASR] asr-00068 diag text_len=0 infer_ms=317.29 total_ms=627.45 chunk_duration_s=0.455 payload_bytes=160000 posted_rms=0.038000 posted_samples=40000 pending_q=0 capture_gen_send=31
2026-05-22 08:06:11.669 [client] RAW text=''
2026-05-22 08:06:11.671 [ASR] asr-00068 empty response ignored (no append).
2026-05-22 08:06:12.427 [client] BUFFER ms=2090 rms=0.002 peak=0.007
2026-05-22 08:06:12.928 [ASR] Saved outgoing ASR chunk: asr_20260522_080612_904_00103_english.wav chunk_s=2.50 rms=0.01750
2026-05-22 08:06:12.930 [ASR] [ASR ENTER SEND] mode=english_or_auto forcedLanguage=english recording=True samples=40000 rms=0.01750
2026-05-22 08:06:12.932 [client] SEND lang=english chunk_s=2.50 rms=0.018 silence_ratio=0.35
2026-05-22 08:06:12.934 [ASR] [ASR POST ATTEMPT] chunk_id=69 url=https://thedeezat-asr-hearing-impaired-api.hf.space/audio forcedLanguage=english samples=40000 sr=16000 chunk_s=2.50 rms=0.01750
2026-05-22 08:06:12.935 [ASR] [ASR SEND ATTEMPT] id=asr-00069 lang=english sr=16000 samples=40000 chunk_s=2.50 rms=0.01750 speech_ratio=0.110 voiced_ratio=0.879 bytes=160000 url=https://thedeezat-asr-hearing-impaired-api.hf.space/audio
2026-05-22 08:06:12.991 [client] MIC rms=0.002 peak=0.007 gain=8.00
2026-05-22 08:06:13.344 [ASR] [ASR RESPONSE] id=asr-00069 status=200 error= body={"text": "", "infer_ms": 178.15, "total_ms": 191.58, "chunk_duration_s": 2.5, "speech_rms": 0.01748, "no_speech_prob": 0.91552734375, "avg_logprob": -0.8890380859375, "compression_ratio": 0.2727272727272727}
2026-05-22 08:06:13.347 [ASR] asr-00069 diag text_len=0 infer_ms=178.15 total_ms=191.58 chunk_duration_s=2.5 payload_bytes=160000 posted_rms=0.017501 posted_samples=40000 pending_q=0 capture_gen_send=31
2026-05-22 08:06:13.349 [client] RAW text=''
2026-05-22 08:06:13.351 [ASR] asr-00069 empty response ignored (no append).
2026-05-22 08:06:13.478 [client] BUFFER ms=930 rms=0.002 peak=0.007
2026-05-22 08:06:14.525 [client] BUFFER ms=2000 rms=0.002 peak=0.007
2026-05-22 08:06:15.012 [client] MIC rms=0.002 peak=0.007 gain=8.00
2026-05-22 08:06:15.123 [ASR] Saved outgoing ASR chunk: asr_20260522_080615_114_00104_english.wav chunk_s=2.50 rms=0.01698
2026-05-22 08:06:15.125 [ASR] [ASR ENTER SEND] mode=english_or_auto forcedLanguage=english recording=True samples=40000 rms=0.01698
2026-05-22 08:06:15.127 [client] SEND lang=english chunk_s=2.50 rms=0.017 silence_ratio=0.36
2026-05-22 08:06:15.129 [ASR] [ASR POST ATTEMPT] chunk_id=70 url=https://thedeezat-asr-hearing-impaired-api.hf.space/audio forcedLanguage=english samples=40000 sr=16000 chunk_s=2.50 rms=0.01698
2026-05-22 08:06:15.131 [ASR] [ASR SEND ATTEMPT] id=asr-00070 lang=english sr=16000 samples=40000 chunk_s=2.50 rms=0.01698 speech_ratio=0.098 voiced_ratio=0.848 bytes=160000 url=https://thedeezat-asr-hearing-impaired-api.hf.space/audio
2026-05-22 08:06:15.552 [client] BUFFER ms=810 rms=0.002 peak=0.007
2026-05-22 08:06:15.694 [ASR] [ASR RESPONSE] id=asr-00070 status=200 error= body={"text": "", "infer_ms": 180.18, "total_ms": 353.25, "chunk_duration_s": 2.5, "speech_rms": 0.016962, "no_speech_prob": 0.91845703125, "avg_logprob": -0.8883056640625, "compression_ratio": 0.2727272727272727}
2026-05-22 08:06:15.701 [ASR] asr-00070 diag text_len=0 infer_ms=180.18 total_ms=353.25 chunk_duration_s=2.5 payload_bytes=160000 posted_rms=0.016981 posted_samples=40000 pending_q=0 capture_gen_send=31
2026-05-22 08:06:15.703 [client] RAW text=''
2026-05-22 08:06:15.705 [ASR] asr-00070 empty response ignored (no append).
2026-05-22 08:06:16.588 [client] BUFFER ms=1850 rms=0.002 peak=0.006
2026-05-22 08:06:17.062 [client] MIC rms=0.002 peak=0.009 gain=8.00
2026-05-22 08:06:17.299 [ASR] Saved outgoing ASR chunk: asr_20260522_080617_293_00105_english.wav chunk_s=2.50 rms=0.01775
2026-05-22 08:06:17.301 [ASR] [ASR ENTER SEND] mode=english_or_auto forcedLanguage=english recording=True samples=40000 rms=0.01775
2026-05-22 08:06:17.304 [client] SEND lang=english chunk_s=2.50 rms=0.018 silence_ratio=0.35
2026-05-22 08:06:17.305 [ASR] [ASR POST ATTEMPT] chunk_id=71 url=https://thedeezat-asr-hearing-impaired-api.hf.space/audio forcedLanguage=english samples=40000 sr=16000 chunk_s=2.50 rms=0.01775
2026-05-22 08:06:17.306 [ASR] [ASR SEND ATTEMPT] id=asr-00071 lang=english sr=16000 samples=40000 chunk_s=2.50 rms=0.01775 speech_ratio=0.116 voiced_ratio=0.919 bytes=160000 url=https://thedeezat-asr-hearing-impaired-api.hf.space/audio
2026-05-22 08:06:17.648 [client] BUFFER ms=720 rms=0.002 peak=0.008
2026-05-22 08:06:17.703 [ASR] [ASR RESPONSE] id=asr-00071 status=200 error= body={"text": "", "infer_ms": 178.24, "total_ms": 201.15, "chunk_duration_s": 2.5, "speech_rms": 0.01773, "no_speech_prob": 0.90869140625, "avg_logprob": -0.886474609375, "compression_ratio": 0.2727272727272727}
2026-05-22 08:06:17.709 [ASR] asr-00071 diag text_len=0 infer_ms=178.24 total_ms=201.15 chunk_duration_s=2.5 payload_bytes=160000 posted_rms=0.017750 posted_samples=40000 pending_q=0 capture_gen_send=31
2026-05-22 08:06:17.714 [client] RAW text=''
2026-05-22 08:06:17.716 [ASR] asr-00071 empty response ignored (no append).
2026-05-22 08:06:18.684 [client] BUFFER ms=1760 rms=0.003 peak=0.009
2026-05-22 08:06:19.073 [client] MIC rms=0.003 peak=0.007 gain=8.00
2026-05-22 08:06:19.467 [ASR] Saved outgoing ASR chunk: asr_20260522_080619_460_00106_english.wav chunk_s=2.50 rms=0.01839
2026-05-22 08:06:19.469 [ASR] [ASR ENTER SEND] mode=english_or_auto forcedLanguage=english recording=True samples=40000 rms=0.01839
2026-05-22 08:06:19.472 [client] SEND lang=english chunk_s=2.50 rms=0.018 silence_ratio=0.34
2026-05-22 08:06:19.475 [ASR] [ASR POST ATTEMPT] chunk_id=72 url=https://thedeezat-asr-hearing-impaired-api.hf.space/audio forcedLanguage=english samples=40000 sr=16000 chunk_s=2.50 rms=0.01839
2026-05-22 08:06:19.476 [ASR] [ASR SEND ATTEMPT] id=asr-00072 lang=english sr=16000 samples=40000 chunk_s=2.50 rms=0.01839 speech_ratio=0.128 voiced_ratio=0.924 bytes=160000 url=https://thedeezat-asr-hearing-impaired-api.hf.space/audio
2026-05-22 08:06:19.715 [client] BUFFER ms=570 rms=0.002 peak=0.009
2026-05-22 08:06:19.885 [ASR] [ASR RESPONSE] id=asr-00072 status=200 error= body={"text": "", "infer_ms": 177.76, "total_ms": 207.61, "chunk_duration_s": 2.5, "speech_rms": 0.018364, "no_speech_prob": 0.9111328125, "avg_logprob": -0.885101318359375, "compression_ratio": 0.2727272727272727}
2026-05-22 08:06:19.890 [ASR] asr-00072 diag text_len=0 infer_ms=177.76 total_ms=207.61 chunk_duration_s=2.5 payload_bytes=160000 posted_rms=0.018386 posted_samples=40000 pending_q=0 capture_gen_send=31
2026-05-22 08:06:19.891 [client] RAW text=''
2026-05-22 08:06:19.894 [ASR] asr-00072 empty response ignored (no append).
2026-05-22 08:06:20.738 [client] BUFFER ms=1580 rms=0.003 peak=0.008
2026-05-22 08:06:21.104 [client] MIC rms=0.025 peak=0.061 gain=8.00
2026-05-22 08:06:21.737 [client] SEND rms=0.038 silence_ratio=0.48 peak=0.442
2026-05-22 08:06:21.755 [ASR] Saved outgoing ASR chunk: asr_20260522_080621_749_00107_english.wav chunk_s=2.50 rms=0.03800
2026-05-22 08:06:21.757 [ASR] [ASR ENTER SEND] mode=english_or_auto forcedLanguage=english recording=True samples=40000 rms=0.03800
2026-05-22 08:06:21.759 [client] SEND lang=english chunk_s=2.50 rms=0.038 silence_ratio=0.48
2026-05-22 08:06:21.761 [ASR] [ASR POST ATTEMPT] chunk_id=73 url=https://thedeezat-asr-hearing-impaired-api.hf.space/audio forcedLanguage=english samples=40000 sr=16000 chunk_s=2.50 rms=0.03800
2026-05-22 08:06:21.762 [ASR] [ASR SEND ATTEMPT] id=asr-00073 lang=english sr=16000 samples=40000 chunk_s=2.50 rms=0.03800 speech_ratio=0.123 voiced_ratio=0.955 bytes=160000 url=https://thedeezat-asr-hearing-impaired-api.hf.space/audio
2026-05-22 08:06:21.812 [client] BUFFER ms=500 rms=0.002 peak=0.006
2026-05-22 08:06:22.184 [ASR] [ASR RESPONSE] id=asr-00073 status=200 error= body={"text": "WHAT'S UP", "infer_ms": 190.53, "total_ms": 232.81, "chunk_duration_s": 1.635, "speech_rms": 0.0464, "no_speech_prob": 0.141845703125, "avg_logprob": -0.40480993688106537, "compression_ratio": 0.529411764705882…
2026-05-22 08:06:22.187 [ASR] asr-00073 diag text_len=9 infer_ms=190.53 total_ms=232.81 chunk_duration_s=1.635 payload_bytes=160000 posted_rms=0.038000 posted_samples=40000 pending_q=0 capture_gen_send=31
2026-05-22 08:06:22.190 [client] RAW text='WHAT\'S UP'
2026-05-22 08:06:22.192 [client] DISPLAY text=''
2026-05-22 08:06:22.194 [ASR] asr-00073 skipped marginal decode (noise-shaped caption).
2026-05-22 08:06:22.837 [client] BUFFER ms=1490 rms=0.003 peak=0.009
2026-05-22 08:06:23.144 [client] MIC rms=0.003 peak=0.009 gain=4.19
2026-05-22 08:06:23.878 [client] SEND rms=0.020 silence_ratio=0.31 peak=0.093
2026-05-22 08:06:23.898 [ASR] Saved outgoing ASR chunk: asr_20260522_080623_890_00108_english.wav chunk_s=2.50 rms=0.02004
2026-05-22 08:06:23.900 [ASR] [ASR ENTER SEND] mode=english_or_auto forcedLanguage=english recording=True samples=40000 rms=0.02004
2026-05-22 08:06:23.902 [client] SEND lang=english chunk_s=2.50 rms=0.020 silence_ratio=0.31
2026-05-22 08:06:23.904 [ASR] [ASR POST ATTEMPT] chunk_id=74 url=https://thedeezat-asr-hearing-impaired-api.hf.space/audio forcedLanguage=english samples=40000 sr=16000 chunk_s=2.50 rms=0.02004
2026-05-22 08:06:23.905 [ASR] [ASR SEND ATTEMPT] id=asr-00074 lang=english sr=16000 samples=40000 chunk_s=2.50 rms=0.02004 speech_ratio=0.162 voiced_ratio=0.939 bytes=160000 url=https://thedeezat-asr-hearing-impaired-api.hf.space/audio
2026-05-22 08:06:23.958 [client] BUFFER ms=420 rms=0.002 peak=0.007
2026-05-22 08:06:24.298 [ASR] [ASR RESPONSE] id=asr-00074 status=200 error= body={"text": "", "infer_ms": 180.91, "total_ms": 202.29, "chunk_duration_s": 2.5, "speech_rms": 0.020023, "no_speech_prob": 0.86474609375, "avg_logprob": -0.80474853515625, "compression_ratio": 0.2727272727272727}
2026-05-22 08:06:24.304 [ASR] asr-00074 diag text_len=0 infer_ms=180.91 total_ms=202.29 chunk_duration_s=2.5 payload_bytes=160000 posted_rms=0.020044 posted_samples=40000 pending_q=0 capture_gen_send=31
2026-05-22 08:06:24.306 [client] RAW text=''
2026-05-22 08:06:24.307 [ASR] asr-00074 empty response ignored (no append).
2026-05-22 08:06:24.997 [client] BUFFER ms=1450 rms=0.002 peak=0.007
2026-05-22 08:06:25.171 [client] MIC rms=0.002 peak=0.008 gain=8.00
2026-05-22 08:06:26.042 [client] BUFFER ms=2490 rms=0.003 peak=0.008
2026-05-22 08:06:26.161 [ASR] Saved outgoing ASR chunk: asr_20260522_080626_154_00109_english.wav chunk_s=2.50 rms=0.01921
2026-05-22 08:06:26.163 [ASR] [ASR ENTER SEND] mode=english_or_auto forcedLanguage=english recording=True samples=40000 rms=0.01921
2026-05-22 08:06:26.165 [client] SEND lang=english chunk_s=2.50 rms=0.019 silence_ratio=0.33
2026-05-22 08:06:26.167 [ASR] [ASR POST ATTEMPT] chunk_id=75 url=https://thedeezat-asr-hearing-impaired-api.hf.space/audio forcedLanguage=english samples=40000 sr=16000 chunk_s=2.50 rms=0.01921
2026-05-22 08:06:26.168 [ASR] [ASR SEND ATTEMPT] id=asr-00075 lang=english sr=16000 samples=40000 chunk_s=2.50 rms=0.01921 speech_ratio=0.143 voiced_ratio=0.944 bytes=160000 url=https://thedeezat-asr-hearing-impaired-api.hf.space/audio
2026-05-22 08:06:26.737 [ASR] [ASR RESPONSE] id=asr-00075 status=200 error= body={"text": "", "infer_ms": 178.4, "total_ms": 352.7, "chunk_duration_s": 2.5, "speech_rms": 0.019191, "no_speech_prob": 0.861328125, "avg_logprob": -0.869598388671875, "compression_ratio": 0.2727272727272727}
2026-05-22 08:06:26.741 [ASR] asr-00075 diag text_len=0 infer_ms=178.4 total_ms=352.7 chunk_duration_s=2.5 payload_bytes=160000 posted_rms=0.019214 posted_samples=40000 pending_q=0 capture_gen_send=31
2026-05-22 08:06:26.743 [client] RAW text=''
2026-05-22 08:06:26.746 [ASR] asr-00075 empty response ignored (no append).
2026-05-22 08:06:27.077 [client] BUFFER ms=1340 rms=0.002 peak=0.008
2026-05-22 08:06:27.190 [client] MIC rms=0.003 peak=0.008 gain=8.00
2026-05-22 08:06:28.096 [client] BUFFER ms=2340 rms=0.002 peak=0.005
2026-05-22 08:06:28.313 [ASR] Saved outgoing ASR chunk: asr_20260522_080628_306_00110_english.wav chunk_s=2.50 rms=0.01674
2026-05-22 08:06:28.315 [ASR] [ASR ENTER SEND] mode=english_or_auto forcedLanguage=english recording=True samples=40000 rms=0.01674
2026-05-22 08:06:28.317 [client] SEND lang=english chunk_s=2.50 rms=0.017 silence_ratio=0.38
2026-05-22 08:06:28.318 [ASR] [ASR POST ATTEMPT] chunk_id=76 url=https://thedeezat-asr-hearing-impaired-api.hf.space/audio forcedLanguage=english samples=40000 sr=16000 chunk_s=2.50 rms=0.01674
2026-05-22 08:06:28.319 [ASR] [ASR SEND ATTEMPT] id=asr-00076 lang=english sr=16000 samples=40000 chunk_s=2.50 rms=0.01674 speech_ratio=0.094 voiced_ratio=0.975 bytes=160000 url=https://thedeezat-asr-hearing-impaired-api.hf.space/audio
2026-05-22 08:06:28.717 [ASR] [ASR RESPONSE] id=asr-00076 status=200 error= body={"text": "", "infer_ms": 178.13, "total_ms": 193.85, "chunk_duration_s": 2.5, "speech_rms": 0.016707, "no_speech_prob": 0.84716796875, "avg_logprob": -0.69091796875, "compression_ratio": 0.2727272727272727}
2026-05-22 08:06:28.723 [ASR] asr-00076 diag text_len=0 infer_ms=178.13 total_ms=193.85 chunk_duration_s=2.5 payload_bytes=160000 posted_rms=0.016735 posted_samples=40000 pending_q=0 capture_gen_send=31
2026-05-22 08:06:28.725 [client] RAW text=''
2026-05-22 08:06:28.729 [ASR] asr-00076 empty response ignored (no append).
2026-05-22 08:06:29.143 [client] BUFFER ms=1220 rms=0.015 peak=0.057
2026-05-22 08:06:29.199 [client] MIC rms=0.023 peak=0.071 gain=8.00
2026-05-22 08:06:30.186 [client] BUFFER ms=2260 rms=0.024 peak=0.082
2026-05-22 08:06:30.490 [client] SEND rms=0.038 silence_ratio=0.57 peak=0.235
2026-05-22 08:06:30.509 [ASR] Saved outgoing ASR chunk: asr_20260522_080630_501_00111_english.wav chunk_s=2.50 rms=0.03800
2026-05-22 08:06:30.510 [ASR] [ASR ENTER SEND] mode=english_or_auto forcedLanguage=english recording=True samples=40000 rms=0.03800
2026-05-22 08:06:30.513 [client] SEND lang=english chunk_s=2.50 rms=0.038 silence_ratio=0.57
2026-05-22 08:06:30.514 [ASR] [ASR POST ATTEMPT] chunk_id=77 url=https://thedeezat-asr-hearing-impaired-api.hf.space/audio forcedLanguage=english samples=40000 sr=16000 chunk_s=2.50 rms=0.03800
2026-05-22 08:06:30.516 [ASR] [ASR SEND ATTEMPT] id=asr-00077 lang=english sr=16000 samples=40000 chunk_s=2.50 rms=0.03800 speech_ratio=0.243 voiced_ratio=0.995 bytes=160000 url=https://thedeezat-asr-hearing-impaired-api.hf.space/audio
2026-05-22 08:06:30.927 [ASR] [ASR RESPONSE] id=asr-00077 status=200 error= body={"text": "HEY, HOW ARE YOU DOING?", "infer_ms": 217.0, "total_ms": 239.53, "chunk_duration_s": 1.385, "speech_rms": 0.05078, "no_speech_prob": 0.005950927734375, "avg_logprob": -0.17479420267045498, "compression_ratio": …
2026-05-22 08:06:30.930 [ASR] asr-00077 diag text_len=23 infer_ms=217 total_ms=239.53 chunk_duration_s=1.385 payload_bytes=160000 posted_rms=0.038000 posted_samples=40000 pending_q=0 capture_gen_send=31
2026-05-22 08:06:30.932 [client] RAW text='HEY, HOW ARE YOU DOING?'
2026-05-22 08:06:30.935 [client] MERGE old='' new='Hey, how are you doing?' merged='Hey, how are you doing?'
2026-05-22 08:06:30.937 [client] DISPLAY text='Hey, how are you doing?'
2026-05-22 08:06:31.239 [client] CLEAR reason=phrase_finalized_for_nmt
2026-05-22 08:06:31.243 [client] FINALIZE urgent=True age=0.30s ends_punct=True text='Hey, how are you doing?'
2026-05-22 08:06:31.245 [client] BUFFER ms=1120 rms=0.001 peak=0.004
2026-05-22 08:06:31.246 [client] MIC rms=0.001 peak=0.004 gain=2.65
2026-05-22 08:06:31.297 [nmt] SENTENCE italian_mode=False translation_en=True translation_it=False text='Hey, how are you doing?'
2026-05-22 08:06:31.300 [nmt] ENQUEUE q=1 in_flight=False translation_on=True italian_mode=False text='Hey, how are you doing?'
2026-05-22 08:06:31.302 [nmt] START italian_mode=False text='Hey, how are you doing?'
2026-05-22 08:06:31.464 [nmt] RESULT have_resp=True src='Hey, how are you doing?' tgt='Hey, how are you doing?'
2026-05-22 08:06:31.468 [nmt] DISPLAY hold_s=4.0 q_after=0
2026-05-22 08:06:32.251 [client] BUFFER ms=2100 rms=0.001 peak=0.004
2026-05-22 08:06:32.665 [client] SEND rms=0.038 silence_ratio=0.50 peak=0.532
2026-05-22 08:06:32.684 [ASR] Saved outgoing ASR chunk: asr_20260522_080632_677_00112_english.wav chunk_s=2.50 rms=0.03800
2026-05-22 08:06:32.686 [ASR] [ASR ENTER SEND] mode=english_or_auto forcedLanguage=english recording=True samples=40000 rms=0.03800
2026-05-22 08:06:32.688 [client] SEND lang=english chunk_s=2.50 rms=0.038 silence_ratio=0.50
2026-05-22 08:06:32.690 [ASR] [ASR POST ATTEMPT] chunk_id=78 url=https://thedeezat-asr-hearing-impaired-api.hf.space/audio forcedLanguage=english samples=40000 sr=16000 chunk_s=2.50 rms=0.03800
2026-05-22 08:06:32.691 [ASR] [ASR SEND ATTEMPT] id=asr-00078 lang=english sr=16000 samples=40000 chunk_s=2.50 rms=0.03800 speech_ratio=0.075 voiced_ratio=0.995 bytes=160000 url=https://thedeezat-asr-hearing-impaired-api.hf.space/audio
2026-05-22 08:06:33.280 [client] BUFFER ms=940 rms=0.002 peak=0.005
2026-05-22 08:06:33.284 [client] MIC rms=0.002 peak=0.005 gain=7.21
2026-05-22 08:06:33.557 [ASR] [ASR RESPONSE] id=asr-00078 status=200 error= body={"text": "", "infer_ms": 272.41, "total_ms": 560.41, "chunk_duration_s": 2.5, "speech_rms": 0.037843, "no_speech_prob": 0.496826171875, "avg_logprob": -0.90958251953125, "compression_ratio": 0.7142857142857143}
2026-05-22 08:06:33.564 [ASR] asr-00078 diag text_len=0 infer_ms=272.41 total_ms=560.41 chunk_duration_s=2.5 payload_bytes=160000 posted_rms=0.038000 posted_samples=40000 pending_q=0 capture_gen_send=31
2026-05-22 08:06:33.568 [client] RAW text=''
2026-05-22 08:06:33.569 [ASR] asr-00078 empty response ignored (no append).
2026-05-22 08:06:34.333 [client] BUFFER ms=1990 rms=0.020 peak=0.049
2026-05-22 08:06:34.920 [client] SEND rms=0.038 silence_ratio=0.63 peak=0.347
2026-05-22 08:06:34.940 [ASR] Saved outgoing ASR chunk: asr_20260522_080634_932_00113_english.wav chunk_s=2.50 rms=0.03800
2026-05-22 08:06:34.942 [ASR] [ASR ENTER SEND] mode=english_or_auto forcedLanguage=english recording=True samples=40000 rms=0.03800
2026-05-22 08:06:34.944 [client] SEND lang=english chunk_s=2.50 rms=0.038 silence_ratio=0.63
2026-05-22 08:06:34.945 [ASR] [ASR POST ATTEMPT] chunk_id=79 url=https://thedeezat-asr-hearing-impaired-api.hf.space/audio forcedLanguage=english samples=40000 sr=16000 chunk_s=2.50 rms=0.03800
2026-05-22 08:06:34.947 [ASR] [ASR SEND ATTEMPT] id=asr-00079 lang=english sr=16000 samples=40000 chunk_s=2.50 rms=0.03800 speech_ratio=0.201 voiced_ratio=1.000 bytes=160000 url=https://thedeezat-asr-hearing-impaired-api.hf.space/audio
2026-05-22 08:06:35.307 [client] MIC rms=0.002 peak=0.006 gain=2.68
2026-05-22 08:06:35.363 [client] BUFFER ms=820 rms=0.001 peak=0.005
2026-05-22 08:06:35.471 [ASR] [ASR RESPONSE] id=asr-00079 status=200 error= body={"text": "", "infer_ms": 206.75, "total_ms": 362.99, "chunk_duration_s": 0.94, "speech_rms": 0.06149, "no_speech_prob": 0.08319091796875, "avg_logprob": -0.10173988218108813, "compression_ratio": 0.6923076923076923}
2026-05-22 08:06:35.477 [ASR] asr-00079 diag text_len=0 infer_ms=206.75 total_ms=362.99 chunk_duration_s=0.94 payload_bytes=160000 posted_rms=0.038000 posted_samples=40000 pending_q=0 capture_gen_send=31
2026-05-22 08:06:35.478 [client] RAW text=''
2026-05-22 08:06:35.481 [ASR] asr-00079 empty response ignored (no append).
2026-05-22 08:06:36.421 [client] BUFFER ms=1890 rms=0.002 peak=0.007
2026-05-22 08:06:37.079 [client] SEND rms=0.038 silence_ratio=0.60 peak=0.288
2026-05-22 08:06:37.099 [ASR] Saved outgoing ASR chunk: asr_20260522_080637_093_00114_english.wav chunk_s=2.50 rms=0.03800
2026-05-22 08:06:37.101 [ASR] [ASR ENTER SEND] mode=english_or_auto forcedLanguage=english recording=True samples=40000 rms=0.03800
2026-05-22 08:06:37.104 [client] SEND lang=english chunk_s=2.50 rms=0.038 silence_ratio=0.60
2026-05-22 08:06:37.105 [ASR] [ASR POST ATTEMPT] chunk_id=80 url=https://thedeezat-asr-hearing-impaired-api.hf.space/audio forcedLanguage=english samples=40000 sr=16000 chunk_s=2.50 rms=0.03800
2026-05-22 08:06:37.107 [ASR] [ASR SEND ATTEMPT] id=asr-00080 lang=english sr=16000 samples=40000 chunk_s=2.50 rms=0.03800 speech_ratio=0.131 voiced_ratio=1.000 bytes=160000 url=https://thedeezat-asr-hearing-impaired-api.hf.space/audio
2026-05-22 08:06:37.353 [client] MIC rms=0.002 peak=0.006 gain=4.61
2026-05-22 08:06:37.469 [client] BUFFER ms=730 rms=0.002 peak=0.006
2026-05-22 08:06:37.526 [ASR] [ASR RESPONSE] id=asr-00080 status=200 error= body={"text": "", "infer_ms": 185.78, "total_ms": 209.67, "chunk_duration_s": 2.235, "speech_rms": 0.039929, "no_speech_prob": 0.27978515625, "avg_logprob": -0.3918660481770833, "compression_ratio": 0.42857142857142855}
2026-05-22 08:06:37.529 [ASR] asr-00080 diag text_len=0 infer_ms=185.78 total_ms=209.67 chunk_duration_s=2.235 payload_bytes=160000 posted_rms=0.038000 posted_samples=40000 pending_q=0 capture_gen_send=31
2026-05-22 08:06:37.531 [client] RAW text=''
2026-05-22 08:06:37.535 [ASR] asr-00080 empty response ignored (no append).
2026-05-22 08:06:38.496 [client] BUFFER ms=1770 rms=0.002 peak=0.006
2026-05-22 08:06:39.341 [ASR] Saved outgoing ASR chunk: asr_20260522_080639_328_00115_english.wav chunk_s=2.50 rms=0.01616
2026-05-22 08:06:39.343 [ASR] [ASR ENTER SEND] mode=english_or_auto forcedLanguage=english recording=True samples=40000 rms=0.01616
2026-05-22 08:06:39.346 [client] SEND lang=english chunk_s=2.50 rms=0.016 silence_ratio=0.39
2026-05-22 08:06:39.348 [ASR] [ASR POST ATTEMPT] chunk_id=81 url=https://thedeezat-asr-hearing-impaired-api.hf.space/audio forcedLanguage=english samples=40000 sr=16000 chunk_s=2.50 rms=0.01616
2026-05-22 08:06:39.350 [ASR] [ASR SEND ATTEMPT] id=asr-00081 lang=english sr=16000 samples=40000 chunk_s=2.50 rms=0.01616 speech_ratio=0.084 voiced_ratio=0.990 bytes=160000 url=https://thedeezat-asr-hearing-impaired-api.hf.space/audio
2026-05-22 08:06:39.401 [client] MIC rms=0.002 peak=0.007 gain=8.00
2026-05-22 08:06:39.517 [client] BUFFER ms=580 rms=0.002 peak=0.006
2026-05-22 08:06:40.015 [ASR] [ASR RESPONSE] id=asr-00081 status=200 error= body={"text": "", "infer_ms": 448.22, "total_ms": 485.41, "chunk_duration_s": 2.5, "speech_rms": 0.016117, "no_speech_prob": 0.0926513671875, "avg_logprob": -0.3166503980755806, "compression_ratio": 0.5555555555555556}
2026-05-22 08:06:40.020 [ASR] asr-00081 diag text_len=0 infer_ms=448.22 total_ms=485.41 chunk_duration_s=2.5 payload_bytes=160000 posted_rms=0.016155 posted_samples=40000 pending_q=0 capture_gen_send=31
2026-05-22 08:06:40.022 [client] RAW text=''
2026-05-22 08:06:40.024 [ASR] asr-00081 empty response ignored (no append).
2026-05-22 08:06:40.567 [client] BUFFER ms=1620 rms=0.070 peak=0.172
2026-05-22 08:06:41.403 [client] MIC rms=0.002 peak=0.007 gain=8.00
2026-05-22 08:06:41.500 [client] SEND rms=0.038 silence_ratio=0.60 peak=0.339
2026-05-22 08:06:41.544 [ASR] Saved outgoing ASR chunk: asr_20260522_080641_537_00116_english.wav chunk_s=2.50 rms=0.03800
2026-05-22 08:06:41.546 [ASR] [ASR ENTER SEND] mode=english_or_auto forcedLanguage=english recording=True samples=40000 rms=0.03800
2026-05-22 08:06:41.548 [client] SEND lang=english chunk_s=2.50 rms=0.038 silence_ratio=0.60
2026-05-22 08:06:41.549 [ASR] [ASR POST ATTEMPT] chunk_id=82 url=https://thedeezat-asr-hearing-impaired-api.hf.space/audio forcedLanguage=english samples=40000 sr=16000 chunk_s=2.50 rms=0.03800
2026-05-22 08:06:41.551 [ASR] [ASR SEND ATTEMPT] id=asr-00082 lang=english sr=16000 samples=40000 chunk_s=2.50 rms=0.03800 speech_ratio=0.192 voiced_ratio=0.990 bytes=160000 url=https://thedeezat-asr-hearing-impaired-api.hf.space/audio
2026-05-22 08:06:41.609 [client] BUFFER ms=460 rms=0.001 peak=0.005
2026-05-22 08:06:42.476 [ASR] [ASR RESPONSE] id=asr-00082 status=200 error= body={"text": "CAN YOU WORK PLEASE?", "infer_ms": 205.1, "total_ms": 578.97, "chunk_duration_s": 1.345, "speech_rms": 0.05155, "no_speech_prob": 0.0721435546875, "avg_logprob": -0.16751607259114584, "compression_ratio": 0.714…
2026-05-22 08:06:42.480 [ASR] asr-00082 diag text_len=20 infer_ms=205.1 total_ms=578.97 chunk_duration_s=1.345 payload_bytes=160000 posted_rms=0.038000 posted_samples=40000 pending_q=0 capture_gen_send=31
2026-05-22 08:06:42.484 [client] RAW text='CAN YOU WORK PLEASE?'
2026-05-22 08:06:42.487 [client] MERGE old='' new='Can you work please?' merged='Can you work please?'
2026-05-22 08:06:42.488 [client] DISPLAY text='Can you work please?'
2026-05-22 08:06:42.490 [ASR] summary attempts=100 ok=74 fail=26 emptyText=50 inFlight=0
2026-05-22 08:06:42.614 [client] BUFFER ms=1480 rms=0.002 peak=0.006
2026-05-22 08:06:42.784 [client] CLEAR reason=phrase_finalized_for_nmt
2026-05-22 08:06:42.787 [client] FINALIZE urgent=True age=0.29s ends_punct=True text='Can you work please?'
2026-05-22 08:06:42.843 [nmt] SENTENCE italian_mode=False translation_en=True translation_it=False text='Can you work please?'
2026-05-22 08:06:42.846 [nmt] ENQUEUE q=1 in_flight=False translation_on=True italian_mode=False text='Can you work please?'
2026-05-22 08:06:42.848 [nmt] START italian_mode=False text='Can you work please?'
2026-05-22 08:06:43.025 [nmt] RESULT have_resp=True src='Can you work please?' tgt='Can you work please?'
2026-05-22 08:06:43.029 [nmt] DISPLAY hold_s=4.0 q_after=0
2026-05-22 08:06:43.448 [client] MIC rms=0.002 peak=0.005 gain=2.00
2026-05-22 08:06:43.636 [client] BUFFER ms=2490 rms=0.002 peak=0.006
2026-05-22 08:06:43.766 [ASR] Saved outgoing ASR chunk: asr_20260522_080643_755_00117_english.wav chunk_s=2.50 rms=0.01894
2026-05-22 08:06:43.769 [ASR] [ASR ENTER SEND] mode=english_or_auto forcedLanguage=english recording=True samples=40000 rms=0.01894
2026-05-22 08:06:43.771 [client] SEND lang=english chunk_s=2.50 rms=0.019 silence_ratio=0.39
2026-05-22 08:06:43.773 [ASR] [ASR POST ATTEMPT] chunk_id=83 url=https://thedeezat-asr-hearing-impaired-api.hf.space/audio forcedLanguage=english samples=40000 sr=16000 chunk_s=2.50 rms=0.01894
2026-05-22 08:06:43.775 [ASR] [ASR SEND ATTEMPT] id=asr-00083 lang=english sr=16000 samples=40000 chunk_s=2.50 rms=0.01894 speech_ratio=0.105 voiced_ratio=0.995 bytes=160000 url=https://thedeezat-asr-hearing-impaired-api.hf.space/audio
2026-05-22 08:06:44.350 [ASR] [ASR RESPONSE] id=asr-00083 status=200 error= body={"text": "THANK YOU VERY MUCH.", "infer_ms": 206.61, "total_ms": 363.45, "chunk_duration_s": 2.5, "speech_rms": 0.018911, "no_speech_prob": 0.47412109375, "avg_logprob": -0.7966257631778717, "compression_ratio": 0.714285…
2026-05-22 08:06:44.356 [ASR] asr-00083 diag text_len=20 infer_ms=206.61 total_ms=363.45 chunk_duration_s=2.5 payload_bytes=160000 posted_rms=0.018945 posted_samples=40000 pending_q=0 capture_gen_send=31
2026-05-22 08:06:44.358 [client] RAW text='THANK YOU VERY MUCH.'
2026-05-22 08:06:44.360 [client] MERGE old='' new='Thank you very much.' merged='Thank you very much.'
2026-05-22 08:06:44.363 [client] DISPLAY text='Thank you very much.'
2026-05-22 08:06:44.641 [client] CLEAR reason=phrase_finalized_for_nmt
2026-05-22 08:06:44.646 [client] FINALIZE urgent=True age=0.27s ends_punct=True text='Thank you very much.'
2026-05-22 08:06:44.648 [client] BUFFER ms=1300 rms=0.002 peak=0.004
2026-05-22 08:06:44.705 [nmt] SENTENCE italian_mode=False translation_en=True translation_it=False text='Thank you very much.'
2026-05-22 08:06:44.709 [nmt] ENQUEUE q=1 in_flight=False translation_on=True italian_mode=False text='Thank you very much.'
2026-05-22 08:06:44.712 [nmt] START italian_mode=False text='Thank you very much.'
2026-05-22 08:06:44.887 [nmt] RESULT have_resp=True src='Thank you very much.' tgt='Thank you very much.'
2026-05-22 08:06:44.891 [nmt] DISPLAY hold_s=4.0 q_after=0
2026-05-22 08:06:45.492 [client] MIC rms=0.001 peak=0.004 gain=8.00
2026-05-22 08:06:45.677 [client] BUFFER ms=2340 rms=0.002 peak=0.005
2026-05-22 08:06:45.894 [client] SEND rms=0.023 silence_ratio=0.45 peak=0.379
2026-05-22 08:06:45.912 [ASR] Saved outgoing ASR chunk: asr_20260522_080645_904_00118_english.wav chunk_s=2.50 rms=0.02264
2026-05-22 08:06:45.914 [ASR] [ASR ENTER SEND] mode=english_or_auto forcedLanguage=english recording=True samples=40000 rms=0.02264
2026-05-22 08:06:45.916 [client] SEND lang=english chunk_s=2.50 rms=0.023 silence_ratio=0.45
2026-05-22 08:06:45.917 [ASR] [ASR POST ATTEMPT] chunk_id=84 url=https://thedeezat-asr-hearing-impaired-api.hf.space/audio forcedLanguage=english samples=40000 sr=16000 chunk_s=2.50 rms=0.02264
2026-05-22 08:06:45.919 [ASR] [ASR SEND ATTEMPT] id=asr-00084 lang=english sr=16000 samples=40000 chunk_s=2.50 rms=0.02264 speech_ratio=0.056 voiced_ratio=0.990 bytes=160000 url=https://thedeezat-asr-hearing-impaired-api.hf.space/audio
2026-05-22 08:06:46.717 [client] BUFFER ms=1180 rms=0.012 peak=0.037
2026-05-22 08:06:47.008 [ASR] [ASR RESPONSE] id=asr-00084 status=200 error= body={"text": "", "infer_ms": 457.97, "total_ms": 796.98, "chunk_duration_s": 2.5, "speech_rms": 0.022569, "no_speech_prob": 0.12493896484375, "avg_logprob": -0.8395881950855255, "compression_ratio": 0.5555555555555556}
2026-05-22 08:06:47.011 [ASR] asr-00084 diag text_len=0 infer_ms=457.97 total_ms=796.98 chunk_duration_s=2.5 payload_bytes=160000 posted_rms=0.022639 posted_samples=40000 pending_q=0 capture_gen_send=31
2026-05-22 08:06:47.012 [client] RAW text=''
2026-05-22 08:06:47.014 [ASR] asr-00084 empty response ignored (no append).
2026-05-22 08:06:47.534 [client] MIC rms=0.007 peak=0.034 gain=8.00
2026-05-22 08:06:47.782 [client] BUFFER ms=2250 rms=0.022 peak=0.056
2026-05-22 08:06:48.095 [client] SEND rms=0.038 silence_ratio=0.30 peak=0.204
2026-05-22 08:06:48.113 [ASR] Saved outgoing ASR chunk: asr_20260522_080648_106_00119_english.wav chunk_s=2.50 rms=0.03800
2026-05-22 08:06:48.115 [ASR] [ASR ENTER SEND] mode=english_or_auto forcedLanguage=english recording=True samples=40000 rms=0.03800
2026-05-22 08:06:48.117 [client] SEND lang=english chunk_s=2.50 rms=0.038 silence_ratio=0.30
2026-05-22 08:06:48.118 [ASR] [ASR POST ATTEMPT] chunk_id=85 url=https://thedeezat-asr-hearing-impaired-api.hf.space/audio forcedLanguage=english samples=40000 sr=16000 chunk_s=2.50 rms=0.03800
2026-05-22 08:06:48.120 [ASR] [ASR SEND ATTEMPT] id=asr-00085 lang=english sr=16000 samples=40000 chunk_s=2.50 rms=0.03800 speech_ratio=0.360 voiced_ratio=0.995 bytes=160000 url=https://thedeezat-asr-hearing-impaired-api.hf.space/audio
2026-05-22 08:06:48.694 [ASR] [ASR RESPONSE] id=asr-00085 status=200 error= body={"text": "COME ON, I KNOW YOU CAN...", "infer_ms": 223.59, "total_ms": 383.9, "chunk_duration_s": 2.42, "speech_rms": 0.03844, "no_speech_prob": 0.15478515625, "avg_logprob": -0.4429762098524306, "compression_ratio": 0.7…
2026-05-22 08:06:48.698 [ASR] asr-00085 diag text_len=26 infer_ms=223.59 total_ms=383.9 chunk_duration_s=2.42 payload_bytes=160000 posted_rms=0.038000 posted_samples=40000 pending_q=0 capture_gen_send=31
2026-05-22 08:06:48.699 [client] RAW text='COME ON, I KNOW YOU CAN...'
2026-05-22 08:06:48.703 [client] MERGE old='' new='Come on, i know you can...' merged='Come on, i know you can...'
2026-05-22 08:06:48.706 [client] DISPLAY text='Come on, i know you can...'
2026-05-22 08:06:48.823 [client] BUFFER ms=1090 rms=0.002 peak=0.006
2026-05-22 08:06:48.993 [client] CLEAR reason=phrase_finalized_for_nmt
2026-05-22 08:06:48.997 [client] FINALIZE urgent=True age=0.28s ends_punct=True text='Come on, i know you can...'
2026-05-22 08:06:49.051 [nmt] SENTENCE italian_mode=False translation_en=True translation_it=False text='Come on, i know you can...'
2026-05-22 08:06:49.056 [nmt] ENQUEUE q=1 in_flight=False translation_on=True italian_mode=False text='Come on, i know you can...'
2026-05-22 08:06:49.058 [nmt] START italian_mode=False text='Come on, i know you can...'
2026-05-22 08:06:49.278 [nmt] RESULT have_resp=True src='Come on, i know you can...' tgt='Come on, i know you can...'
2026-05-22 08:06:49.283 [nmt] DISPLAY hold_s=4.0 q_after=0
2026-05-22 08:06:49.565 [client] MIC rms=0.002 peak=0.005 gain=2.79
2026-05-22 08:06:49.864 [client] BUFFER ms=2130 rms=0.002 peak=0.005
2026-05-22 08:06:50.307 [client] SEND rms=0.038 silence_ratio=0.44 peak=0.245
2026-05-22 08:06:50.325 [ASR] Saved outgoing ASR chunk: asr_20260522_080650_318_00120_english.wav chunk_s=2.50 rms=0.03800
2026-05-22 08:06:50.326 [ASR] [ASR ENTER SEND] mode=english_or_auto forcedLanguage=english recording=True samples=40000 rms=0.03800
2026-05-22 08:06:50.328 [client] SEND lang=english chunk_s=2.50 rms=0.038 silence_ratio=0.44
2026-05-22 08:06:50.330 [ASR] [ASR POST ATTEMPT] chunk_id=86 url=https://thedeezat-asr-hearing-impaired-api.hf.space/audio forcedLanguage=english samples=40000 sr=16000 chunk_s=2.50 rms=0.03800
2026-05-22 08:06:50.331 [ASR] [ASR SEND ATTEMPT] id=asr-00086 lang=english sr=16000 samples=40000 chunk_s=2.50 rms=0.03800 speech_ratio=0.222 voiced_ratio=0.995 bytes=160000 url=https://thedeezat-asr-hearing-impaired-api.hf.space/audio
2026-05-22 08:06:50.915 [client] BUFFER ms=980 rms=0.002 peak=0.005
2026-05-22 08:06:51.220 [ASR] [ASR RESPONSE] id=asr-00086 status=200 error= body={"text": "WE CAN DO IT, PLEASE.", "infer_ms": 218.28, "total_ms": 526.59, "chunk_duration_s": 2.365, "speech_rms": 0.038823, "no_speech_prob": 0.1131591796875, "avg_logprob": -0.24797533825039864, "compression_ratio": 0.…
2026-05-22 08:06:51.225 [ASR] asr-00086 diag text_len=21 infer_ms=218.28 total_ms=526.59 chunk_duration_s=2.365 payload_bytes=160000 posted_rms=0.038000 posted_samples=40000 pending_q=0 capture_gen_send=31
2026-05-22 08:06:51.228 [client] RAW text='WE CAN DO IT, PLEASE.'
2026-05-22 08:06:51.231 [client] MERGE old='' new='We can do it, please.' merged='We can do it, please.'
2026-05-22 08:06:51.233 [client] DISPLAY text='We can do it, please.'
2026-05-22 08:06:51.507 [client] CLEAR reason=phrase_finalized_for_nmt
2026-05-22 08:06:51.510 [client] FINALIZE urgent=True age=0.27s ends_punct=True text='We can do it, please.'
2026-05-22 08:06:51.567 [nmt] SENTENCE italian_mode=False translation_en=True translation_it=False text='We can do it, please.'
2026-05-22 08:06:51.571 [nmt] ENQUEUE q=1 in_flight=False translation_on=True italian_mode=False text='We can do it, please.'
2026-05-22 08:06:51.574 [nmt] START italian_mode=False text='We can do it, please.'
2026-05-22 08:06:51.577 [client] MIC rms=0.002 peak=0.005 gain=4.58
2026-05-22 08:06:51.813 [nmt] RESULT have_resp=True src='We can do it, please.' tgt='We can do it, please.'
2026-05-22 08:06:51.816 [nmt] DISPLAY hold_s=4.0 q_after=0
2026-05-22 08:06:51.939 [client] BUFFER ms=2010 rms=0.002 peak=0.005
2026-05-22 08:06:52.555 [ASR] Saved outgoing ASR chunk: asr_20260522_080652_546_00121_english.wav chunk_s=2.50 rms=0.01236
2026-05-22 08:06:52.557 [ASR] [ASR ENTER SEND] mode=english_or_auto forcedLanguage=english recording=True samples=40000 rms=0.01236
2026-05-22 08:06:52.560 [client] SEND lang=english chunk_s=2.50 rms=0.012 silence_ratio=0.49
2026-05-22 08:06:52.562 [ASR] [ASR POST ATTEMPT] chunk_id=87 url=https://thedeezat-asr-hearing-impaired-api.hf.space/audio forcedLanguage=english samples=40000 sr=16000 chunk_s=2.50 rms=0.01236
2026-05-22 08:06:52.563 [ASR] [ASR SEND ATTEMPT] id=asr-00087 lang=english sr=16000 samples=40000 chunk_s=2.50 rms=0.01236 speech_ratio=0.025 voiced_ratio=0.995 bytes=160000 url=https://thedeezat-asr-hearing-impaired-api.hf.space/audio
2026-05-22 08:06:52.976 [client] BUFFER ms=850 rms=0.002 peak=0.005
2026-05-22 08:06:53.280 [ASR] [ASR RESPONSE] id=asr-00087 status=200 error= body={"text": "", "infer_ms": 445.86, "total_ms": 481.07, "chunk_duration_s": 2.5, "speech_rms": 0.01232, "no_speech_prob": 0.1451416015625, "avg_logprob": -0.7622070014476776, "compression_ratio": 0.5555555555555556}
2026-05-22 08:06:53.283 [ASR] asr-00087 diag text_len=0 infer_ms=445.86 total_ms=481.07 chunk_duration_s=2.5 payload_bytes=160000 posted_rms=0.012356 posted_samples=40000 pending_q=0 capture_gen_send=31
2026-05-22 08:06:53.285 [client] RAW text=''
2026-05-22 08:06:53.287 [ASR] asr-00087 empty response ignored (no append).
2026-05-22 08:06:53.584 [client] MIC rms=0.002 peak=0.007 gain=8.00
2026-05-22 08:06:54.005 [client] BUFFER ms=1860 rms=0.002 peak=0.007
2026-05-22 08:06:54.700 [ASR] Saved outgoing ASR chunk: asr_20260522_080654_694_00122_english.wav chunk_s=2.50 rms=0.01661
2026-05-22 08:06:54.702 [ASR] [ASR ENTER SEND] mode=english_or_auto forcedLanguage=english recording=True samples=40000 rms=0.01661
2026-05-22 08:06:54.705 [client] SEND lang=english chunk_s=2.50 rms=0.017 silence_ratio=0.41
2026-05-22 08:06:54.706 [ASR] [ASR POST ATTEMPT] chunk_id=88 url=https://thedeezat-asr-hearing-impaired-api.hf.space/audio forcedLanguage=english samples=40000 sr=16000 chunk_s=2.50 rms=0.01661
2026-05-22 08:06:54.708 [ASR] [ASR SEND ATTEMPT] id=asr-00088 lang=english sr=16000 samples=40000 chunk_s=2.50 rms=0.01661 speech_ratio=0.081 voiced_ratio=1.000 bytes=160000 url=https://thedeezat-asr-hearing-impaired-api.hf.space/audio
2026-05-22 08:06:55.058 [client] BUFFER ms=730 rms=0.020 peak=0.046
2026-05-22 08:06:55.391 [ASR] [ASR RESPONSE] id=asr-00088 status=200 error= body={"text": "", "infer_ms": 457.39, "total_ms": 471.92, "chunk_duration_s": 2.5, "speech_rms": 0.01658, "no_speech_prob": 0.17822265625, "avg_logprob": -0.6888275295495987, "compression_ratio": 0.5555555555555556}
2026-05-22 08:06:55.393 [ASR] asr-00088 HTTP 200 chunk #80 resp: {"text": "", "infer_ms": 457.39, "total_ms": 471.92, "chunk_duration_s": 2.5, "speech_rms": 0.01658, "no_speech_prob": 0.17822265625, "avg_logprob": -0.68882752…
2026-05-22 08:06:55.395 [ASR] asr-00088 diag text_len=0 infer_ms=457.39 total_ms=471.92 chunk_duration_s=2.5 payload_bytes=160000 posted_rms=0.016614 posted_samples=40000 pending_q=0 capture_gen_send=31
2026-05-22 08:06:55.396 [client] RAW text=''
2026-05-22 08:06:55.398 [ASR] asr-00088 empty response ignored (no append).
2026-05-22 08:06:55.607 [client] MIC rms=0.005 peak=0.017 gain=8.00
2026-05-22 08:06:56.076 [client] BUFFER ms=1750 rms=0.003 peak=0.008
2026-05-22 08:06:56.861 [client] SEND rms=0.038 silence_ratio=0.47 peak=0.242
2026-05-22 08:06:56.878 [ASR] Saved outgoing ASR chunk: asr_20260522_080656_872_00123_english.wav chunk_s=2.50 rms=0.03800
2026-05-22 08:06:56.880 [ASR] [ASR ENTER SEND] mode=english_or_auto forcedLanguage=english recording=True samples=40000 rms=0.03800
2026-05-22 08:06:56.882 [client] SEND lang=english chunk_s=2.50 rms=0.038 silence_ratio=0.47
2026-05-22 08:06:56.884 [ASR] [ASR POST ATTEMPT] chunk_id=89 url=https://thedeezat-asr-hearing-impaired-api.hf.space/audio forcedLanguage=english samples=40000 sr=16000 chunk_s=2.50 rms=0.03800
2026-05-22 08:06:56.886 [ASR] [ASR SEND ATTEMPT] id=asr-00089 lang=english sr=16000 samples=40000 chunk_s=2.50 rms=0.03800 speech_ratio=0.231 voiced_ratio=0.990 bytes=160000 url=https://thedeezat-asr-hearing-impaired-api.hf.space/audio
2026-05-22 08:06:57.122 [client] BUFFER ms=580 rms=0.015 peak=0.038
2026-05-22 08:06:57.617 [client] MIC rms=0.002 peak=0.007 gain=3.78
2026-05-22 08:06:57.796 [ASR] [ASR RESPONSE] id=asr-00089 status=200 error= body={"text": "PLEASE.", "infer_ms": 200.44, "total_ms": 586.16, "chunk_duration_s": 2.395, "speech_rms": 0.038605, "no_speech_prob": 0.10333251953125, "avg_logprob": -0.34271087646484377, "compression_ratio": 0.7894736842105…
2026-05-22 08:06:57.799 [ASR] asr-00089 diag text_len=7 infer_ms=200.44 total_ms=586.16 chunk_duration_s=2.395 payload_bytes=160000 posted_rms=0.038000 posted_samples=40000 pending_q=0 capture_gen_send=31
2026-05-22 08:06:57.801 [client] RAW text='PLEASE.'
2026-05-22 08:06:57.805 [client] MERGE old='' new='Please.' merged='Please.'
2026-05-22 08:06:57.806 [client] DISPLAY text='Please.'
2026-05-22 08:06:58.108 [client] CLEAR reason=phrase_finalized_for_nmt
2026-05-22 08:06:58.112 [client] FINALIZE urgent=True age=0.30s ends_punct=True text='Please.'
2026-05-22 08:06:58.166 [nmt] SENTENCE italian_mode=False translation_en=True translation_it=False text='Please.'
2026-05-22 08:06:58.169 [nmt] ENQUEUE q=1 in_flight=False translation_on=True italian_mode=False text='Please.'
2026-05-22 08:06:58.171 [nmt] START italian_mode=False text='Please.'
2026-05-22 08:06:58.176 [client] BUFFER ms=1620 rms=0.003 peak=0.011
2026-05-22 08:06:59.090 [client] SEND rms=0.038 silence_ratio=0.38 peak=0.273
2026-05-22 08:06:59.110 [ASR] Saved outgoing ASR chunk: asr_20260522_080659_103_00124_english.wav chunk_s=2.50 rms=0.03800
2026-05-22 08:06:59.112 [ASR] [ASR ENTER SEND] mode=english_or_auto forcedLanguage=english recording=True samples=40000 rms=0.03800
2026-05-22 08:06:59.114 [client] SEND lang=english chunk_s=2.50 rms=0.038 silence_ratio=0.38
2026-05-22 08:06:59.116 [ASR] [ASR POST ATTEMPT] chunk_id=90 url=https://thedeezat-asr-hearing-impaired-api.hf.space/audio forcedLanguage=english samples=40000 sr=16000 chunk_s=2.50 rms=0.03800
2026-05-22 08:06:59.117 [ASR] [ASR SEND ATTEMPT] id=asr-00090 lang=english sr=16000 samples=40000 chunk_s=2.50 rms=0.03800 speech_ratio=0.194 voiced_ratio=0.995 bytes=160000 url=https://thedeezat-asr-hearing-impaired-api.hf.space/audio
2026-05-22 08:06:59.118 [nmt] HTTP id=nmt-0021 status=200 src_lang=eng_Latn tgt_lang=ita_Latn body={"translation":"- Ti prego.","latency_ms":251.7,"request_id":"nmt-0021","source_lang":"eng_Latn","target_lang":"ita_Latn","model_variant":"NMT-v4-Casual-Weighted"}
2026-05-22 08:06:59.178 [nmt] RESULT have_resp=True src='Please.' tgt='- Ti prego.'
2026-05-22 08:06:59.181 [nmt] DISPLAY hold_s=4.0 q_after=0
2026-05-22 08:06:59.185 [client] BUFFER ms=460 rms=0.002 peak=0.006
2026-05-22 08:06:59.647 [client] MIC rms=0.004 peak=0.027 gain=5.64
2026-05-22 08:07:00.005 [ASR] [ASR RESPONSE] id=asr-00090 status=200 error= body={"text": "", "infer_ms": 200.35, "total_ms": 521.61, "chunk_duration_s": 2.5, "speech_rms": 0.037779, "no_speech_prob": 0.142333984375, "avg_logprob": -0.273944091796875, "compression_ratio": 0.8333333333333334}
2026-05-22 08:07:00.008 [ASR] asr-00090 diag text_len=0 infer_ms=200.35 total_ms=521.61 chunk_duration_s=2.5 payload_bytes=160000 posted_rms=0.038000 posted_samples=40000 pending_q=0 capture_gen_send=31
2026-05-22 08:07:00.010 [client] RAW text=''
2026-05-22 08:07:00.012 [ASR] asr-00090 empty response ignored (no append).
2026-05-22 08:07:00.189 [client] BUFFER ms=1460 rms=0.002 peak=0.006
2026-05-22 08:07:01.238 [client] BUFFER ms=2520 rms=0.025 peak=0.058
2026-05-22 08:07:01.274 [client] SEND rms=0.038 silence_ratio=0.43 peak=0.368
2026-05-22 08:07:01.292 [ASR] Saved outgoing ASR chunk: asr_20260522_080701_284_00125_english.wav chunk_s=2.50 rms=0.03800
2026-05-22 08:07:01.293 [ASR] [ASR ENTER SEND] mode=english_or_auto forcedLanguage=english recording=True samples=40000 rms=0.03800
2026-05-22 08:07:01.295 [client] SEND lang=english chunk_s=2.50 rms=0.038 silence_ratio=0.43
2026-05-22 08:07:01.297 [ASR] [ASR POST ATTEMPT] chunk_id=91 url=https://thedeezat-asr-hearing-impaired-api.hf.space/audio forcedLanguage=english samples=40000 sr=16000 chunk_s=2.50 rms=0.03800
2026-05-22 08:07:01.298 [ASR] [ASR SEND ATTEMPT] id=asr-00091 lang=english sr=16000 samples=40000 chunk_s=2.50 rms=0.03800 speech_ratio=0.164 voiced_ratio=0.975 bytes=160000 url=https://thedeezat-asr-hearing-impaired-api.hf.space/audio
2026-05-22 08:07:01.653 [client] MIC rms=0.014 peak=0.033 gain=5.05
2026-05-22 08:07:02.253 [client] BUFFER ms=1300 rms=0.014 peak=0.046
2026-05-22 08:07:02.366 [ASR] [ASR RESPONSE] id=asr-00091 status=200 error= body={"text": "I'M GOOD", "infer_ms": 453.05, "total_ms": 752.71, "chunk_duration_s": 2.5, "speech_rms": 0.037734, "no_speech_prob": 0.1915283203125, "avg_logprob": -0.345703125, "compression_ratio": 0.5}
2026-05-22 08:07:02.370 [ASR] asr-00091 diag text_len=8 infer_ms=453.05 total_ms=752.71 chunk_duration_s=2.5 payload_bytes=160000 posted_rms=0.038000 posted_samples=40000 pending_q=0 capture_gen_send=31
2026-05-22 08:07:02.372 [client] RAW text='I\'M GOOD'
2026-05-22 08:07:02.373 [client] DISPLAY text=''
2026-05-22 08:07:02.375 [ASR] asr-00091 skipped marginal decode (noise-shaped caption).
2026-05-22 08:07:03.273 [client] BUFFER ms=2340 rms=0.002 peak=0.004
2026-05-22 08:07:03.479 [client] SEND rms=0.038 silence_ratio=0.37 peak=0.227
2026-05-22 08:07:03.520 [ASR] Saved outgoing ASR chunk: asr_20260522_080703_513_00126_english.wav chunk_s=2.50 rms=0.03800
2026-05-22 08:07:03.521 [ASR] [ASR ENTER SEND] mode=english_or_auto forcedLanguage=english recording=True samples=40000 rms=0.03800
2026-05-22 08:07:03.524 [client] SEND lang=english chunk_s=2.50 rms=0.038 silence_ratio=0.37
2026-05-22 08:07:03.526 [ASR] [ASR POST ATTEMPT] chunk_id=92 url=https://thedeezat-asr-hearing-impaired-api.hf.space/audio forcedLanguage=english samples=40000 sr=16000 chunk_s=2.50 rms=0.03800
2026-05-22 08:07:03.527 [ASR] [ASR SEND ATTEMPT] id=asr-00092 lang=english sr=16000 samples=40000 chunk_s=2.50 rms=0.03800 speech_ratio=0.317 voiced_ratio=0.990 bytes=160000 url=https://thedeezat-asr-hearing-impaired-api.hf.space/audio
2026-05-22 08:07:03.698 [client] MIC rms=0.002 peak=0.005 gain=2.54
2026-05-22 08:07:04.279 [client] BUFFER ms=1140 rms=0.003 peak=0.008
2026-05-22 08:07:04.391 [ASR] [ASR RESPONSE] id=asr-00092 status=200 error= body={"text": "I'M STRAIGHT UP BEGGING YOU.", "infer_ms": 222.09, "total_ms": 526.77, "chunk_duration_s": 2.245, "speech_rms": 0.039817, "no_speech_prob": 0.020172119140625, "avg_logprob": -0.17028450593352318, "compression_r…
2026-05-22 08:07:04.395 [ASR] asr-00092 diag text_len=28 infer_ms=222.09 total_ms=526.77 chunk_duration_s=2.245 payload_bytes=160000 posted_rms=0.038000 posted_samples=40000 pending_q=0 capture_gen_send=31
2026-05-22 08:07:04.396 [client] RAW text='I\'M STRAIGHT UP BEGGING YOU.'
2026-05-22 08:07:04.399 [client] MERGE old='' new='I\'m straight up begging you.' merged='I\'m straight up begging you.'
2026-05-22 08:07:04.401 [client] DISPLAY text='I\'m straight up begging you.'
2026-05-22 08:07:04.695 [client] CLEAR reason=phrase_finalized_for_nmt
2026-05-22 08:07:04.698 [client] FINALIZE urgent=True age=0.29s ends_punct=True text='I\'m straight up begging you.'
2026-05-22 08:07:04.757 [nmt] SENTENCE italian_mode=False translation_en=True translation_it=False text='I\'m straight up begging you.'
2026-05-22 08:07:04.760 [nmt] ENQUEUE q=1 in_flight=False translation_on=True italian_mode=False text='I\'m straight up begging you.'
2026-05-22 08:07:04.762 [nmt] START italian_mode=False text='I\'m straight up begging you.'
2026-05-22 08:07:05.046 [nmt] RESULT have_resp=True src='I\'m straight up begging you.' tgt='I\'m straight up begging you.'
2026-05-22 08:07:05.051 [nmt] DISPLAY hold_s=4.0 q_after=0
2026-05-22 08:07:05.295 [client] BUFFER ms=2140 rms=0.002 peak=0.005
2026-05-22 08:07:05.750 [ASR] Saved outgoing ASR chunk: asr_20260522_080705_742_00127_english.wav chunk_s=2.50 rms=0.01459
2026-05-22 08:07:05.751 [ASR] [ASR ENTER SEND] mode=english_or_auto forcedLanguage=english recording=True samples=40000 rms=0.01459
2026-05-22 08:07:05.754 [client] SEND lang=english chunk_s=2.50 rms=0.015 silence_ratio=0.43
2026-05-22 08:07:05.755 [ASR] [ASR POST ATTEMPT] chunk_id=93 url=https://thedeezat-asr-hearing-impaired-api.hf.space/audio forcedLanguage=english samples=40000 sr=16000 chunk_s=2.50 rms=0.01459
2026-05-22 08:07:05.757 [ASR] [ASR SEND ATTEMPT] id=asr-00093 lang=english sr=16000 samples=40000 chunk_s=2.50 rms=0.01459 speech_ratio=0.057 voiced_ratio=0.995 bytes=160000 url=https://thedeezat-asr-hearing-impaired-api.hf.space/audio
2026-05-22 08:07:05.812 [client] MIC rms=0.002 peak=0.008 gain=8.00
2026-05-22 08:07:06.343 [ASR] [ASR RESPONSE] id=asr-00093 status=200 error= body={"text": "", "infer_ms": 190.64, "total_ms": 378.33, "chunk_duration_s": 2.5, "speech_rms": 0.014536, "no_speech_prob": 0.669921875, "avg_logprob": -0.7404823154211044, "compression_ratio": 0.5555555555555556}
2026-05-22 08:07:06.347 [ASR] asr-00093 diag text_len=0 infer_ms=190.64 total_ms=378.33 chunk_duration_s=2.5 payload_bytes=160000 posted_rms=0.014587 posted_samples=40000 pending_q=0 capture_gen_send=31
2026-05-22 08:07:06.349 [client] RAW text=''
2026-05-22 08:07:06.352 [ASR] asr-00093 empty response ignored (no append).
2026-05-22 08:07:06.357 [client] BUFFER ms=1040 rms=0.001 peak=0.004
2026-05-22 08:07:07.396 [client] BUFFER ms=2050 rms=0.015 peak=0.039
2026-05-22 08:07:07.842 [client] MIC rms=0.015 peak=0.041 gain=8.00
2026-05-22 08:07:07.880 [client] SEND rms=0.038 silence_ratio=0.47 peak=0.215
2026-05-22 08:07:07.899 [ASR] Saved outgoing ASR chunk: asr_20260522_080707_891_00128_english.wav chunk_s=2.50 rms=0.03800
2026-05-22 08:07:07.900 [ASR] [ASR ENTER SEND] mode=english_or_auto forcedLanguage=english recording=True samples=40000 rms=0.03800
2026-05-22 08:07:07.903 [client] SEND lang=english chunk_s=2.50 rms=0.038 silence_ratio=0.47
2026-05-22 08:07:07.904 [ASR] [ASR POST ATTEMPT] chunk_id=94 url=https://thedeezat-asr-hearing-impaired-api.hf.space/audio forcedLanguage=english samples=40000 sr=16000 chunk_s=2.50 rms=0.03800
2026-05-22 08:07:07.906 [ASR] [ASR SEND ATTEMPT] id=asr-00094 lang=english sr=16000 samples=40000 chunk_s=2.50 rms=0.03800 speech_ratio=0.237 voiced_ratio=0.995 bytes=160000 url=https://thedeezat-asr-hearing-impaired-api.hf.space/audio
2026-05-22 08:07:08.411 [client] BUFFER ms=860 rms=0.016 peak=0.041
2026-05-22 08:07:08.767 [ASR] [ASR RESPONSE] id=asr-00094 status=200 error= body={"text": "I'M BEGGING YOU", "infer_ms": 198.19, "total_ms": 555.2, "chunk_duration_s": 2.33, "speech_rms": 0.039036, "no_speech_prob": 0.302734375, "avg_logprob": -0.562158203125, "compression_ratio": 0.6521739130434783}
2026-05-22 08:07:08.772 [ASR] asr-00094 diag text_len=15 infer_ms=198.19 total_ms=555.2 chunk_duration_s=2.33 payload_bytes=160000 posted_rms=0.038000 posted_samples=40000 pending_q=0 capture_gen_send=31
2026-05-22 08:07:08.775 [client] RAW text='I\'M BEGGING YOU'
2026-05-22 08:07:08.777 [client] MERGE old='' new='I\'m begging you' merged='I\'m begging you'
2026-05-22 08:07:08.779 [client] DISPLAY text='I\'m begging you'
2026-05-22 08:07:09.445 [client] BUFFER ms=1900 rms=0.002 peak=0.006
2026-05-22 08:07:09.890 [client] MIC rms=0.002 peak=0.005 gain=4.45
2026-05-22 08:07:10.089 [client] SEND rms=0.038 silence_ratio=0.48 peak=0.234
2026-05-22 08:07:10.109 [ASR] Saved outgoing ASR chunk: asr_20260522_080710_101_00129_english.wav chunk_s=2.50 rms=0.03800
2026-05-22 08:07:10.112 [ASR] [ASR ENTER SEND] mode=english_or_auto forcedLanguage=english recording=True samples=40000 rms=0.03800
2026-05-22 08:07:10.115 [client] SEND lang=english chunk_s=2.50 rms=0.038 silence_ratio=0.48
2026-05-22 08:07:10.117 [ASR] [ASR POST ATTEMPT] chunk_id=95 url=https://thedeezat-asr-hearing-impaired-api.hf.space/audio forcedLanguage=english samples=40000 sr=16000 chunk_s=2.50 rms=0.03800
2026-05-22 08:07:10.119 [ASR] [ASR SEND ATTEMPT] id=asr-00095 lang=english sr=16000 samples=40000 chunk_s=2.50 rms=0.03800 speech_ratio=0.269 voiced_ratio=1.000 bytes=160000 url=https://thedeezat-asr-hearing-impaired-api.hf.space/audio
2026-05-22 08:07:10.477 [client] BUFFER ms=750 rms=0.002 peak=0.006
2026-05-22 08:07:10.649 [ASR] [ASR RESPONSE] id=asr-00095 status=200 error= body={"text": "I'M ON MY KNEES", "infer_ms": 204.38, "total_ms": 349.4, "chunk_duration_s": 1.325, "speech_rms": 0.051285, "no_speech_prob": 0.2279052734375, "avg_logprob": -0.23453839123249054, "compression_ratio": 0.6521739…
2026-05-22 08:07:10.654 [ASR] asr-00095 diag text_len=15 infer_ms=204.38 total_ms=349.4 chunk_duration_s=1.325 payload_bytes=160000 posted_rms=0.038000 posted_samples=40000 pending_q=0 capture_gen_send=31
2026-05-22 08:07:10.657 [client] RAW text='I\'M ON MY KNEES'
2026-05-22 08:07:10.659 [client] DISPLAY text='I\'m begging you'
2026-05-22 08:07:10.661 [ASR] asr-00095 skipped marginal decode (noise-shaped caption).
2026-05-22 08:07:10.828 [client] CLEAR reason=phrase_finalized_for_nmt
2026-05-22 08:07:10.832 [client] FINALIZE urgent=False age=2.04s ends_punct=False text='I\'m begging you'
2026-05-22 08:07:10.889 [nmt] SENTENCE italian_mode=False translation_en=True translation_it=False text='I\'m begging you'
2026-05-22 08:07:10.893 [nmt] ENQUEUE q=1 in_flight=False translation_on=True italian_mode=False text='I\'m begging you'
2026-05-22 08:07:10.897 [nmt] START italian_mode=False text='I\'m begging you'
2026-05-22 08:07:11.086 [nmt] RESULT have_resp=True src='I\'m begging you' tgt='I\'m begging you'
2026-05-22 08:07:11.089 [nmt] DISPLAY hold_s=4.0 q_after=0
2026-05-22 08:07:11.532 [client] BUFFER ms=1780 rms=0.002 peak=0.005
2026-05-22 08:07:11.896 [client] MIC rms=0.002 peak=0.006 gain=3.72
2026-05-22 08:07:12.319 [ASR] Saved outgoing ASR chunk: asr_20260522_080712_313_00130_english.wav chunk_s=2.50 rms=0.01512
2026-05-22 08:07:12.323 [ASR] [ASR ENTER SEND] mode=english_or_auto forcedLanguage=english recording=True samples=40000 rms=0.01512
2026-05-22 08:07:12.326 [client] SEND lang=english chunk_s=2.50 rms=0.015 silence_ratio=0.40
2026-05-22 08:07:12.329 [ASR] [ASR POST ATTEMPT] chunk_id=96 url=https://thedeezat-asr-hearing-impaired-api.hf.space/audio forcedLanguage=english samples=40000 sr=16000 chunk_s=2.50 rms=0.01512
2026-05-22 08:07:12.330 [ASR] [ASR SEND ATTEMPT] id=asr-00096 lang=english sr=16000 samples=40000 chunk_s=2.50 rms=0.01512 speech_ratio=0.064 voiced_ratio=0.944 bytes=160000 url=https://thedeezat-asr-hearing-impaired-api.hf.space/audio
2026-05-22 08:07:12.540 [client] BUFFER ms=620 rms=0.002 peak=0.006
2026-05-22 08:07:12.775 [ASR] [ASR RESPONSE] id=asr-00096 status=200 error= body={"text": "", "infer_ms": 179.42, "total_ms": 194.69, "chunk_duration_s": 2.5, "speech_rms": 0.015099, "no_speech_prob": 0.783203125, "avg_logprob": -0.681121826171875, "compression_ratio": 0.2727272727272727}
2026-05-22 08:07:12.781 [ASR] asr-00096 diag text_len=0 infer_ms=179.42 total_ms=194.69 chunk_duration_s=2.5 payload_bytes=160000 posted_rms=0.015122 posted_samples=40000 pending_q=0 capture_gen_send=31
2026-05-22 08:07:12.785 [client] RAW text=''
2026-05-22 08:07:12.788 [ASR] asr-00096 empty response ignored (no append).
2026-05-22 08:07:13.543 [client] BUFFER ms=1580 rms=0.003 peak=0.010
2026-05-22 08:07:13.898 [client] MIC rms=0.003 peak=0.009 gain=8.00
2026-05-22 08:07:14.527 [client] SEND rms=0.027 silence_ratio=0.31 peak=0.222
2026-05-22 08:07:14.557 [ASR] Saved outgoing ASR chunk: asr_20260522_080714_544_00131_english.wav chunk_s=2.50 rms=0.02661
2026-05-22 08:07:14.560 [ASR] [ASR ENTER SEND] mode=english_or_auto forcedLanguage=english recording=True samples=40000 rms=0.02661
2026-05-22 08:07:14.563 [client] SEND lang=english chunk_s=2.50 rms=0.027 silence_ratio=0.31
2026-05-22 08:07:14.566 [ASR] [ASR POST ATTEMPT] chunk_id=97 url=https://thedeezat-asr-hearing-impaired-api.hf.space/audio forcedLanguage=english samples=40000 sr=16000 chunk_s=2.50 rms=0.02661
2026-05-22 08:07:14.568 [ASR] [ASR SEND ATTEMPT] id=asr-00097 lang=english sr=16000 samples=40000 chunk_s=2.50 rms=0.02661 speech_ratio=0.205 voiced_ratio=0.939 bytes=160000 url=https://thedeezat-asr-hearing-impaired-api.hf.space/audio
2026-05-22 08:07:14.629 [client] BUFFER ms=480 rms=0.007 peak=0.022
2026-05-22 08:07:15.313 [ASR] [ASR RESPONSE] id=asr-00097 status=200 error= body={"text": "THANK YOU.", "infer_ms": 448.7, "total_ms": 587.12, "chunk_duration_s": 2.5, "speech_rms": 0.026559, "no_speech_prob": 0.1282958984375, "avg_logprob": -0.6611328274011612, "compression_ratio": 0.555555555555555…
2026-05-22 08:07:15.317 [ASR] asr-00097 diag text_len=10 infer_ms=448.7 total_ms=587.12 chunk_duration_s=2.5 payload_bytes=160000 posted_rms=0.026606 posted_samples=40000 pending_q=0 capture_gen_send=31
2026-05-22 08:07:15.319 [client] RAW text='THANK YOU.'
2026-05-22 08:07:15.321 [client] MERGE old='' new='Thank you.' merged='Thank you.'
2026-05-22 08:07:15.322 [client] DISPLAY text='Thank you.'
2026-05-22 08:07:15.600 [client] CLEAR reason=phrase_finalized_for_nmt
2026-05-22 08:07:15.607 [client] FINALIZE urgent=True age=0.27s ends_punct=True text='Thank you.'
2026-05-22 08:07:15.663 [nmt] SENTENCE italian_mode=False translation_en=True translation_it=False text='Thank you.'
2026-05-22 08:07:15.669 [nmt] ENQUEUE q=1 in_flight=False translation_on=True italian_mode=False text='Thank you.'
2026-05-22 08:07:15.671 [nmt] START italian_mode=False text='Thank you.'
2026-05-22 08:07:15.674 [client] BUFFER ms=1540 rms=0.003 peak=0.008
2026-05-22 08:07:15.845 [nmt] RESULT have_resp=True src='Thank you.' tgt='Thank you.'
2026-05-22 08:07:15.847 [nmt] DISPLAY hold_s=4.0 q_after=0
2026-05-22 08:07:15.908 [client] MIC rms=0.002 peak=0.007 gain=8.00
2026-05-22 08:07:16.694 [client] SEND rms=0.038 silence_ratio=0.23 peak=0.683
2026-05-22 08:07:16.714 [ASR] Saved outgoing ASR chunk: asr_20260522_080716_706_00132_english.wav chunk_s=2.50 rms=0.03800
2026-05-22 08:07:16.716 [ASR] [ASR ENTER SEND] mode=english_or_auto forcedLanguage=english recording=True samples=40000 rms=0.03800
2026-05-22 08:07:16.718 [client] SEND lang=english chunk_s=2.50 rms=0.038 silence_ratio=0.23
2026-05-22 08:07:16.720 [ASR] [ASR POST ATTEMPT] chunk_id=98 url=https://thedeezat-asr-hearing-impaired-api.hf.space/audio forcedLanguage=english samples=40000 sr=16000 chunk_s=2.50 rms=0.03800
2026-05-22 08:07:16.721 [ASR] [ASR SEND ATTEMPT] id=asr-00098 lang=english sr=16000 samples=40000 chunk_s=2.50 rms=0.03800 speech_ratio=0.361 voiced_ratio=0.960 bytes=160000 url=https://thedeezat-asr-hearing-impaired-api.hf.space/audio
2026-05-22 08:07:16.777 [client] BUFFER ms=460 rms=0.006 peak=0.021
2026-05-22 08:07:17.704 [ASR] [ASR RESPONSE] id=asr-00098 status=200 error= body={"text": "", "infer_ms": 764.27, "total_ms": 812.62, "chunk_duration_s": 2.5, "speech_rms": 0.037917, "no_speech_prob": 0.315673828125, "avg_logprob": -1.0641936957836151, "compression_ratio": 0.42857142857142855}
2026-05-22 08:07:17.708 [ASR] asr-00098 diag text_len=0 infer_ms=764.27 total_ms=812.62 chunk_duration_s=2.5 payload_bytes=160000 posted_rms=0.038000 posted_samples=40000 pending_q=0 capture_gen_send=31
2026-05-22 08:07:17.711 [client] RAW text=''
2026-05-22 08:07:17.713 [ASR] asr-00098 empty response ignored (no append).
2026-05-22 08:07:17.828 [client] BUFFER ms=1480 rms=0.003 peak=0.008
2026-05-22 08:07:17.939 [client] MIC rms=0.002 peak=0.005 gain=7.04
2026-05-22 08:07:18.862 [client] BUFFER ms=2540 rms=0.004 peak=0.011
2026-05-22 08:07:18.901 [client] SEND rms=0.038 silence_ratio=0.34 peak=0.202
2026-05-22 08:07:18.918 [ASR] Saved outgoing ASR chunk: asr_20260522_080718_912_00133_english.wav chunk_s=2.50 rms=0.03800
2026-05-22 08:07:18.920 [ASR] [ASR ENTER SEND] mode=english_or_auto forcedLanguage=english recording=True samples=40000 rms=0.03800
2026-05-22 08:07:18.923 [client] SEND lang=english chunk_s=2.50 rms=0.038 silence_ratio=0.34
2026-05-22 08:07:18.924 [ASR] [ASR POST ATTEMPT] chunk_id=99 url=https://thedeezat-asr-hearing-impaired-api.hf.space/audio forcedLanguage=english samples=40000 sr=16000 chunk_s=2.50 rms=0.03800
2026-05-22 08:07:18.926 [ASR] [ASR SEND ATTEMPT] id=asr-00099 lang=english sr=16000 samples=40000 chunk_s=2.50 rms=0.03800 speech_ratio=0.283 voiced_ratio=0.995 bytes=160000 url=https://thedeezat-asr-hearing-impaired-api.hf.space/audio
2026-05-22 08:07:19.749 [ASR] [ASR RESPONSE] id=asr-00099 status=200 error= body={"text": "", "infer_ms": 179.31, "total_ms": 481.36, "chunk_duration_s": 2.5, "speech_rms": 0.037711, "no_speech_prob": 0.810546875, "avg_logprob": -0.868377685546875, "compression_ratio": 0.2727272727272727}
2026-05-22 08:07:19.754 [ASR] asr-00099 diag text_len=0 infer_ms=179.31 total_ms=481.36 chunk_duration_s=2.5 payload_bytes=160000 posted_rms=0.038000 posted_samples=40000 pending_q=0 capture_gen_send=31
2026-05-22 08:07:19.757 [client] RAW text=''
2026-05-22 08:07:19.759 [ASR] asr-00099 empty response ignored (no append).
2026-05-22 08:07:19.869 [client] BUFFER ms=1330 rms=0.002 peak=0.006
2026-05-22 08:07:19.992 [client] MIC rms=0.002 peak=0.005 gain=5.61
2026-05-22 08:07:20.891 [client] BUFFER ms=2340 rms=0.002 peak=0.007
2026-05-22 08:07:21.114 [client] SEND rms=0.032 silence_ratio=0.38 peak=0.346
2026-05-22 08:07:21.159 [ASR] Saved outgoing ASR chunk: asr_20260522_080721_151_00134_english.wav chunk_s=2.50 rms=0.03198
2026-05-22 08:07:21.161 [ASR] [ASR ENTER SEND] mode=english_or_auto forcedLanguage=english recording=True samples=40000 rms=0.03198
2026-05-22 08:07:21.165 [client] SEND lang=english chunk_s=2.50 rms=0.032 silence_ratio=0.38
2026-05-22 08:07:21.166 [ASR] [ASR POST ATTEMPT] chunk_id=100 url=https://thedeezat-asr-hearing-impaired-api.hf.space/audio forcedLanguage=english samples=40000 sr=16000 chunk_s=2.50 rms=0.03198
2026-05-22 08:07:21.168 [ASR] [ASR SEND ATTEMPT] id=asr-00100 lang=english sr=16000 samples=40000 chunk_s=2.50 rms=0.03198 speech_ratio=0.170 voiced_ratio=1.000 bytes=160000 url=https://thedeezat-asr-hearing-impaired-api.hf.space/audio
2026-05-22 08:07:21.807 [ASR] [ASR RESPONSE] id=asr-00100 status=200 error= body={"text": "", "infer_ms": 450.22, "total_ms": 475.96, "chunk_duration_s": 2.5, "speech_rms": 0.031833, "no_speech_prob": 0.1719970703125, "avg_logprob": -0.7685547173023224, "compression_ratio": 0.5555555555555556}
2026-05-22 08:07:21.810 [ASR] asr-00100 diag text_len=0 infer_ms=450.22 total_ms=475.96 chunk_duration_s=2.5 payload_bytes=160000 posted_rms=0.031976 posted_samples=40000 pending_q=0 capture_gen_send=31
2026-05-22 08:07:21.812 [client] RAW text=''
2026-05-22 08:07:21.815 [ASR] asr-00100 empty response ignored (no append).
2026-05-22 08:07:21.934 [client] BUFFER ms=1180 rms=0.002 peak=0.006
2026-05-22 08:07:21.994 [client] MIC rms=0.002 peak=0.005 gain=8.00
2026-05-22 08:07:22.947 [client] BUFFER ms=2220 rms=0.002 peak=0.006
2026-05-22 08:07:23.293 [ASR] Saved outgoing ASR chunk: asr_20260522_080723_286_00135_english.wav chunk_s=2.50 rms=0.01556
2026-05-22 08:07:23.295 [ASR] [ASR ENTER SEND] mode=english_or_auto forcedLanguage=english recording=True samples=40000 rms=0.01556
2026-05-22 08:07:23.297 [client] SEND lang=english chunk_s=2.50 rms=0.016 silence_ratio=0.43
2026-05-22 08:07:23.299 [ASR] [ASR POST ATTEMPT] chunk_id=101 url=https://thedeezat-asr-hearing-impaired-api.hf.space/audio forcedLanguage=english samples=40000 sr=16000 chunk_s=2.50 rms=0.01556
2026-05-22 08:07:23.300 [ASR] [ASR SEND ATTEMPT] id=asr-00101 lang=english sr=16000 samples=40000 chunk_s=2.50 rms=0.01556 speech_ratio=0.071 voiced_ratio=0.990 bytes=160000 url=https://thedeezat-asr-hearing-impaired-api.hf.space/audio
2026-05-22 08:07:24.001 [ASR] [ASR RESPONSE] id=asr-00101 status=200 error= body={"text": "", "infer_ms": 450.33, "total_ms": 477.23, "chunk_duration_s": 2.5, "speech_rms": 0.015516, "no_speech_prob": 0.152099609375, "avg_logprob": -0.3452148512005806, "compression_ratio": 0.5555555555555556}
2026-05-22 08:07:24.006 [ASR] asr-00101 diag text_len=0 infer_ms=450.33 total_ms=477.23 chunk_duration_s=2.5 payload_bytes=160000 posted_rms=0.015559 posted_samples=40000 pending_q=0 capture_gen_send=31
2026-05-22 08:07:24.011 [client] RAW text=''
2026-05-22 08:07:24.014 [ASR] asr-00101 empty response ignored (no append).
2026-05-22 08:07:24.019 [client] BUFFER ms=1090 rms=0.002 peak=0.004
2026-05-22 08:07:24.022 [client] MIC rms=0.002 peak=0.004 gain=8.00
2026-05-22 08:07:25.021 [client] BUFFER ms=2100 rms=0.002 peak=0.006
2026-05-22 08:07:25.458 [client] SEND rms=0.026 silence_ratio=0.29 peak=0.137
2026-05-22 08:07:25.476 [ASR] Saved outgoing ASR chunk: asr_20260522_080725_469_00136_english.wav chunk_s=2.50 rms=0.02573
2026-05-22 08:07:25.478 [ASR] [ASR ENTER SEND] mode=english_or_auto forcedLanguage=english recording=True samples=40000 rms=0.02573
2026-05-22 08:07:25.481 [client] SEND lang=english chunk_s=2.50 rms=0.026 silence_ratio=0.29
2026-05-22 08:07:25.483 [ASR] [ASR POST ATTEMPT] chunk_id=102 url=https://thedeezat-asr-hearing-impaired-api.hf.space/audio forcedLanguage=english samples=40000 sr=16000 chunk_s=2.50 rms=0.02573
2026-05-22 08:07:25.485 [ASR] [ASR SEND ATTEMPT] id=asr-00102 lang=english sr=16000 samples=40000 chunk_s=2.50 rms=0.02573 speech_ratio=0.244 voiced_ratio=0.995 bytes=160000 url=https://thedeezat-asr-hearing-impaired-api.hf.space/audio
2026-05-22 08:07:25.881 [ASR] [ASR RESPONSE] id=asr-00102 status=200 error= body={"text": "", "infer_ms": 179.41, "total_ms": 204.54, "chunk_duration_s": 2.5, "speech_rms": 0.025588, "no_speech_prob": 0.81689453125, "avg_logprob": -0.80950927734375, "compression_ratio": 0.2727272727272727}
2026-05-22 08:07:25.888 [ASR] asr-00102 diag text_len=0 infer_ms=179.41 total_ms=204.54 chunk_duration_s=2.5 payload_bytes=160000 posted_rms=0.025734 posted_samples=40000 pending_q=0 capture_gen_send=31
2026-05-22 08:07:25.890 [client] RAW text=''
2026-05-22 08:07:25.892 [ASR] asr-00102 empty response ignored (no append).
2026-05-22 08:07:25.894 [ASR] summary attempts=120 ok=94 fail=26 emptyText=61 inFlight=0
2026-05-22 08:07:26.069 [client] BUFFER ms=940 rms=0.002 peak=0.007
2026-05-22 08:07:26.072 [client] MIC rms=0.002 peak=0.007 gain=8.00
2026-05-22 08:07:27.098 [client] BUFFER ms=1960 rms=0.002 peak=0.008
2026-05-22 08:07:27.697 [client] SEND rms=0.024 silence_ratio=0.28 peak=0.133
2026-05-22 08:07:27.760 [ASR] Saved outgoing ASR chunk: asr_20260522_080727_746_00137_english.wav chunk_s=2.50 rms=0.02397
2026-05-22 08:07:27.763 [ASR] [ASR ENTER SEND] mode=english_or_auto forcedLanguage=english recording=True samples=40000 rms=0.02397
2026-05-22 08:07:27.766 [client] SEND lang=english chunk_s=2.50 rms=0.024 silence_ratio=0.28
2026-05-22 08:07:27.769 [ASR] [ASR POST ATTEMPT] chunk_id=103 url=https://thedeezat-asr-hearing-impaired-api.hf.space/audio forcedLanguage=english samples=40000 sr=16000 chunk_s=2.50 rms=0.02397
2026-05-22 08:07:27.774 [ASR] [ASR SEND ATTEMPT] id=asr-00103 lang=english sr=16000 samples=40000 chunk_s=2.50 rms=0.02397 speech_ratio=0.220 voiced_ratio=0.995 bytes=160000 url=https://thedeezat-asr-hearing-impaired-api.hf.space/audio
2026-05-22 08:07:28.129 [client] BUFFER ms=780 rms=0.002 peak=0.004
2026-05-22 08:07:28.131 [client] MIC rms=0.002 peak=0.004 gain=8.00
2026-05-22 08:07:28.186 [ASR] [ASR RESPONSE] id=asr-00103 status=200 error= body={"text": "", "infer_ms": 193.37, "total_ms": 219.75, "chunk_duration_s": 2.5, "speech_rms": 0.023862, "no_speech_prob": 0.8056640625, "avg_logprob": -0.5559234470129013, "compression_ratio": 0.5555555555555556}
2026-05-22 08:07:28.191 [ASR] asr-00103 diag text_len=0 infer_ms=193.37 total_ms=219.75 chunk_duration_s=2.5 payload_bytes=160000 posted_rms=0.023973 posted_samples=40000 pending_q=0 capture_gen_send=31
2026-05-22 08:07:28.193 [client] RAW text=''
2026-05-22 08:07:28.195 [ASR] asr-00103 empty response ignored (no append).
2026-05-22 08:07:29.147 [client] BUFFER ms=1820 rms=0.002 peak=0.006
2026-05-22 08:07:29.927 [ASR] Saved outgoing ASR chunk: asr_20260522_080729_919_00138_english.wav chunk_s=2.50 rms=0.01676
2026-05-22 08:07:29.930 [ASR] [ASR ENTER SEND] mode=english_or_auto forcedLanguage=english recording=True samples=40000 rms=0.01676
2026-05-22 08:07:29.932 [client] SEND lang=english chunk_s=2.50 rms=0.017 silence_ratio=0.39
2026-05-22 08:07:29.934 [ASR] [ASR POST ATTEMPT] chunk_id=104 url=https://thedeezat-asr-hearing-impaired-api.hf.space/audio forcedLanguage=english samples=40000 sr=16000 chunk_s=2.50 rms=0.01676
2026-05-22 08:07:29.935 [ASR] [ASR SEND ATTEMPT] id=asr-00104 lang=english sr=16000 samples=40000 chunk_s=2.50 rms=0.01676 speech_ratio=0.076 voiced_ratio=0.985 bytes=160000 url=https://thedeezat-asr-hearing-impaired-api.hf.space/audio
2026-05-22 08:07:30.169 [client] BUFFER ms=620 rms=0.002 peak=0.007
2026-05-22 08:07:30.173 [client] MIC rms=0.002 peak=0.007 gain=8.00
2026-05-22 08:07:30.626 [ASR] [ASR RESPONSE] id=asr-00104 status=200 error= body={"text": "", "infer_ms": 451.94, "total_ms": 484.68, "chunk_duration_s": 2.5, "speech_rms": 0.016722, "no_speech_prob": 0.1474609375, "avg_logprob": -0.2993163987994194, "compression_ratio": 0.5555555555555556}
2026-05-22 08:07:30.630 [ASR] asr-00104 diag text_len=0 infer_ms=451.94 total_ms=484.68 chunk_duration_s=2.5 payload_bytes=160000 posted_rms=0.016763 posted_samples=40000 pending_q=0 capture_gen_send=31
2026-05-22 08:07:30.633 [client] RAW text=''
2026-05-22 08:07:30.636 [ASR] asr-00104 empty response ignored (no append).
2026-05-22 08:07:31.185 [client] BUFFER ms=1660 rms=0.002 peak=0.006
2026-05-22 08:07:32.110 [client] SEND rms=0.038 silence_ratio=0.33 peak=0.323
2026-05-22 08:07:32.130 [ASR] Saved outgoing ASR chunk: asr_20260522_080732_124_00139_english.wav chunk_s=2.50 rms=0.03800
2026-05-22 08:07:32.132 [ASR] [ASR ENTER SEND] mode=english_or_auto forcedLanguage=english recording=True samples=40000 rms=0.03800
2026-05-22 08:07:32.134 [client] SEND lang=english chunk_s=2.50 rms=0.038 silence_ratio=0.33
2026-05-22 08:07:32.136 [ASR] [ASR POST ATTEMPT] chunk_id=105 url=https://thedeezat-asr-hearing-impaired-api.hf.space/audio forcedLanguage=english samples=40000 sr=16000 chunk_s=2.50 rms=0.03800
2026-05-22 08:07:32.138 [ASR] [ASR SEND ATTEMPT] id=asr-00105 lang=english sr=16000 samples=40000 chunk_s=2.50 rms=0.03800 speech_ratio=0.220 voiced_ratio=0.990 bytes=160000 url=https://thedeezat-asr-hearing-impaired-api.hf.space/audio
2026-05-22 08:07:32.191 [client] BUFFER ms=460 rms=0.005 peak=0.015
2026-05-22 08:07:32.194 [client] MIC rms=0.005 peak=0.015 gain=7.28
2026-05-22 08:07:32.776 [ASR] [ASR RESPONSE] id=asr-00105 status=200 error= body={"text": "", "infer_ms": 444.38, "total_ms": 462.68, "chunk_duration_s": 2.5, "speech_rms": 0.037898, "no_speech_prob": 0.12152099609375, "avg_logprob": -0.218994140625, "compression_ratio": 0.5555555555555556}
2026-05-22 08:07:32.782 [ASR] asr-00105 diag text_len=0 infer_ms=444.38 total_ms=462.68 chunk_duration_s=2.5 payload_bytes=160000 posted_rms=0.038000 posted_samples=40000 pending_q=0 capture_gen_send=31
2026-05-22 08:07:32.784 [client] RAW text=''
2026-05-22 08:07:32.786 [ASR] asr-00105 empty response ignored (no append).
2026-05-22 08:07:33.194 [client] BUFFER ms=1460 rms=0.002 peak=0.005
2026-05-22 08:07:34.202 [client] MIC rms=0.003 peak=0.009 gain=7.28
2026-05-22 08:07:34.255 [client] BUFFER ms=2530 rms=0.004 peak=0.010
2026-05-22 08:07:34.292 [client] SEND rms=0.038 silence_ratio=0.31 peak=0.351
2026-05-22 08:07:34.309 [ASR] Saved outgoing ASR chunk: asr_20260522_080734_302_00140_english.wav chunk_s=2.50 rms=0.03800
2026-05-22 08:07:34.311 [ASR] [ASR ENTER SEND] mode=english_or_auto forcedLanguage=english recording=True samples=40000 rms=0.03800
2026-05-22 08:07:34.313 [client] SEND lang=english chunk_s=2.50 rms=0.038 silence_ratio=0.31
2026-05-22 08:07:34.315 [ASR] [ASR POST ATTEMPT] chunk_id=106 url=https://thedeezat-asr-hearing-impaired-api.hf.space/audio forcedLanguage=english samples=40000 sr=16000 chunk_s=2.50 rms=0.03800
2026-05-22 08:07:34.317 [ASR] [ASR SEND ATTEMPT] id=asr-00106 lang=english sr=16000 samples=40000 chunk_s=2.50 rms=0.03800 speech_ratio=0.231 voiced_ratio=0.995 bytes=160000 url=https://thedeezat-asr-hearing-impaired-api.hf.space/audio
2026-05-22 08:07:35.284 [client] BUFFER ms=1340 rms=0.004 peak=0.010
2026-05-22 08:07:36.004 [ASR] [ASR RESPONSE] id=asr-00106 status=200 error= body={"text": "", "infer_ms": 446.36, "total_ms": 866.59, "chunk_duration_s": 2.5, "speech_rms": 0.037881, "no_speech_prob": 0.1622314453125, "avg_logprob": -0.2678222581744194, "compression_ratio": 0.5555555555555556}
2026-05-22 08:07:36.008 [ASR] asr-00106 diag text_len=0 infer_ms=446.36 total_ms=866.59 chunk_duration_s=2.5 payload_bytes=160000 posted_rms=0.038000 posted_samples=40000 pending_q=0 capture_gen_send=31
2026-05-22 08:07:36.011 [client] RAW text=''
2026-05-22 08:07:36.013 [ASR] asr-00106 empty response ignored (no append).
2026-05-22 08:07:36.229 [client] MIC rms=0.002 peak=0.006 gain=7.90
2026-05-22 08:07:36.341 [client] BUFFER ms=2390 rms=0.002 peak=0.008
2026-05-22 08:07:36.498 [client] SEND rms=0.021 silence_ratio=0.34 peak=0.167
2026-05-22 08:07:36.544 [ASR] Saved outgoing ASR chunk: asr_20260522_080736_537_00141_english.wav chunk_s=2.50 rms=0.02062
2026-05-22 08:07:36.546 [ASR] [ASR ENTER SEND] mode=english_or_auto forcedLanguage=english recording=True samples=40000 rms=0.02062
2026-05-22 08:07:36.548 [client] SEND lang=english chunk_s=2.50 rms=0.021 silence_ratio=0.34
2026-05-22 08:07:36.550 [ASR] [ASR POST ATTEMPT] chunk_id=107 url=https://thedeezat-asr-hearing-impaired-api.hf.space/audio forcedLanguage=english samples=40000 sr=16000 chunk_s=2.50 rms=0.02062
2026-05-22 08:07:36.551 [ASR] [ASR SEND ATTEMPT] id=asr-00107 lang=english sr=16000 samples=40000 chunk_s=2.50 rms=0.02062 speech_ratio=0.149 voiced_ratio=1.000 bytes=160000 url=https://thedeezat-asr-hearing-impaired-api.hf.space/audio
2026-05-22 08:07:37.377 [ASR] [ASR RESPONSE] id=asr-00107 status=200 error= body={"text": "", "infer_ms": 203.29, "total_ms": 494.73, "chunk_duration_s": 2.5, "speech_rms": 0.020554, "no_speech_prob": 0.8408203125, "avg_logprob": -0.87359619140625, "compression_ratio": 0.2727272727272727}
2026-05-22 08:07:37.380 [ASR] asr-00107 diag text_len=0 infer_ms=203.29 total_ms=494.73 chunk_duration_s=2.5 payload_bytes=160000 posted_rms=0.020621 posted_samples=40000 pending_q=0 capture_gen_send=31
2026-05-22 08:07:37.382 [client] RAW text=''
2026-05-22 08:07:37.384 [ASR] asr-00107 empty response ignored (no append).
2026-05-22 08:07:37.389 [client] BUFFER ms=1260 rms=0.001 peak=0.004
2026-05-22 08:07:38.285 [client] MIC rms=0.002 peak=0.005 gain=8.00
2026-05-22 08:07:38.394 [client] BUFFER ms=2260 rms=0.002 peak=0.006
2026-05-22 08:07:38.667 [ASR] Saved outgoing ASR chunk: asr_20260522_080738_660_00142_english.wav chunk_s=2.50 rms=0.01332
2026-05-22 08:07:38.668 [ASR] [ASR ENTER SEND] mode=english_or_auto forcedLanguage=english recording=True samples=40000 rms=0.01332
2026-05-22 08:07:38.670 [client] SEND lang=english chunk_s=2.50 rms=0.013 silence_ratio=0.46
2026-05-22 08:07:38.672 [ASR] [ASR POST ATTEMPT] chunk_id=108 url=https://thedeezat-asr-hearing-impaired-api.hf.space/audio forcedLanguage=english samples=40000 sr=16000 chunk_s=2.50 rms=0.01332
2026-05-22 08:07:38.673 [ASR] [ASR SEND ATTEMPT] id=asr-00108 lang=english sr=16000 samples=40000 chunk_s=2.50 rms=0.01332 speech_ratio=0.038 voiced_ratio=0.990 bytes=160000 url=https://thedeezat-asr-hearing-impaired-api.hf.space/audio
2026-05-22 08:07:39.441 [ASR] [ASR RESPONSE] id=asr-00108 status=200 error= body={"text": "", "infer_ms": 453.89, "total_ms": 605.84, "chunk_duration_s": 2.5, "speech_rms": 0.013295, "no_speech_prob": 0.1173095703125, "avg_logprob": -0.5673828274011612, "compression_ratio": 0.5555555555555556}
2026-05-22 08:07:39.446 [ASR] asr-00108 HTTP 200 chunk #100 resp: {"text": "", "infer_ms": 453.89, "total_ms": 605.84, "chunk_duration_s": 2.5, "speech_rms": 0.013295, "no_speech_prob": 0.1173095703125, "avg_logprob": -0.56738…
2026-05-22 08:07:39.450 [ASR] asr-00108 diag text_len=0 infer_ms=453.89 total_ms=605.84 chunk_duration_s=2.5 payload_bytes=160000 posted_rms=0.013318 posted_samples=40000 pending_q=0 capture_gen_send=31
2026-05-22 08:07:39.451 [client] RAW text=''
2026-05-22 08:07:39.453 [ASR] asr-00108 empty response ignored (no append).
2026-05-22 08:07:39.458 [client] BUFFER ms=1100 rms=0.002 peak=0.006
2026-05-22 08:07:40.320 [client] MIC rms=0.001 peak=0.005 gain=8.00
2026-05-22 08:07:40.487 [client] BUFFER ms=2150 rms=0.002 peak=0.006
2026-05-22 08:07:40.899 [ASR] Saved outgoing ASR chunk: asr_20260522_080740_892_00143_english.wav chunk_s=2.50 rms=0.01424
2026-05-22 08:07:40.901 [ASR] [ASR ENTER SEND] mode=english_or_auto forcedLanguage=english recording=True samples=40000 rms=0.01424
2026-05-22 08:07:40.903 [client] SEND lang=english chunk_s=2.50 rms=0.014 silence_ratio=0.43
2026-05-22 08:07:40.905 [ASR] [ASR POST ATTEMPT] chunk_id=109 url=https://thedeezat-asr-hearing-impaired-api.hf.space/audio forcedLanguage=english samples=40000 sr=16000 chunk_s=2.50 rms=0.01424
2026-05-22 08:07:40.906 [ASR] [ASR SEND ATTEMPT] id=asr-00109 lang=english sr=16000 samples=40000 chunk_s=2.50 rms=0.01424 speech_ratio=0.051 voiced_ratio=0.985 bytes=160000 url=https://thedeezat-asr-hearing-impaired-api.hf.space/audio
2026-05-22 08:07:41.537 [client] BUFFER ms=1010 rms=0.001 peak=0.004
2026-05-22 08:07:41.593 [ASR] [ASR RESPONSE] id=asr-00109 status=200 error= body={"text": "", "infer_ms": 452.49, "total_ms": 472.67, "chunk_duration_s": 2.5, "speech_rms": 0.014213, "no_speech_prob": 0.11273193359375, "avg_logprob": -0.431396484375, "compression_ratio": 0.5555555555555556}
2026-05-22 08:07:41.596 [ASR] asr-00109 diag text_len=0 infer_ms=452.49 total_ms=472.67 chunk_duration_s=2.5 payload_bytes=160000 posted_rms=0.014244 posted_samples=40000 pending_q=0 capture_gen_send=31
2026-05-22 08:07:41.598 [client] RAW text=''
2026-05-22 08:07:41.601 [ASR] asr-00109 empty response ignored (no append).
2026-05-22 08:07:42.344 [client] MIC rms=0.002 peak=0.006 gain=8.00
2026-05-22 08:07:42.573 [client] BUFFER ms=2020 rms=0.002 peak=0.004
2026-05-22 08:07:43.141 [ASR] Saved outgoing ASR chunk: asr_20260522_080743_133_00144_english.wav chunk_s=2.50 rms=0.01460
2026-05-22 08:07:43.143 [ASR] [ASR ENTER SEND] mode=english_or_auto forcedLanguage=english recording=True samples=40000 rms=0.01460
2026-05-22 08:07:43.146 [client] SEND lang=english chunk_s=2.50 rms=0.015 silence_ratio=0.43
2026-05-22 08:07:43.147 [ASR] [ASR POST ATTEMPT] chunk_id=110 url=https://thedeezat-asr-hearing-impaired-api.hf.space/audio forcedLanguage=english samples=40000 sr=16000 chunk_s=2.50 rms=0.01460
2026-05-22 08:07:43.149 [ASR] [ASR SEND ATTEMPT] id=asr-00110 lang=english sr=16000 samples=40000 chunk_s=2.50 rms=0.01460 speech_ratio=0.057 voiced_ratio=0.995 bytes=160000 url=https://thedeezat-asr-hearing-impaired-api.hf.space/audio
2026-05-22 08:07:43.527 [ASR] [ASR RESPONSE] id=asr-00110 status=200 error= body={"text": "", "infer_ms": 177.81, "total_ms": 200.54, "chunk_duration_s": 2.5, "speech_rms": 0.014567, "no_speech_prob": 0.8916015625, "avg_logprob": -0.91009521484375, "compression_ratio": 0.2727272727272727}
2026-05-22 08:07:43.530 [ASR] asr-00110 diag text_len=0 infer_ms=177.81 total_ms=200.54 chunk_duration_s=2.5 payload_bytes=160000 posted_rms=0.014601 posted_samples=40000 pending_q=0 capture_gen_send=31
2026-05-22 08:07:43.532 [client] RAW text=''
2026-05-22 08:07:43.536 [ASR] asr-00110 empty response ignored (no append).
2026-05-22 08:07:43.590 [client] BUFFER ms=860 rms=0.002 peak=0.006
2026-05-22 08:07:44.346 [client] MIC rms=0.002 peak=0.006 gain=8.00
2026-05-22 08:07:44.654 [client] BUFFER ms=1930 rms=0.001 peak=0.004
2026-05-22 08:07:45.293 [ASR] Saved outgoing ASR chunk: asr_20260522_080745_286_00145_english.wav chunk_s=2.50 rms=0.01286
2026-05-22 08:07:45.295 [ASR] [ASR ENTER SEND] mode=english_or_auto forcedLanguage=english recording=True samples=40000 rms=0.01286
2026-05-22 08:07:45.297 [client] SEND lang=english chunk_s=2.50 rms=0.013 silence_ratio=0.47
2026-05-22 08:07:45.299 [ASR] [ASR POST ATTEMPT] chunk_id=111 url=https://thedeezat-asr-hearing-impaired-api.hf.space/audio forcedLanguage=english samples=40000 sr=16000 chunk_s=2.50 rms=0.01286
2026-05-22 08:07:45.300 [ASR] [ASR SEND ATTEMPT] id=asr-00111 lang=english sr=16000 samples=40000 chunk_s=2.50 rms=0.01286 speech_ratio=0.030 voiced_ratio=1.000 bytes=160000 url=https://thedeezat-asr-hearing-impaired-api.hf.space/audio
2026-05-22 08:07:45.691 [client] BUFFER ms=750 rms=0.002 peak=0.004
2026-05-22 08:07:45.936 [ASR] [ASR RESPONSE] id=asr-00111 status=200 error= body={"text": "", "infer_ms": 451.31, "total_ms": 476.06, "chunk_duration_s": 2.5, "speech_rms": 0.012805, "no_speech_prob": 0.1341552734375, "avg_logprob": -0.3251953125, "compression_ratio": 0.5555555555555556}
2026-05-22 08:07:45.940 [ASR] asr-00111 diag text_len=0 infer_ms=451.31 total_ms=476.06 chunk_duration_s=2.5 payload_bytes=160000 posted_rms=0.012860 posted_samples=40000 pending_q=0 capture_gen_send=31
2026-05-22 08:07:45.942 [client] RAW text=''
2026-05-22 08:07:45.946 [ASR] asr-00111 empty response ignored (no append).
2026-05-22 08:07:46.397 [client] MIC rms=0.002 peak=0.005 gain=8.00
2026-05-22 08:07:46.751 [client] BUFFER ms=1810 rms=0.002 peak=0.005
2026-05-22 08:07:47.506 [ASR] Saved outgoing ASR chunk: asr_20260522_080747_499_00146_english.wav chunk_s=2.50 rms=0.01298
2026-05-22 08:07:47.508 [ASR] [ASR ENTER SEND] mode=english_or_auto forcedLanguage=english recording=True samples=40000 rms=0.01298
2026-05-22 08:07:47.511 [client] SEND lang=english chunk_s=2.50 rms=0.013 silence_ratio=0.47
2026-05-22 08:07:47.513 [ASR] [ASR POST ATTEMPT] chunk_id=112 url=https://thedeezat-asr-hearing-impaired-api.hf.space/audio forcedLanguage=english samples=40000 sr=16000 chunk_s=2.50 rms=0.01298
2026-05-22 08:07:47.514 [ASR] [ASR SEND ATTEMPT] id=asr-00112 lang=english sr=16000 samples=40000 chunk_s=2.50 rms=0.01298 speech_ratio=0.032 voiced_ratio=0.985 bytes=160000 url=https://thedeezat-asr-hearing-impaired-api.hf.space/audio
2026-05-22 08:07:47.802 [client] BUFFER ms=660 rms=0.002 peak=0.007
2026-05-22 08:07:47.915 [ASR] [ASR RESPONSE] id=asr-00112 status=200 error= body={"text": "", "infer_ms": 194.19, "total_ms": 212.84, "chunk_duration_s": 2.5, "speech_rms": 0.01295, "no_speech_prob": 0.857421875, "avg_logprob": -0.6323432922363281, "compression_ratio": 0.5555555555555556}
2026-05-22 08:07:47.918 [ASR] asr-00112 diag text_len=0 infer_ms=194.19 total_ms=212.84 chunk_duration_s=2.5 payload_bytes=160000 posted_rms=0.012980 posted_samples=40000 pending_q=0 capture_gen_send=31
2026-05-22 08:07:47.920 [client] RAW text=''
2026-05-22 08:07:47.924 [ASR] asr-00112 empty response ignored (no append).
2026-05-22 08:07:48.419 [client] MIC rms=0.004 peak=0.008 gain=8.00
2026-05-22 08:07:48.817 [client] BUFFER ms=1660 rms=0.005 peak=0.013
2026-05-22 08:07:49.677 [client] SEND rms=0.024 silence_ratio=0.37 peak=0.181
2026-05-22 08:07:49.727 [ASR] Saved outgoing ASR chunk: asr_20260522_080749_719_00147_english.wav chunk_s=2.50 rms=0.02405
2026-05-22 08:07:49.729 [ASR] [ASR ENTER SEND] mode=english_or_auto forcedLanguage=english recording=True samples=40000 rms=0.02405
2026-05-22 08:07:49.731 [client] SEND lang=english chunk_s=2.50 rms=0.024 silence_ratio=0.37
2026-05-22 08:07:49.733 [ASR] [ASR POST ATTEMPT] chunk_id=113 url=https://thedeezat-asr-hearing-impaired-api.hf.space/audio forcedLanguage=english samples=40000 sr=16000 chunk_s=2.50 rms=0.02405
2026-05-22 08:07:49.734 [ASR] [ASR SEND ATTEMPT] id=asr-00113 lang=english sr=16000 samples=40000 chunk_s=2.50 rms=0.02405 speech_ratio=0.142 voiced_ratio=0.995 bytes=160000 url=https://thedeezat-asr-hearing-impaired-api.hf.space/audio
2026-05-22 08:07:49.841 [client] BUFFER ms=510 rms=0.002 peak=0.004
2026-05-22 08:07:50.430 [client] MIC rms=0.002 peak=0.005 gain=8.00
2026-05-22 08:07:50.544 [ASR] [ASR RESPONSE] id=asr-00113 status=200 error= body={"text": "", "infer_ms": 447.6, "total_ms": 592.38, "chunk_duration_s": 2.5, "speech_rms": 0.023935, "no_speech_prob": 0.203369140625, "avg_logprob": -0.4558105319738388, "compression_ratio": 0.5555555555555556}
2026-05-22 08:07:50.548 [ASR] asr-00113 diag text_len=0 infer_ms=447.6 total_ms=592.38 chunk_duration_s=2.5 payload_bytes=160000 posted_rms=0.024051 posted_samples=40000 pending_q=0 capture_gen_send=31
2026-05-22 08:07:50.550 [client] RAW text=''
2026-05-22 08:07:50.553 [ASR] asr-00113 empty response ignored (no append).
2026-05-22 08:07:50.854 [client] BUFFER ms=1520 rms=0.003 peak=0.017
2026-05-22 08:07:51.894 [ASR] Saved outgoing ASR chunk: asr_20260522_080751_887_00148_english.wav chunk_s=2.50 rms=0.01368
2026-05-22 08:07:51.896 [ASR] [ASR ENTER SEND] mode=english_or_auto forcedLanguage=english recording=True samples=40000 rms=0.01368
2026-05-22 08:07:51.898 [client] SEND lang=english chunk_s=2.50 rms=0.014 silence_ratio=0.46
2026-05-22 08:07:51.899 [ASR] [ASR POST ATTEMPT] chunk_id=114 url=https://thedeezat-asr-hearing-impaired-api.hf.space/audio forcedLanguage=english samples=40000 sr=16000 chunk_s=2.50 rms=0.01368
2026-05-22 08:07:51.901 [ASR] [ASR SEND ATTEMPT] id=asr-00114 lang=english sr=16000 samples=40000 chunk_s=2.50 rms=0.01368 speech_ratio=0.041 voiced_ratio=0.985 bytes=160000 url=https://thedeezat-asr-hearing-impaired-api.hf.space/audio
2026-05-22 08:07:51.958 [client] BUFFER ms=410 rms=0.002 peak=0.010
2026-05-22 08:07:52.484 [client] MIC rms=0.003 peak=0.006 gain=8.00
2026-05-22 08:07:52.537 [ASR] [ASR RESPONSE] id=asr-00114 status=200 error= body={"text": "", "infer_ms": 449.07, "total_ms": 476.01, "chunk_duration_s": 2.5, "speech_rms": 0.013645, "no_speech_prob": 0.1514892578125, "avg_logprob": -0.352294921875, "compression_ratio": 0.5555555555555556}
2026-05-22 08:07:52.543 [ASR] asr-00114 diag text_len=0 infer_ms=449.07 total_ms=476.01 chunk_duration_s=2.5 payload_bytes=160000 posted_rms=0.013683 posted_samples=40000 pending_q=0 capture_gen_send=31
2026-05-22 08:07:52.545 [client] RAW text=''
2026-05-22 08:07:52.546 [ASR] asr-00114 empty response ignored (no append).
2026-05-22 08:07:53.008 [client] BUFFER ms=1480 rms=0.002 peak=0.004
2026-05-22 08:07:54.016 [client] BUFFER ms=2470 rms=0.002 peak=0.007
2026-05-22 08:07:54.128 [ASR] Saved outgoing ASR chunk: asr_20260522_080754_119_00149_english.wav chunk_s=2.50 rms=0.01619
2026-05-22 08:07:54.130 [ASR] [ASR ENTER SEND] mode=english_or_auto forcedLanguage=english recording=True samples=40000 rms=0.01619
2026-05-22 08:07:54.132 [client] SEND lang=english chunk_s=2.50 rms=0.016 silence_ratio=0.39
2026-05-22 08:07:54.134 [ASR] [ASR POST ATTEMPT] chunk_id=115 url=https://thedeezat-asr-hearing-impaired-api.hf.space/audio forcedLanguage=english samples=40000 sr=16000 chunk_s=2.50 rms=0.01619
2026-05-22 08:07:54.136 [ASR] [ASR SEND ATTEMPT] id=asr-00115 lang=english sr=16000 samples=40000 chunk_s=2.50 rms=0.01619 speech_ratio=0.083 voiced_ratio=0.985 bytes=160000 url=https://thedeezat-asr-hearing-impaired-api.hf.space/audio
2026-05-22 08:07:54.510 [client] MIC rms=0.002 peak=0.005 gain=8.00
2026-05-22 08:07:54.789 [ASR] [ASR RESPONSE] id=asr-00115 status=200 error= body={"text": "", "infer_ms": 449.74, "total_ms": 475.63, "chunk_duration_s": 2.5, "speech_rms": 0.016153, "no_speech_prob": 0.140869140625, "avg_logprob": -0.1466064490377903, "compression_ratio": 0.5555555555555556}
2026-05-22 08:07:54.792 [ASR] asr-00115 diag text_len=0 infer_ms=449.74 total_ms=475.63 chunk_duration_s=2.5 payload_bytes=160000 posted_rms=0.016188 posted_samples=40000 pending_q=0 capture_gen_send=31
2026-05-22 08:07:54.794 [client] RAW text=''
2026-05-22 08:07:54.796 [ASR] asr-00115 empty response ignored (no append).
2026-05-22 08:07:55.029 [client] BUFFER ms=1300 rms=0.002 peak=0.004
2026-05-22 08:07:56.049 [client] BUFFER ms=2320 rms=0.002 peak=0.006
2026-05-22 08:07:56.370 [ASR] Saved outgoing ASR chunk: asr_20260522_080756_350_00150_english.wav chunk_s=2.50 rms=0.01414
2026-05-22 08:07:56.372 [ASR] [ASR ENTER SEND] mode=english_or_auto forcedLanguage=english recording=True samples=40000 rms=0.01414
2026-05-22 08:07:56.374 [client] SEND lang=english chunk_s=2.50 rms=0.014 silence_ratio=0.45
2026-05-22 08:07:56.375 [ASR] [ASR POST ATTEMPT] chunk_id=116 url=https://thedeezat-asr-hearing-impaired-api.hf.space/audio forcedLanguage=english samples=40000 sr=16000 chunk_s=2.50 rms=0.01414
2026-05-22 08:07:56.377 [ASR] [ASR SEND ATTEMPT] id=asr-00116 lang=english sr=16000 samples=40000 chunk_s=2.50 rms=0.01414 speech_ratio=0.048 voiced_ratio=0.985 bytes=160000 url=https://thedeezat-asr-hearing-impaired-api.hf.space/audio
2026-05-22 08:07:56.540 [client] MIC rms=0.001 peak=0.004 gain=8.00
2026-05-22 08:07:56.775 [ASR] [ASR RESPONSE] id=asr-00116 status=200 error= body={"text": "", "infer_ms": 177.44, "total_ms": 229.11, "chunk_duration_s": 2.5, "speech_rms": 0.014104, "no_speech_prob": 0.845703125, "avg_logprob": -0.90631103515625, "compression_ratio": 0.2727272727272727}
2026-05-22 08:07:56.777 [ASR] asr-00116 diag text_len=0 infer_ms=177.44 total_ms=229.11 chunk_duration_s=2.5 payload_bytes=160000 posted_rms=0.014136 posted_samples=40000 pending_q=0 capture_gen_send=31
2026-05-22 08:07:56.779 [client] RAW text=''
2026-05-22 08:07:56.781 [ASR] asr-00116 empty response ignored (no append).
2026-05-22 08:07:57.078 [client] BUFFER ms=1140 rms=0.003 peak=0.009
2026-05-22 08:07:58.129 [client] BUFFER ms=2200 rms=0.002 peak=0.005
2026-05-22 08:07:58.528 [ASR] Saved outgoing ASR chunk: asr_20260522_080758_521_00151_english.wav chunk_s=2.50 rms=0.01623
2026-05-22 08:07:58.530 [ASR] [ASR ENTER SEND] mode=english_or_auto forcedLanguage=english recording=True samples=40000 rms=0.01623
2026-05-22 08:07:58.532 [client] SEND lang=english chunk_s=2.50 rms=0.016 silence_ratio=0.44
2026-05-22 08:07:58.534 [ASR] [ASR POST ATTEMPT] chunk_id=117 url=https://thedeezat-asr-hearing-impaired-api.hf.space/audio forcedLanguage=english samples=40000 sr=16000 chunk_s=2.50 rms=0.01623
2026-05-22 08:07:58.535 [ASR] [ASR SEND ATTEMPT] id=asr-00117 lang=english sr=16000 samples=40000 chunk_s=2.50 rms=0.01623 speech_ratio=0.073 voiced_ratio=0.985 bytes=160000 url=https://thedeezat-asr-hearing-impaired-api.hf.space/audio
2026-05-22 08:07:58.589 [client] MIC rms=0.002 peak=0.005 gain=8.00
2026-05-22 08:07:58.896 [ASR] [ASR RESPONSE] id=asr-00117 status=200 error= body={"text": "", "infer_ms": 178.72, "total_ms": 201.5, "chunk_duration_s": 2.5, "speech_rms": 0.016206, "no_speech_prob": 0.82470703125, "avg_logprob": -0.861572265625, "compression_ratio": 0.2727272727272727}
2026-05-22 08:07:58.898 [ASR] asr-00117 diag text_len=0 infer_ms=178.72 total_ms=201.5 chunk_duration_s=2.5 payload_bytes=160000 posted_rms=0.016230 posted_samples=40000 pending_q=0 capture_gen_send=31
2026-05-22 08:07:58.900 [client] RAW text=''
2026-05-22 08:07:58.902 [ASR] asr-00117 empty response ignored (no append).
2026-05-22 08:07:59.144 [client] BUFFER ms=1010 rms=0.002 peak=0.005
2026-05-22 08:08:00.160 [client] BUFFER ms=2020 rms=0.007 peak=0.018
2026-05-22 08:08:00.606 [client] MIC rms=0.002 peak=0.006 gain=8.00
2026-05-22 08:08:00.698 [client] SEND rms=0.026 silence_ratio=0.36 peak=0.289
2026-05-22 08:08:00.719 [ASR] Saved outgoing ASR chunk: asr_20260522_080800_711_00152_english.wav chunk_s=2.50 rms=0.02643
2026-05-22 08:08:00.721 [ASR] [ASR ENTER SEND] mode=english_or_auto forcedLanguage=english recording=True samples=40000 rms=0.02643
2026-05-22 08:08:00.723 [client] SEND lang=english chunk_s=2.50 rms=0.026 silence_ratio=0.36
2026-05-22 08:08:00.725 [ASR] [ASR POST ATTEMPT] chunk_id=118 url=https://thedeezat-asr-hearing-impaired-api.hf.space/audio forcedLanguage=english samples=40000 sr=16000 chunk_s=2.50 rms=0.02643
2026-05-22 08:08:00.727 [ASR] [ASR SEND ATTEMPT] id=asr-00118 lang=english sr=16000 samples=40000 chunk_s=2.50 rms=0.02643 speech_ratio=0.157 voiced_ratio=0.965 bytes=160000 url=https://thedeezat-asr-hearing-impaired-api.hf.space/audio
2026-05-22 08:08:01.207 [client] BUFFER ms=860 rms=0.001 peak=0.004
2026-05-22 08:08:01.476 [ASR] [ASR RESPONSE] id=asr-00118 status=200 error= body={"text": "", "infer_ms": 446.45, "total_ms": 589.9, "chunk_duration_s": 2.5, "speech_rms": 0.026357, "no_speech_prob": 0.1883544921875, "avg_logprob": -0.33984375, "compression_ratio": 0.5555555555555556}
2026-05-22 08:08:01.479 [ASR] asr-00118 diag text_len=0 infer_ms=446.45 total_ms=589.9 chunk_duration_s=2.5 payload_bytes=160000 posted_rms=0.026428 posted_samples=40000 pending_q=0 capture_gen_send=31
2026-05-22 08:08:01.480 [client] RAW text=''
2026-05-22 08:08:01.482 [ASR] asr-00118 empty response ignored (no append).
2026-05-22 08:08:02.211 [client] BUFFER ms=1880 rms=0.002 peak=0.005
2026-05-22 08:08:02.606 [client] MIC rms=0.001 peak=0.005 gain=8.00
2026-05-22 08:08:02.901 [ASR] Saved outgoing ASR chunk: asr_20260522_080802_891_00153_english.wav chunk_s=2.50 rms=0.01437
2026-05-22 08:08:02.904 [ASR] [ASR ENTER SEND] mode=english_or_auto forcedLanguage=english recording=True samples=40000 rms=0.01437
2026-05-22 08:08:02.908 [client] SEND lang=english chunk_s=2.50 rms=0.014 silence_ratio=0.44
2026-05-22 08:08:02.910 [ASR] [ASR POST ATTEMPT] chunk_id=119 url=https://thedeezat-asr-hearing-impaired-api.hf.space/audio forcedLanguage=english samples=40000 sr=16000 chunk_s=2.50 rms=0.01437
2026-05-22 08:08:02.911 [ASR] [ASR SEND ATTEMPT] id=asr-00119 lang=english sr=16000 samples=40000 chunk_s=2.50 rms=0.01437 speech_ratio=0.050 voiced_ratio=0.980 bytes=160000 url=https://thedeezat-asr-hearing-impaired-api.hf.space/audio
2026-05-22 08:08:03.242 [client] BUFFER ms=700 rms=0.002 peak=0.005
2026-05-22 08:08:03.557 [ASR] [ASR RESPONSE] id=asr-00119 status=200 error= body={"text": "", "infer_ms": 447.95, "total_ms": 470.79, "chunk_duration_s": 2.5, "speech_rms": 0.014339, "no_speech_prob": 0.161376953125, "avg_logprob": -0.3715820387005806, "compression_ratio": 0.5555555555555556}
2026-05-22 08:08:03.560 [ASR] asr-00119 diag text_len=0 infer_ms=447.95 total_ms=470.79 chunk_duration_s=2.5 payload_bytes=160000 posted_rms=0.014371 posted_samples=40000 pending_q=0 capture_gen_send=31
2026-05-22 08:08:03.561 [client] RAW text=''
2026-05-22 08:08:03.566 [ASR] asr-00119 empty response ignored (no append).
2026-05-22 08:08:04.278 [client] BUFFER ms=1760 rms=0.001 peak=0.004
2026-05-22 08:08:04.658 [client] MIC rms=0.002 peak=0.004 gain=8.00
2026-05-22 08:08:05.089 [ASR] Saved outgoing ASR chunk: asr_20260522_080805_082_00154_english.wav chunk_s=2.50 rms=0.01159
2026-05-22 08:08:05.091 [ASR] [ASR ENTER SEND] mode=english_or_auto forcedLanguage=english recording=True samples=40000 rms=0.01159
2026-05-22 08:08:05.093 [client] SEND lang=english chunk_s=2.50 rms=0.012 silence_ratio=0.51
2026-05-22 08:08:05.095 [ASR] [ASR POST ATTEMPT] chunk_id=120 url=https://thedeezat-asr-hearing-impaired-api.hf.space/audio forcedLanguage=english samples=40000 sr=16000 chunk_s=2.50 rms=0.01159
2026-05-22 08:08:05.097 [ASR] [ASR SEND ATTEMPT] id=asr-00120 lang=english sr=16000 samples=40000 chunk_s=2.50 rms=0.01159 speech_ratio=0.016 voiced_ratio=0.995 bytes=160000 url=https://thedeezat-asr-hearing-impaired-api.hf.space/audio
2026-05-22 08:08:05.302 [client] BUFFER ms=580 rms=0.001 peak=0.004
2026-05-22 08:08:05.466 [ASR] [ASR RESPONSE] id=asr-00120 status=200 error= body={"text": "", "infer_ms": 180.46, "total_ms": 194.16, "chunk_duration_s": 2.5, "speech_rms": 0.011563, "no_speech_prob": 0.9169921875, "avg_logprob": -0.877532958984375, "compression_ratio": 0.2727272727272727}
2026-05-22 08:08:05.469 [ASR] asr-00120 diag text_len=0 infer_ms=180.46 total_ms=194.16 chunk_duration_s=2.5 payload_bytes=160000 posted_rms=0.011591 posted_samples=40000 pending_q=0 capture_gen_send=31
2026-05-22 08:08:05.471 [client] RAW text=''
2026-05-22 08:08:05.474 [ASR] asr-00120 empty response ignored (no append).
2026-05-22 08:08:06.349 [client] BUFFER ms=1610 rms=0.002 peak=0.004
2026-05-22 08:08:06.681 [client] MIC rms=0.002 peak=0.005 gain=8.00
2026-05-22 08:08:07.268 [client] SEND rms=0.027 silence_ratio=0.47 peak=1.000
2026-05-22 08:08:07.286 [ASR] Saved outgoing ASR chunk: asr_20260522_080807_279_00155_english.wav chunk_s=2.50 rms=0.02718
2026-05-22 08:08:07.288 [ASR] [ASR ENTER SEND] mode=english_or_auto forcedLanguage=english recording=True samples=40000 rms=0.02718
2026-05-22 08:08:07.290 [client] SEND lang=english chunk_s=2.50 rms=0.027 silence_ratio=0.47
2026-05-22 08:08:07.291 [ASR] [ASR POST ATTEMPT] chunk_id=121 url=https://thedeezat-asr-hearing-impaired-api.hf.space/audio forcedLanguage=english samples=40000 sr=16000 chunk_s=2.50 rms=0.02718
2026-05-22 08:08:07.292 [ASR] [ASR SEND ATTEMPT] id=asr-00121 lang=english sr=16000 samples=40000 chunk_s=2.50 rms=0.02718 speech_ratio=0.050 voiced_ratio=0.980 bytes=160000 url=https://thedeezat-asr-hearing-impaired-api.hf.space/audio
2026-05-22 08:08:07.398 [client] BUFFER ms=460 rms=0.001 peak=0.004
2026-05-22 08:08:07.696 [ASR] [ASR RESPONSE] id=asr-00121 status=200 error= body={"text": "", "infer_ms": 178.92, "total_ms": 213.67, "chunk_duration_s": 0.585, "speech_rms": 0.051093, "no_speech_prob": 0.748046875, "avg_logprob": -0.88189697265625, "compression_ratio": 0.2727272727272727}
2026-05-22 08:08:07.699 [ASR] asr-00121 diag text_len=0 infer_ms=178.92 total_ms=213.67 chunk_duration_s=0.585 payload_bytes=160000 posted_rms=0.027184 posted_samples=40000 pending_q=0 capture_gen_send=31
2026-05-22 08:08:07.701 [client] RAW text=''
2026-05-22 08:08:07.705 [ASR] asr-00121 empty response ignored (no append).
2026-05-22 08:08:08.434 [client] BUFFER ms=1490 rms=0.003 peak=0.011
2026-05-22 08:08:08.682 [client] MIC rms=0.004 peak=0.011 gain=8.00
2026-05-22 08:08:09.453 [client] SEND rms=0.020 silence_ratio=0.34 peak=0.095
2026-05-22 08:08:09.474 [ASR] Saved outgoing ASR chunk: asr_20260522_080809_465_00156_english.wav chunk_s=2.50 rms=0.02011
2026-05-22 08:08:09.477 [ASR] [ASR ENTER SEND] mode=english_or_auto forcedLanguage=english recording=True samples=40000 rms=0.02011
2026-05-22 08:08:09.479 [client] SEND lang=english chunk_s=2.50 rms=0.020 silence_ratio=0.34
2026-05-22 08:08:09.481 [ASR] [ASR POST ATTEMPT] chunk_id=122 url=https://thedeezat-asr-hearing-impaired-api.hf.space/audio forcedLanguage=english samples=40000 sr=16000 chunk_s=2.50 rms=0.02011
2026-05-22 08:08:09.482 [ASR] [ASR SEND ATTEMPT] id=asr-00122 lang=english sr=16000 samples=40000 chunk_s=2.50 rms=0.02011 speech_ratio=0.151 voiced_ratio=0.990 bytes=160000 url=https://thedeezat-asr-hearing-impaired-api.hf.space/audio
2026-05-22 08:08:09.538 [client] BUFFER ms=380 rms=0.003 peak=0.010
2026-05-22 08:08:09.843 [ASR] [ASR RESPONSE] id=asr-00122 status=200 error= body={"text": "", "infer_ms": 180.47, "total_ms": 204.11, "chunk_duration_s": 2.5, "speech_rms": 0.020076, "no_speech_prob": 0.86865234375, "avg_logprob": -0.8359375, "compression_ratio": 0.2727272727272727}
2026-05-22 08:08:09.847 [ASR] asr-00122 diag text_len=0 infer_ms=180.47 total_ms=204.11 chunk_duration_s=2.5 payload_bytes=160000 posted_rms=0.020110 posted_samples=40000 pending_q=0 capture_gen_send=31
2026-05-22 08:08:09.865 [client] RAW text=''
2026-05-22 08:08:09.867 [ASR] asr-00122 empty response ignored (no append).
2026-05-22 08:08:09.869 [ASR] summary attempts=140 ok=114 fail=26 emptyText=81 inFlight=0
2026-05-22 08:08:10.587 [client] BUFFER ms=1420 rms=0.002 peak=0.006
2026-05-22 08:08:10.716 [client] MIC rms=0.003 peak=0.008 gain=8.00
2026-05-22 08:08:11.649 [client] BUFFER ms=2490 rms=0.002 peak=0.006
2026-05-22 08:08:11.764 [ASR] Saved outgoing ASR chunk: asr_20260522_080811_755_00157_english.wav chunk_s=2.50 rms=0.01992
2026-05-22 08:08:11.766 [ASR] [ASR ENTER SEND] mode=english_or_auto forcedLanguage=english recording=True samples=40000 rms=0.01992
2026-05-22 08:08:11.768 [client] SEND lang=english chunk_s=2.50 rms=0.020 silence_ratio=0.31
2026-05-22 08:08:11.770 [ASR] [ASR POST ATTEMPT] chunk_id=123 url=https://thedeezat-asr-hearing-impaired-api.hf.space/audio forcedLanguage=english samples=40000 sr=16000 chunk_s=2.50 rms=0.01992
2026-05-22 08:08:11.771 [ASR] [ASR SEND ATTEMPT] id=asr-00123 lang=english sr=16000 samples=40000 chunk_s=2.50 rms=0.01992 speech_ratio=0.160 voiced_ratio=0.995 bytes=160000 url=https://thedeezat-asr-hearing-impaired-api.hf.space/audio
2026-05-22 08:08:12.446 [ASR] [ASR RESPONSE] id=asr-00123 status=200 error= body={"text": "", "infer_ms": 449.85, "total_ms": 467.95, "chunk_duration_s": 2.5, "speech_rms": 0.019885, "no_speech_prob": 0.124267578125, "avg_logprob": -0.4448242038488388, "compression_ratio": 0.5555555555555556}
2026-05-22 08:08:12.449 [ASR] asr-00123 diag text_len=0 infer_ms=449.85 total_ms=467.95 chunk_duration_s=2.5 payload_bytes=160000 posted_rms=0.019919 posted_samples=40000 pending_q=0 capture_gen_send=31
2026-05-22 08:08:12.450 [client] RAW text=''
2026-05-22 08:08:12.452 [ASR] asr-00123 empty response ignored (no append).
2026-05-22 08:08:12.694 [client] BUFFER ms=1360 rms=0.002 peak=0.007
2026-05-22 08:08:12.759 [client] MIC rms=0.002 peak=0.005 gain=8.00
2026-05-22 08:08:13.693 [client] BUFFER ms=2370 rms=0.002 peak=0.008
2026-05-22 08:08:13.917 [ASR] Saved outgoing ASR chunk: asr_20260522_080813_909_00158_english.wav chunk_s=2.50 rms=0.01886
2026-05-22 08:08:13.919 [ASR] [ASR ENTER SEND] mode=english_or_auto forcedLanguage=english recording=True samples=40000 rms=0.01886
2026-05-22 08:08:13.921 [client] SEND lang=english chunk_s=2.50 rms=0.019 silence_ratio=0.35
2026-05-22 08:08:13.923 [ASR] [ASR POST ATTEMPT] chunk_id=124 url=https://thedeezat-asr-hearing-impaired-api.hf.space/audio forcedLanguage=english samples=40000 sr=16000 chunk_s=2.50 rms=0.01886
2026-05-22 08:08:13.925 [ASR] [ASR SEND ATTEMPT] id=asr-00124 lang=english sr=16000 samples=40000 chunk_s=2.50 rms=0.01886 speech_ratio=0.130 voiced_ratio=0.995 bytes=160000 url=https://thedeezat-asr-hearing-impaired-api.hf.space/audio
2026-05-22 08:08:14.554 [ASR] [ASR RESPONSE] id=asr-00124 status=200 error= body={"text": "", "infer_ms": 451.78, "total_ms": 471.79, "chunk_duration_s": 2.5, "speech_rms": 0.01883, "no_speech_prob": 0.1436767578125, "avg_logprob": -0.4831543117761612, "compression_ratio": 0.5555555555555556}
2026-05-22 08:08:14.558 [ASR] asr-00124 diag text_len=0 infer_ms=451.78 total_ms=471.79 chunk_duration_s=2.5 payload_bytes=160000 posted_rms=0.018856 posted_samples=40000 pending_q=0 capture_gen_send=31
2026-05-22 08:08:14.559 [client] RAW text=''
2026-05-22 08:08:14.562 [ASR] asr-00124 empty response ignored (no append).
2026-05-22 08:08:14.746 [client] BUFFER ms=1210 rms=0.002 peak=0.007
2026-05-22 08:08:14.810 [client] MIC rms=0.002 peak=0.006 gain=8.00
2026-05-22 08:08:15.790 [client] BUFFER ms=2260 rms=0.001 peak=0.004
2026-05-22 08:08:16.080 [ASR] Saved outgoing ASR chunk: asr_20260522_080816_072_00159_english.wav chunk_s=2.50 rms=0.01551
2026-05-22 08:08:16.082 [ASR] [ASR ENTER SEND] mode=english_or_auto forcedLanguage=english recording=True samples=40000 rms=0.01551
2026-05-22 08:08:16.084 [client] SEND lang=english chunk_s=2.50 rms=0.016 silence_ratio=0.40
2026-05-22 08:08:16.085 [ASR] [ASR POST ATTEMPT] chunk_id=125 url=https://thedeezat-asr-hearing-impaired-api.hf.space/audio forcedLanguage=english samples=40000 sr=16000 chunk_s=2.50 rms=0.01551
2026-05-22 08:08:16.087 [ASR] [ASR SEND ATTEMPT] id=asr-00125 lang=english sr=16000 samples=40000 chunk_s=2.50 rms=0.01551 speech_ratio=0.073 voiced_ratio=0.995 bytes=160000 url=https://thedeezat-asr-hearing-impaired-api.hf.space/audio
2026-05-22 08:08:16.739 [ASR] [ASR RESPONSE] id=asr-00125 status=200 error= body={"text": "", "infer_ms": 449.52, "total_ms": 473.04, "chunk_duration_s": 2.5, "speech_rms": 0.01548, "no_speech_prob": 0.1444091796875, "avg_logprob": -0.3928222507238388, "compression_ratio": 0.5555555555555556}
2026-05-22 08:08:16.743 [ASR] asr-00125 diag text_len=0 infer_ms=449.52 total_ms=473.04 chunk_duration_s=2.5 payload_bytes=160000 posted_rms=0.015515 posted_samples=40000 pending_q=0 capture_gen_send=31
2026-05-22 08:08:16.748 [client] RAW text=''
2026-05-22 08:08:16.750 [ASR] asr-00125 empty response ignored (no append).
2026-05-22 08:08:16.810 [client] BUFFER ms=1060 rms=0.001 peak=0.004
2026-05-22 08:08:16.812 [client] MIC rms=0.001 peak=0.004 gain=8.00
2026-05-22 08:08:17.830 [client] BUFFER ms=2100 rms=0.003 peak=0.012
2026-05-22 08:08:18.274 [client] SEND rms=0.023 silence_ratio=0.43 peak=0.192
2026-05-22 08:08:18.293 [ASR] Saved outgoing ASR chunk: asr_20260522_080818_285_00160_english.wav chunk_s=2.50 rms=0.02251
2026-05-22 08:08:18.296 [ASR] [ASR ENTER SEND] mode=english_or_auto forcedLanguage=english recording=True samples=40000 rms=0.02251
2026-05-22 08:08:18.298 [client] SEND lang=english chunk_s=2.50 rms=0.023 silence_ratio=0.43
2026-05-22 08:08:18.300 [ASR] [ASR POST ATTEMPT] chunk_id=126 url=https://thedeezat-asr-hearing-impaired-api.hf.space/audio forcedLanguage=english samples=40000 sr=16000 chunk_s=2.50 rms=0.02251
2026-05-22 08:08:18.301 [ASR] [ASR SEND ATTEMPT] id=asr-00126 lang=english sr=16000 samples=40000 chunk_s=2.50 rms=0.02251 speech_ratio=0.116 voiced_ratio=0.995 bytes=160000 url=https://thedeezat-asr-hearing-impaired-api.hf.space/audio
2026-05-22 08:08:18.675 [ASR] [ASR RESPONSE] id=asr-00126 status=200 error= body={"text": "", "infer_ms": 179.47, "total_ms": 212.17, "chunk_duration_s": 2.5, "speech_rms": 0.022423, "no_speech_prob": 0.84716796875, "avg_logprob": -0.883026123046875, "compression_ratio": 0.2727272727272727}
2026-05-22 08:08:18.679 [ASR] asr-00126 diag text_len=0 infer_ms=179.47 total_ms=212.17 chunk_duration_s=2.5 payload_bytes=160000 posted_rms=0.022509 posted_samples=40000 pending_q=0 capture_gen_send=31
2026-05-22 08:08:18.683 [client] RAW text=''
2026-05-22 08:08:18.685 [ASR] asr-00126 empty response ignored (no append).
2026-05-22 08:08:18.849 [client] BUFFER ms=920 rms=0.004 peak=0.011
2026-05-22 08:08:18.853 [client] MIC rms=0.004 peak=0.011 gain=8.00
2026-05-22 08:08:19.892 [client] BUFFER ms=1960 rms=0.002 peak=0.007
2026-05-22 08:08:20.496 [client] SEND rms=0.034 silence_ratio=0.34 peak=0.210
2026-05-22 08:08:20.516 [ASR] Saved outgoing ASR chunk: asr_20260522_080820_508_00161_english.wav chunk_s=2.50 rms=0.03378
2026-05-22 08:08:20.518 [ASR] [ASR ENTER SEND] mode=english_or_auto forcedLanguage=english recording=True samples=40000 rms=0.03378
2026-05-22 08:08:20.519 [client] SEND lang=english chunk_s=2.50 rms=0.034 silence_ratio=0.34
2026-05-22 08:08:20.521 [ASR] [ASR POST ATTEMPT] chunk_id=127 url=https://thedeezat-asr-hearing-impaired-api.hf.space/audio forcedLanguage=english samples=40000 sr=16000 chunk_s=2.50 rms=0.03378
2026-05-22 08:08:20.523 [ASR] [ASR SEND ATTEMPT] id=asr-00127 lang=english sr=16000 samples=40000 chunk_s=2.50 rms=0.03378 speech_ratio=0.236 voiced_ratio=0.985 bytes=160000 url=https://thedeezat-asr-hearing-impaired-api.hf.space/audio
2026-05-22 08:08:20.889 [ASR] [ASR RESPONSE] id=asr-00127 status=200 error= body={"text": "", "infer_ms": 178.74, "total_ms": 197.26, "chunk_duration_s": 2.5, "speech_rms": 0.033594, "no_speech_prob": 0.794921875, "avg_logprob": -0.7965087890625, "compression_ratio": 0.2727272727272727}
2026-05-22 08:08:20.892 [ASR] asr-00127 diag text_len=0 infer_ms=178.74 total_ms=197.26 chunk_duration_s=2.5 payload_bytes=160000 posted_rms=0.033778 posted_samples=40000 pending_q=0 capture_gen_send=31
2026-05-22 08:08:20.896 [client] RAW text=''
2026-05-22 08:08:20.898 [ASR] asr-00127 empty response ignored (no append).
2026-05-22 08:08:20.903 [client] BUFFER ms=770 rms=0.002 peak=0.004
2026-05-22 08:08:20.906 [client] MIC rms=0.002 peak=0.004 gain=8.00
2026-05-22 08:08:21.962 [client] BUFFER ms=1820 rms=0.003 peak=0.006
2026-05-22 08:08:22.700 [client] SEND rms=0.031 silence_ratio=0.38 peak=0.300
2026-05-22 08:08:22.719 [ASR] Saved outgoing ASR chunk: asr_20260522_080822_711_00162_english.wav chunk_s=2.50 rms=0.03071
2026-05-22 08:08:22.721 [ASR] [ASR ENTER SEND] mode=english_or_auto forcedLanguage=english recording=True samples=40000 rms=0.03071
2026-05-22 08:08:22.724 [client] SEND lang=english chunk_s=2.50 rms=0.031 silence_ratio=0.38
2026-05-22 08:08:22.727 [ASR] [ASR POST ATTEMPT] chunk_id=128 url=https://thedeezat-asr-hearing-impaired-api.hf.space/audio forcedLanguage=english samples=40000 sr=16000 chunk_s=2.50 rms=0.03071
2026-05-22 08:08:22.728 [ASR] [ASR SEND ATTEMPT] id=asr-00128 lang=english sr=16000 samples=40000 chunk_s=2.50 rms=0.03071 speech_ratio=0.151 voiced_ratio=0.990 bytes=160000 url=https://thedeezat-asr-hearing-impaired-api.hf.space/audio
2026-05-22 08:08:22.955 [client] MIC rms=0.003 peak=0.009 gain=8.00
2026-05-22 08:08:23.013 [client] BUFFER ms=700 rms=0.003 peak=0.008
2026-05-22 08:08:23.195 [ASR] [ASR RESPONSE] id=asr-00128 status=200 error= body={"text": "", "infer_ms": 179.59, "total_ms": 221.15, "chunk_duration_s": 2.5, "speech_rms": 0.03055, "no_speech_prob": 0.85498046875, "avg_logprob": -0.802886962890625, "compression_ratio": 0.2727272727272727}
2026-05-22 08:08:23.198 [ASR] asr-00128 HTTP 200 chunk #120 resp: {"text": "", "infer_ms": 179.59, "total_ms": 221.15, "chunk_duration_s": 2.5, "speech_rms": 0.03055, "no_speech_prob": 0.85498046875, "avg_logprob": -0.80288696…
2026-05-22 08:08:23.202 [ASR] asr-00128 diag text_len=0 infer_ms=179.59 total_ms=221.15 chunk_duration_s=2.5 payload_bytes=160000 posted_rms=0.030710 posted_samples=40000 pending_q=0 capture_gen_send=31
2026-05-22 08:08:23.204 [client] RAW text=''
2026-05-22 08:08:23.205 [ASR] asr-00128 empty response ignored (no append).
2026-05-22 08:08:24.062 [client] BUFFER ms=1720 rms=0.004 peak=0.010
2026-05-22 08:08:24.898 [client] SEND rms=0.033 silence_ratio=0.32 peak=1.000
2026-05-22 08:08:24.952 [ASR] Saved outgoing ASR chunk: asr_20260522_080824_939_00163_english.wav chunk_s=2.50 rms=0.03272
2026-05-22 08:08:24.955 [ASR] [ASR ENTER SEND] mode=english_or_auto forcedLanguage=english recording=True samples=40000 rms=0.03272
2026-05-22 08:08:24.958 [client] SEND lang=english chunk_s=2.50 rms=0.033 silence_ratio=0.32
2026-05-22 08:08:24.960 [ASR] [ASR POST ATTEMPT] chunk_id=129 url=https://thedeezat-asr-hearing-impaired-api.hf.space/audio forcedLanguage=english samples=40000 sr=16000 chunk_s=2.50 rms=0.03272
2026-05-22 08:08:24.963 [ASR] [ASR SEND ATTEMPT] id=asr-00129 lang=english sr=16000 samples=40000 chunk_s=2.50 rms=0.03272 speech_ratio=0.190 voiced_ratio=0.960 bytes=160000 url=https://thedeezat-asr-hearing-impaired-api.hf.space/audio
2026-05-22 08:08:25.021 [client] MIC rms=0.002 peak=0.007 gain=5.59
2026-05-22 08:08:25.080 [client] BUFFER ms=540 rms=0.003 peak=0.012
2026-05-22 08:08:25.397 [ASR] [ASR RESPONSE] id=asr-00129 status=200 error= body={"text": "", "infer_ms": 195.04, "total_ms": 226.71, "chunk_duration_s": 2.5, "speech_rms": 0.032418, "no_speech_prob": 0.732421875, "avg_logprob": -0.6121044158935547, "compression_ratio": 0.5555555555555556}
2026-05-22 08:08:25.400 [ASR] asr-00129 diag text_len=0 infer_ms=195.04 total_ms=226.71 chunk_duration_s=2.5 payload_bytes=160000 posted_rms=0.032719 posted_samples=40000 pending_q=0 capture_gen_send=31
2026-05-22 08:08:25.402 [client] RAW text=''
2026-05-22 08:08:25.404 [ASR] asr-00129 empty response ignored (no append).
2026-05-22 08:08:26.098 [client] BUFFER ms=1570 rms=0.002 peak=0.006
2026-05-22 08:08:27.082 [client] MIC rms=0.002 peak=0.008 gain=5.59
2026-05-22 08:08:27.202 [ASR] Saved outgoing ASR chunk: asr_20260522_080827_188_00164_english.wav chunk_s=2.50 rms=0.01997
2026-05-22 08:08:27.206 [ASR] [ASR ENTER SEND] mode=english_or_auto forcedLanguage=english recording=True samples=40000 rms=0.01997
2026-05-22 08:08:27.209 [client] SEND lang=english chunk_s=2.50 rms=0.020 silence_ratio=0.36
2026-05-22 08:08:27.211 [ASR] [ASR POST ATTEMPT] chunk_id=130 url=https://thedeezat-asr-hearing-impaired-api.hf.space/audio forcedLanguage=english samples=40000 sr=16000 chunk_s=2.50 rms=0.01997
2026-05-22 08:08:27.213 [ASR] [ASR SEND ATTEMPT] id=asr-00130 lang=english sr=16000 samples=40000 chunk_s=2.50 rms=0.01997 speech_ratio=0.117 voiced_ratio=0.980 bytes=160000 url=https://thedeezat-asr-hearing-impaired-api.hf.space/audio
2026-05-22 08:08:27.298 [client] BUFFER ms=570 rms=0.002 peak=0.007
2026-05-22 08:08:27.648 [ASR] [ASR RESPONSE] id=asr-00130 status=200 error= body={"text": "", "infer_ms": 180.97, "total_ms": 218.11, "chunk_duration_s": 2.5, "speech_rms": 0.019931, "no_speech_prob": 0.83349609375, "avg_logprob": -0.843719482421875, "compression_ratio": 0.2727272727272727}
2026-05-22 08:08:27.654 [ASR] asr-00130 diag text_len=0 infer_ms=180.97 total_ms=218.11 chunk_duration_s=2.5 payload_bytes=160000 posted_rms=0.019966 posted_samples=40000 pending_q=0 capture_gen_send=31
2026-05-22 08:08:27.655 [client] RAW text=''
2026-05-22 08:08:27.658 [ASR] asr-00130 empty response ignored (no append).
2026-05-22 08:08:28.335 [client] BUFFER ms=1580 rms=0.002 peak=0.005
2026-05-22 08:08:28.879 [client] CLEAR reason=language_mode_change
2026-05-22 08:08:28.885 [ASR] Microphone capture stopped.
2026-05-22 08:08:28.891 [client] CLEAR reason=language_mode_change
2026-05-22 08:08:28.896 [ASR] Detected microphone devices: 0:Internal Microphone Array (Mixed Reality Audio Driver)
2026-05-22 08:08:28.898 [ASR] Using default microphone index 0: Internal Microphone Array (Mixed Reality Audio Driver)
2026-05-22 08:08:28.901 [ASR] Debug file logging enabled: U:/Users/ahmed.teca.kanadji911@stu.khas.edu.tr/AppData/Local/Packages/BootstrapNMT_pzq3xp76mxafg/LocalState\asr_debug.log
2026-05-22 08:08:28.903 [ASR] Microphone.Start device='Internal Microphone Array (Mixed Reality Audio Driver)' requestHz=16000 clipLen=30s
2026-05-22 08:08:28.947 [client] CLEAR reason=capture
2026-05-22 08:08:28.950 [ASR] GET https://thedeezat-asr-hearing-impaired-api.hf.space/health
2026-05-22 08:08:28.953 [ASR] Mic recording OK. clipHz=16000 → API float32 @16000Hz (matches X-Sample-Rate).
2026-05-22 08:08:28.957 [client] BUFFER ms=0 rms=0.000 peak=0.000
2026-05-22 08:08:28.960 [client] MIC rms=0.000 peak=0.000 gain=8.00
2026-05-22 08:08:28.963 [ASR] Capture waiting for IsRecording…
2026-05-22 08:08:29.138 [ASR] /health OK: {"ok":true,"model_id_primary":"Thedeezat/ASR-Hearing-Impaired","model_id_fallback":"Thedeezat/ASR-Hearing-Impaired"}
2026-05-22 08:08:29.984 [client] BUFFER ms=1020 rms=0.002 peak=0.008
2026-05-22 08:08:31.001 [client] BUFFER ms=2020 rms=0.030 peak=0.068
2026-05-22 08:08:31.006 [client] MIC rms=0.030 peak=0.068 gain=8.00
2026-05-22 08:08:31.544 [client] SEND rms=0.028 silence_ratio=0.77 peak=0.179
2026-05-22 08:08:31.562 [ASR] Saved outgoing ASR chunk: asr_20260522_080831_555_00165_italian.wav chunk_s=2.50 rms=0.02800
2026-05-22 08:08:31.563 [ASR] POST /audio first chunk: 160000 bytes (40000 float32 LE mono)
2026-05-22 08:08:31.564 [ASR] [ASR ENTER SEND] mode=italian forcedLanguage=italian recording=True samples=40000 rms=0.02800
2026-05-22 08:08:31.567 [client] SEND lang=italian chunk_s=2.50 rms=0.028 silence_ratio=0.77
2026-05-22 08:08:31.568 [ASR] [ASR POST ATTEMPT] chunk_id=1 url=https://thedeezat-asr-hearing-impaired-api.hf.space/audio forcedLanguage=italian samples=40000 sr=16000 chunk_s=2.50 rms=0.02800
2026-05-22 08:08:31.569 [ASR] [ASR SEND ATTEMPT] id=asr-00001 lang=italian sr=16000 samples=40000 chunk_s=2.50 rms=0.02800 speech_ratio=0.125 voiced_ratio=1.000 bytes=160000 url=https://thedeezat-asr-hearing-impaired-api.hf.space/audio
2026-05-22 08:08:32.052 [client] BUFFER ms=880 rms=0.002 peak=0.004
2026-05-22 08:08:33.041 [client] MIC rms=0.002 peak=0.007 gain=1.69
2026-05-22 08:08:33.098 [client] BUFFER ms=1940 rms=0.002 peak=0.005
2026-05-22 08:08:33.375 [ASR] [ASR RESPONSE] id=asr-00001 status=200 error= body={"text": "BUONGIORNO.", "infer_ms": 1160.71, "total_ms": 1469.59, "chunk_duration_s": 0.8, "speech_rms": 0.068619, "no_speech_prob": null, "avg_logprob": null, "compression_ratio": 1.375}
2026-05-22 08:08:33.377 [ASR] asr-00001 HTTP 200 chunk #1 resp: {"text": "BUONGIORNO.", "infer_ms": 1160.71, "total_ms": 1469.59, "chunk_duration_s": 0.8, "speech_rms": 0.068619, "no_speech_prob": null, "avg_logprob": null, …
2026-05-22 08:08:33.379 [ASR] asr-00001 diag text_len=11 infer_ms=1160.71 total_ms=1469.59 chunk_duration_s=0.8 payload_bytes=160000 posted_rms=0.028000 posted_samples=40000 pending_q=0 capture_gen_send=32
2026-05-22 08:08:33.382 [client] RAW text='BUONGIORNO.'
2026-05-22 08:08:33.384 [client] MERGE old='' new='Buongiorno.' merged='Buongiorno.'
2026-05-22 08:08:33.385 [client] DISPLAY text='Buongiorno.'
2026-05-22 08:08:33.675 [client] CLEAR reason=phrase_finalized_for_nmt
2026-05-22 08:08:33.680 [client] FINALIZE urgent=True age=0.28s ends_punct=True text='Buongiorno.'
2026-05-22 08:08:33.715 [client] SEND rms=0.028 silence_ratio=0.80 peak=0.207
2026-05-22 08:08:33.735 [ASR] Saved outgoing ASR chunk: asr_20260522_080833_727_00166_italian.wav chunk_s=2.50 rms=0.02800
2026-05-22 08:08:33.737 [ASR] [ASR ENTER SEND] mode=italian forcedLanguage=italian recording=True samples=40000 rms=0.02800
2026-05-22 08:08:33.739 [client] SEND lang=italian chunk_s=2.50 rms=0.028 silence_ratio=0.80
2026-05-22 08:08:33.741 [ASR] [ASR POST ATTEMPT] chunk_id=2 url=https://thedeezat-asr-hearing-impaired-api.hf.space/audio forcedLanguage=italian samples=40000 sr=16000 chunk_s=2.50 rms=0.02800
2026-05-22 08:08:33.742 [ASR] [ASR SEND ATTEMPT] id=asr-00002 lang=italian sr=16000 samples=40000 chunk_s=2.50 rms=0.02800 speech_ratio=0.097 voiced_ratio=0.990 bytes=160000 url=https://thedeezat-asr-hearing-impaired-api.hf.space/audio
2026-05-22 08:08:33.799 [nmt] SENTENCE italian_mode=True translation_en=False translation_it=True text='Buongiorno.'
2026-05-22 08:08:33.802 [nmt] ENQUEUE q=1 in_flight=False translation_on=False italian_mode=True text='Buongiorno.'
2026-05-22 08:08:33.804 [nmt] START italian_mode=True text='Buongiorno.'
2026-05-22 08:08:34.027 [nmt] RESULT have_resp=True src='Buongiorno.' tgt='Buongiorno.'
2026-05-22 08:08:34.030 [nmt] DISPLAY hold_s=4.0 q_after=0
2026-05-22 08:08:34.141 [client] BUFFER ms=780 rms=0.003 peak=0.012
2026-05-22 08:08:35.090 [client] MIC rms=0.002 peak=0.008 gain=2.06
2026-05-22 08:08:35.153 [client] BUFFER ms=1780 rms=0.002 peak=0.006
2026-05-22 08:08:35.854 [ASR] [ASR RESPONSE] id=asr-00002 status=200 error= body={"text": "", "infer_ms": 920.5, "total_ms": 1337.8, "chunk_duration_s": 0.615, "speech_rms": 0.085117, "no_speech_prob": null, "avg_logprob": null, "compression_ratio": 1.375}
2026-05-22 08:08:35.857 [ASR] asr-00002 HTTP 200 chunk #2 resp: {"text": "", "infer_ms": 920.5, "total_ms": 1337.8, "chunk_duration_s": 0.615, "speech_rms": 0.085117, "no_speech_prob": null, "avg_logprob": null, "compression…
2026-05-22 08:08:35.860 [ASR] asr-00002 diag text_len=0 infer_ms=920.5 total_ms=1337.8 chunk_duration_s=0.615 payload_bytes=160000 posted_rms=0.028000 posted_samples=40000 pending_q=0 capture_gen_send=32
2026-05-22 08:08:35.862 [client] RAW text=''
2026-05-22 08:08:35.864 [ASR] asr-00002 empty response ignored (no append).
2026-05-22 08:08:35.902 [client] DROP_SILENCE silence_ratio=0.81 rms=0.007 peak=0.053
2026-05-22 08:08:36.202 [client] BUFFER ms=620 rms=0.002 peak=0.006
2026-05-22 08:08:37.093 [client] MIC rms=0.002 peak=0.009 gain=3.25
2026-05-22 08:08:37.217 [client] BUFFER ms=1650 rms=0.016 peak=0.061
2026-05-22 08:08:38.133 [client] SEND rms=0.028 silence_ratio=0.74 peak=0.244
2026-05-22 08:08:38.152 [ASR] Saved outgoing ASR chunk: asr_20260522_080838_144_00167_italian.wav chunk_s=2.50 rms=0.02800
2026-05-22 08:08:38.154 [ASR] [ASR ENTER SEND] mode=italian forcedLanguage=italian recording=True samples=40000 rms=0.02800
2026-05-22 08:08:38.156 [client] SEND lang=italian chunk_s=2.50 rms=0.028 silence_ratio=0.74
2026-05-22 08:08:38.158 [ASR] [ASR POST ATTEMPT] chunk_id=3 url=https://thedeezat-asr-hearing-impaired-api.hf.space/audio forcedLanguage=italian samples=40000 sr=16000 chunk_s=2.50 rms=0.02800
2026-05-22 08:08:38.159 [ASR] [ASR SEND ATTEMPT] id=asr-00003 lang=italian sr=16000 samples=40000 chunk_s=2.50 rms=0.02800 speech_ratio=0.110 voiced_ratio=0.995 bytes=160000 url=https://thedeezat-asr-hearing-impaired-api.hf.space/audio
2026-05-22 08:08:38.275 [client] BUFFER ms=490 rms=0.027 peak=0.083
2026-05-22 08:08:39.138 [client] MIC rms=0.002 peak=0.005 gain=1.88
2026-05-22 08:08:39.307 [client] BUFFER ms=1540 rms=0.002 peak=0.006
2026-05-22 08:08:39.477 [ASR] [ASR RESPONSE] id=asr-00003 status=200 error= body={"text": "COME STAI, MI FRATELLO?", "infer_ms": 981.7, "total_ms": 1128.54, "chunk_duration_s": 0.97, "speech_rms": 0.075792, "no_speech_prob": null, "avg_logprob": null, "compression_ratio": 1.6428571428571428}
2026-05-22 08:08:39.480 [ASR] asr-00003 HTTP 200 chunk #3 resp: {"text": "COME STAI, MI FRATELLO?", "infer_ms": 981.7, "total_ms": 1128.54, "chunk_duration_s": 0.97, "speech_rms": 0.075792, "no_speech_prob": null, "avg_logpr…
2026-05-22 08:08:39.484 [ASR] asr-00003 diag text_len=23 infer_ms=981.7 total_ms=1128.54 chunk_duration_s=0.97 payload_bytes=160000 posted_rms=0.028000 posted_samples=40000 pending_q=0 capture_gen_send=32
2026-05-22 08:08:39.487 [client] RAW text='COME STAI, MI FRATELLO?'
2026-05-22 08:08:39.489 [client] MERGE old='' new='Come stai, mi fratello?' merged='Come stai, mi fratello?'
2026-05-22 08:08:39.491 [client] DISPLAY text='Come stai, mi fratello?'
2026-05-22 08:08:39.809 [client] CLEAR reason=phrase_finalized_for_nmt
2026-05-22 08:08:39.811 [client] FINALIZE urgent=True age=0.31s ends_punct=True text='Come stai, mi fratello?'
2026-05-22 08:08:39.861 [nmt] SENTENCE italian_mode=True translation_en=False translation_it=True text='Come stai, mi fratello?'
2026-05-22 08:08:39.864 [nmt] ENQUEUE q=1 in_flight=False translation_on=False italian_mode=True text='Come stai, mi fratello?'
2026-05-22 08:08:39.866 [nmt] START italian_mode=True text='Come stai, mi fratello?'
2026-05-22 08:08:40.029 [nmt] RESULT have_resp=True src='Come stai, mi fratello?' tgt='Come stai, mi fratello?'
2026-05-22 08:08:40.032 [nmt] DISPLAY hold_s=4.0 q_after=0
2026-05-22 08:08:40.302 [client] SEND rms=0.028 silence_ratio=0.72 peak=0.272
2026-05-22 08:08:40.323 [ASR] Saved outgoing ASR chunk: asr_20260522_080840_315_00168_italian.wav chunk_s=2.50 rms=0.02800
2026-05-22 08:08:40.326 [ASR] [ASR ENTER SEND] mode=italian forcedLanguage=italian recording=True samples=40000 rms=0.02800
2026-05-22 08:08:40.328 [client] SEND lang=italian chunk_s=2.50 rms=0.028 silence_ratio=0.72
2026-05-22 08:08:40.330 [ASR] [ASR POST ATTEMPT] chunk_id=4 url=https://thedeezat-asr-hearing-impaired-api.hf.space/audio forcedLanguage=italian samples=40000 sr=16000 chunk_s=2.50 rms=0.02800
2026-05-22 08:08:40.332 [ASR] [ASR SEND ATTEMPT] id=asr-00004 lang=italian sr=16000 samples=40000 chunk_s=2.50 rms=0.02800 speech_ratio=0.100 voiced_ratio=1.000 bytes=160000 url=https://thedeezat-asr-hearing-impaired-api.hf.space/audio
2026-05-22 08:08:40.386 [client] BUFFER ms=400 rms=0.002 peak=0.006
2026-05-22 08:08:41.165 [client] MIC rms=0.002 peak=0.006 gain=2.58
2026-05-22 08:08:41.398 [client] BUFFER ms=1410 rms=0.001 peak=0.004
2026-05-22 08:08:41.450 [ASR] [ASR RESPONSE] id=asr-00004 status=200 error= body={"text": "", "infer_ms": 888.89, "total_ms": 921.08, "chunk_duration_s": 1.845, "speech_rms": 0.06332, "no_speech_prob": null, "avg_logprob": null, "compression_ratio": 1.1428571428571428}
2026-05-22 08:08:41.453 [ASR] asr-00004 diag text_len=0 infer_ms=888.89 total_ms=921.08 chunk_duration_s=1.845 payload_bytes=160000 posted_rms=0.028000 posted_samples=40000 pending_q=0 capture_gen_send=32
2026-05-22 08:08:41.456 [client] RAW text=''
2026-05-22 08:08:41.458 [ASR] asr-00004 empty response ignored (no append).
2026-05-22 08:08:42.398 [client] BUFFER ms=2420 rms=0.004 peak=0.015
2026-05-22 08:08:42.491 [client] DROP_SILENCE silence_ratio=0.84 rms=0.007 peak=0.057
2026-05-22 08:08:43.225 [client] MIC rms=0.002 peak=0.006 gain=3.25
2026-05-22 08:08:43.443 [client] BUFFER ms=1260 rms=0.038 peak=0.090
2026-05-22 08:08:44.491 [client] BUFFER ms=2300 rms=0.002 peak=0.006
2026-05-22 08:08:44.775 [client] SEND rms=0.028 silence_ratio=0.68 peak=0.272
2026-05-22 08:08:44.833 [ASR] Saved outgoing ASR chunk: asr_20260522_080844_826_00169_italian.wav chunk_s=2.50 rms=0.02800
2026-05-22 08:08:44.836 [ASR] [ASR ENTER SEND] mode=italian forcedLanguage=italian recording=True samples=40000 rms=0.02800
2026-05-22 08:08:44.838 [client] SEND lang=italian chunk_s=2.50 rms=0.028 silence_ratio=0.68
2026-05-22 08:08:44.843 [ASR] [ASR POST ATTEMPT] chunk_id=5 url=https://thedeezat-asr-hearing-impaired-api.hf.space/audio forcedLanguage=italian samples=40000 sr=16000 chunk_s=2.50 rms=0.02800
2026-05-22 08:08:44.846 [ASR] [ASR SEND ATTEMPT] id=asr-00005 lang=italian sr=16000 samples=40000 chunk_s=2.50 rms=0.02800 speech_ratio=0.074 voiced_ratio=0.995 bytes=160000 url=https://thedeezat-asr-hearing-impaired-api.hf.space/audio
2026-05-22 08:08:45.267 [client] MIC rms=0.002 peak=0.006 gain=2.96
2026-05-22 08:08:45.493 [client] BUFFER ms=1120 rms=0.002 peak=0.006
2026-05-22 08:08:45.953 [ASR] [ASR RESPONSE] id=asr-00005 status=200 error= body={"text": "CAZZO.", "infer_ms": 895.88, "total_ms": 920.37, "chunk_duration_s": 2.155, "speech_rms": 0.057148, "no_speech_prob": null, "avg_logprob": null, "compression_ratio": 1.2}
2026-05-22 08:08:45.960 [ASR] asr-00005 diag text_len=6 infer_ms=895.88 total_ms=920.37 chunk_duration_s=2.155 payload_bytes=160000 posted_rms=0.028000 posted_samples=40000 pending_q=0 capture_gen_send=32
2026-05-22 08:08:45.962 [client] RAW text='CAZZO.'
2026-05-22 08:08:45.963 [client] MERGE old='' new='Cazzo.' merged='Cazzo.'
2026-05-22 08:08:45.966 [client] DISPLAY text='Cazzo.'
2026-05-22 08:08:46.263 [client] CLEAR reason=phrase_finalized_for_nmt
2026-05-22 08:08:46.267 [client] FINALIZE urgent=True age=0.29s ends_punct=True text='Cazzo.'
2026-05-22 08:08:46.333 [nmt] SENTENCE italian_mode=True translation_en=False translation_it=True text='Cazzo.'
2026-05-22 08:08:46.337 [nmt] ENQUEUE q=1 in_flight=False translation_on=False italian_mode=True text='Cazzo.'
2026-05-22 08:08:46.340 [nmt] START italian_mode=True text='Cazzo.'
2026-05-22 08:08:46.519 [nmt] RESULT have_resp=True src='Cazzo.' tgt='Cazzo.'
2026-05-22 08:08:46.522 [nmt] DISPLAY hold_s=4.0 q_after=0
2026-05-22 08:08:46.525 [client] BUFFER ms=2140 rms=0.002 peak=0.007
2026-05-22 08:08:46.915 [client] DROP_SILENCE silence_ratio=0.77 rms=0.008 peak=0.052
2026-05-22 08:08:47.279 [client] MIC rms=0.002 peak=0.007 gain=3.25
2026-05-22 08:08:47.561 [client] BUFFER ms=970 rms=0.003 peak=0.008
2026-05-22 08:08:48.578 [client] BUFFER ms=1980 rms=0.002 peak=0.007
2026-05-22 08:08:49.152 [client] DROP_SILENCE silence_ratio=0.77 rms=0.008 peak=0.064
2026-05-22 08:08:49.330 [client] MIC rms=0.003 peak=0.008 gain=3.25
2026-05-22 08:08:49.610 [client] BUFFER ms=830 rms=0.003 peak=0.008
2026-05-22 08:08:50.643 [client] BUFFER ms=1870 rms=0.005 peak=0.018
2026-05-22 08:08:51.371 [ASR] Saved outgoing ASR chunk: asr_20260522_080851_362_00170_italian.wav chunk_s=2.50 rms=0.01462
2026-05-22 08:08:51.373 [ASR] [ASR ENTER SEND] mode=italian forcedLanguage=italian recording=True samples=40000 rms=0.01462
2026-05-22 08:08:51.377 [client] SEND lang=italian chunk_s=2.50 rms=0.015 silence_ratio=0.61
2026-05-22 08:08:51.379 [ASR] [ASR POST ATTEMPT] chunk_id=6 url=https://thedeezat-asr-hearing-impaired-api.hf.space/audio forcedLanguage=italian samples=40000 sr=16000 chunk_s=2.50 rms=0.01462
2026-05-22 08:08:51.381 [ASR] [ASR SEND ATTEMPT] id=asr-00006 lang=italian sr=16000 samples=40000 chunk_s=2.50 rms=0.01462 speech_ratio=0.030 voiced_ratio=0.995 bytes=160000 url=https://thedeezat-asr-hearing-impaired-api.hf.space/audio
2026-05-22 08:08:51.442 [client] MIC rms=0.005 peak=0.015 gain=3.25
2026-05-22 08:08:51.656 [client] BUFFER ms=700 rms=0.003 peak=0.009
2026-05-22 08:08:52.534 [ASR] [ASR RESPONSE] id=asr-00006 status=200 error= body={"text": "S\u00cc, OK.", "infer_ms": 928.39, "total_ms": 958.39, "chunk_duration_s": 2.5, "speech_rms": 0.02523, "no_speech_prob": null, "avg_logprob": null, "compression_ratio": 1.0}
2026-05-22 08:08:52.537 [ASR] asr-00006 diag text_len=7 infer_ms=928.39 total_ms=958.39 chunk_duration_s=2.5 payload_bytes=160000 posted_rms=0.014620 posted_samples=40000 pending_q=0 capture_gen_send=32
2026-05-22 08:08:52.538 [client] RAW text='SÌ, OK.'
2026-05-22 08:08:52.541 [client] MERGE old='' new='Sì, ok.' merged='Sì, ok.'
2026-05-22 08:08:52.543 [client] DISPLAY text='Sì, ok.'
2026-05-22 08:08:52.717 [client] BUFFER ms=1740 rms=0.002 peak=0.009
2026-05-22 08:08:52.842 [client] CLEAR reason=phrase_finalized_for_nmt
2026-05-22 08:08:52.845 [client] FINALIZE urgent=True age=0.29s ends_punct=True text='Sì, ok.'
2026-05-22 08:08:52.905 [nmt] SENTENCE italian_mode=True translation_en=False translation_it=True text='Sì, ok.'
2026-05-22 08:08:52.909 [nmt] ENQUEUE q=1 in_flight=False translation_on=False italian_mode=True text='Sì, ok.'
2026-05-22 08:08:52.911 [nmt] START italian_mode=True text='Sì, ok.'
2026-05-22 08:08:53.092 [nmt] RESULT have_resp=True src='Sì, ok.' tgt='Sì, ok.'
2026-05-22 08:08:53.096 [nmt] DISPLAY hold_s=4.0 q_after=0
2026-05-22 08:08:53.501 [client] MIC rms=0.002 peak=0.008 gain=3.25
2026-05-22 08:08:53.566 [ASR] Saved outgoing ASR chunk: asr_20260522_080853_550_00171_italian.wav chunk_s=2.50 rms=0.01168
2026-05-22 08:08:53.568 [ASR] [ASR ENTER SEND] mode=italian forcedLanguage=italian recording=True samples=40000 rms=0.01168
2026-05-22 08:08:53.570 [client] SEND lang=italian chunk_s=2.50 rms=0.012 silence_ratio=0.70
2026-05-22 08:08:53.572 [ASR] [ASR POST ATTEMPT] chunk_id=7 url=https://thedeezat-asr-hearing-impaired-api.hf.space/audio forcedLanguage=italian samples=40000 sr=16000 chunk_s=2.50 rms=0.01168
2026-05-22 08:08:53.574 [ASR] [ASR SEND ATTEMPT] id=asr-00007 lang=italian sr=16000 samples=40000 chunk_s=2.50 rms=0.01168 speech_ratio=0.013 voiced_ratio=0.970 bytes=160000 url=https://thedeezat-asr-hearing-impaired-api.hf.space/audio
2026-05-22 08:08:53.767 [client] BUFFER ms=580 rms=0.002 peak=0.006
2026-05-22 08:08:54.670 [ASR] [ASR RESPONSE] id=asr-00007 status=200 error= body={"text": "", "infer_ms": 884.01, "total_ms": 908.7, "chunk_duration_s": 2.445, "speech_rms": 0.019167, "no_speech_prob": null, "avg_logprob": null, "compression_ratio": 1.0}
2026-05-22 08:08:54.675 [ASR] asr-00007 diag text_len=0 infer_ms=884.01 total_ms=908.7 chunk_duration_s=2.445 payload_bytes=160000 posted_rms=0.011679 posted_samples=40000 pending_q=0 capture_gen_send=32
2026-05-22 08:08:54.677 [client] RAW text=''
2026-05-22 08:08:54.679 [ASR] asr-00007 empty response ignored (no append).
2026-05-22 08:08:54.822 [client] BUFFER ms=1650 rms=0.002 peak=0.007
2026-05-22 08:08:55.514 [client] MIC rms=0.002 peak=0.009 gain=3.25
2026-05-22 08:08:55.731 [client] DROP_SILENCE silence_ratio=0.79 rms=0.007 peak=0.057
2026-05-22 08:08:55.851 [client] BUFFER ms=460 rms=0.002 peak=0.007
2026-05-22 08:08:56.858 [client] BUFFER ms=1500 rms=0.002 peak=0.006
2026-05-22 08:08:57.533 [client] MIC rms=0.002 peak=0.007 gain=3.25
2026-05-22 08:08:57.916 [client] BUFFER ms=2540 rms=0.002 peak=0.006
2026-05-22 08:08:57.954 [client] DROP_SILENCE silence_ratio=0.79 rms=0.008 peak=0.076
2026-05-22 08:08:58.952 [client] BUFFER ms=1380 rms=0.002 peak=0.004
2026-05-22 08:08:59.560 [client] MIC rms=0.003 peak=0.009 gain=3.25
2026-05-22 08:08:59.971 [client] BUFFER ms=2370 rms=0.002 peak=0.005
2026-05-22 08:09:00.132 [client] DROP_SILENCE silence_ratio=0.83 rms=0.007 peak=0.076
2026-05-22 08:09:00.978 [client] BUFFER ms=1210 rms=0.002 peak=0.005
2026-05-22 08:09:01.616 [client] MIC rms=0.004 peak=0.015 gain=3.25
2026-05-22 08:09:02.021 [client] BUFFER ms=2250 rms=0.002 peak=0.005
2026-05-22 08:09:02.298 [client] DROP_SILENCE silence_ratio=0.87 rms=0.006 peak=0.051
2026-05-22 08:09:03.080 [client] BUFFER ms=1100 rms=0.003 peak=0.010
2026-05-22 08:09:03.633 [client] MIC rms=0.002 peak=0.007 gain=3.25
2026-05-22 08:09:04.154 [client] BUFFER ms=2180 rms=0.002 peak=0.006
2026-05-22 08:09:04.536 [client] DROP_SILENCE silence_ratio=0.80 rms=0.007 peak=0.067
2026-05-22 08:09:05.177 [client] BUFFER ms=1020 rms=0.004 peak=0.010
2026-05-22 08:09:05.643 [client] MIC rms=0.002 peak=0.004 gain=3.25
2026-05-22 08:09:06.201 [client] BUFFER ms=2020 rms=0.002 peak=0.005
2026-05-22 08:09:06.749 [client] DROP_SILENCE silence_ratio=0.80 rms=0.008 peak=0.051
2026-05-22 08:09:07.255 [client] BUFFER ms=880 rms=0.002 peak=0.005
2026-05-22 08:09:07.666 [client] MIC rms=0.002 peak=0.006 gain=3.25
2026-05-22 08:09:08.290 [client] BUFFER ms=1920 rms=0.002 peak=0.005
2026-05-22 08:09:08.964 [client] DROP_SILENCE silence_ratio=0.82 rms=0.007 peak=0.060
2026-05-22 08:09:09.328 [client] BUFFER ms=730 rms=0.002 peak=0.006
2026-05-22 08:09:09.710 [client] MIC rms=0.002 peak=0.008 gain=3.25
2026-05-22 08:09:10.375 [client] BUFFER ms=1800 rms=0.002 peak=0.009
2026-05-22 08:09:11.109 [client] DROP_SILENCE silence_ratio=0.82 rms=0.007 peak=0.045
2026-05-22 08:09:11.392 [client] BUFFER ms=620 rms=0.002 peak=0.004
2026-05-22 08:09:11.780 [client] MIC rms=0.003 peak=0.008 gain=3.25
2026-05-22 08:09:12.452 [client] BUFFER ms=1650 rms=0.007 peak=0.018
2026-05-22 08:09:13.358 [client] DROP_SILENCE silence_ratio=0.84 rms=0.007 peak=0.049
2026-05-22 08:09:13.471 [client] BUFFER ms=500 rms=0.002 peak=0.006
2026-05-22 08:09:13.852 [client] MIC rms=0.002 peak=0.005 gain=3.25
2026-05-22 08:09:14.523 [client] BUFFER ms=1540 rms=0.002 peak=0.005
2026-05-22 08:09:15.546 [client] DROP_SILENCE silence_ratio=0.83 rms=0.007 peak=0.040
2026-05-22 08:09:15.602 [client] BUFFER ms=430 rms=0.002 peak=0.007
2026-05-22 08:09:15.865 [client] MIC rms=0.002 peak=0.004 gain=3.25
2026-05-22 08:09:16.611 [client] BUFFER ms=1440 rms=0.003 peak=0.007
2026-05-22 08:09:17.679 [client] BUFFER ms=2500 rms=0.002 peak=0.007
2026-05-22 08:09:17.736 [ASR] Saved outgoing ASR chunk: asr_20260522_080917_725_00172_italian.wav chunk_s=2.50 rms=0.00835
2026-05-22 08:09:17.738 [ASR] [ASR ENTER SEND] mode=italian forcedLanguage=italian recording=True samples=40000 rms=0.00835
2026-05-22 08:09:17.740 [client] SEND lang=italian chunk_s=2.50 rms=0.008 silence_ratio=0.74
2026-05-22 08:09:17.741 [ASR] [ASR POST ATTEMPT] chunk_id=8 url=https://thedeezat-asr-hearing-impaired-api.hf.space/audio forcedLanguage=italian samples=40000 sr=16000 chunk_s=2.50 rms=0.00835
2026-05-22 08:09:17.742 [ASR] [ASR SEND ATTEMPT] id=asr-00008 lang=italian sr=16000 samples=40000 chunk_s=2.50 rms=0.00835 speech_ratio=0.001 voiced_ratio=1.000 bytes=160000 url=https://thedeezat-asr-hearing-impaired-api.hf.space/audio
2026-05-22 08:09:17.917 [client] MIC rms=0.004 peak=0.013 gain=3.25
2026-05-22 08:09:18.706 [client] BUFFER ms=1320 rms=0.003 peak=0.009
2026-05-22 08:09:18.825 [ASR] [ASR RESPONSE] id=asr-00008 status=200 error= body={"text": "", "infer_ms": 887.9, "total_ms": 913.44, "chunk_duration_s": 2.39, "speech_rms": 0.011341, "no_speech_prob": null, "avg_logprob": null, "compression_ratio": 1.0}
2026-05-22 08:09:18.830 [ASR] asr-00008 diag text_len=0 infer_ms=887.9 total_ms=913.44 chunk_duration_s=2.39 payload_bytes=160000 posted_rms=0.008346 posted_samples=40000 pending_q=0 capture_gen_send=32
2026-05-22 08:09:18.831 [client] RAW text=''
2026-05-22 08:09:18.833 [ASR] asr-00008 empty response ignored (no append).
2026-05-22 08:09:19.757 [client] BUFFER ms=2390 rms=0.002 peak=0.007
2026-05-22 08:09:19.950 [client] MIC rms=0.006 peak=0.013 gain=3.25
2026-05-22 08:09:20.009 [ASR] Saved outgoing ASR chunk: asr_20260522_080920_000_00173_italian.wav chunk_s=2.50 rms=0.01027
2026-05-22 08:09:20.011 [ASR] [ASR ENTER SEND] mode=italian forcedLanguage=italian recording=True samples=40000 rms=0.01027
2026-05-22 08:09:20.013 [client] SEND lang=italian chunk_s=2.50 rms=0.010 silence_ratio=0.65
2026-05-22 08:09:20.014 [ASR] [ASR POST ATTEMPT] chunk_id=9 url=https://thedeezat-asr-hearing-impaired-api.hf.space/audio forcedLanguage=italian samples=40000 sr=16000 chunk_s=2.50 rms=0.01027
2026-05-22 08:09:20.017 [ASR] [ASR SEND ATTEMPT] id=asr-00009 lang=italian sr=16000 samples=40000 chunk_s=2.50 rms=0.01027 speech_ratio=0.003 voiced_ratio=1.000 bytes=160000 url=https://thedeezat-asr-hearing-impaired-api.hf.space/audio
