[Licensing::Module] Trying to connect to existing licensing client channel...
[Licensing::IpcConnector] Channel LicenseClient-ahmed doesn't exist
[Licensing::Module] Successfully launched the LicensingClient (PId: 23980)
[Licensing::IpcConnector] Successfully connected to: "LicenseClient-ahmed" at "2026-05-22T08:14:13.1106723Z"
[Licensing::Client] Code 10 while verifying Licensing Client signature (process Id: 23980, path: "C:/Program Files/Unity/Hub/Editor/2022.3.62f3/Editor/Data/Resources/Licensing/Client/Unity.Licensing.Client.exe")
[Licensing::Module] LicensingClient has failed validation; ignoring
[Licensing::Client] Handshaking with LicensingClient:
  Version:                 1.16.2+bdef8f5
  Session Id:              c5bd8bd3f75149049a1918549d8e4699
  Correlation Id:          0c7c7df2361085288b8910089e12c18d
  External correlation Id: 8064423897733048472
  Machine Id:              Wfh6M9Zk35TBb5JFfumpL0qSzx0=
[Licensing::Module] Successfully connected to LicensingClient on channel: "LicenseClient-ahmed" (connect: 0.57s, validation: 0.06s, handshake: 0.04s)
[Licensing::IpcConnector] Successfully connected to: "LicenseClient-ahmed-notifications" at "2026-05-22T08:14:13.2029335Z"
[Licensing::Module] Connected to LicensingClient (PId: 23980, launch time: 0.00, total connection time: 0.66s)
[Licensing::Module] Error: Access token is unavailable; failed to update
[Licensing::Client] Error: Code 500 while processing request (status: Unable to update licenses. Errors: No ULF license found.,Token not found in cache)
[Licensing::Client] Error: Code 500 while updating license in client (status: Unable to update licenses. Errors: No ULF license found.,Token not found in cache)
Built from '2022.3/respin/2022.3.62f2-4af31df585-v2' branch; Version is '2022.3.62f3 (96770f904ca7) revision 9860879'; Using compiler version '192829333'; Build Type 'Release'
OS: 'Windows 11  (10.0.26200) 64bit Core' Language: 'en' Physical Memory: 16087 MB
[Licensing::Client] Successfully resolved entitlement details
[Licensing::Module] Serial number assigned to: "18968348106769-unity_bd3b1124543f4e7fc893-UnityProStuXXXX"
BatchMode: 1, IsHumanControllingUs: 0, StartBugReporterOnCrash: 0, Is64bit: 1, IsPro: 1
[Licensing::Client] Successfully resolved entitlement details

COMMAND LINE ARGUMENTS:
C:\Program Files\Unity\Hub\Editor\2022.3.62f3\Editor\Unity.exe
-batchmode
-quit
-projectPath
C:\GitHub\Bootstrap
-executeMethod
BuildCommand.BuildUWP
-logFile
UnityBuild.log
Successfully changed project path to: C:\GitHub\Bootstrap
C:/GitHub/Bootstrap
[UnityMemory] Configuration Parameters - Can be set up in boot.config
    "memorysetup-bucket-allocator-granularity=16"
    "memorysetup-bucket-allocator-bucket-count=8"
    "memorysetup-bucket-allocator-block-size=33554432"
    "memorysetup-bucket-allocator-block-count=8"
    "memorysetup-main-allocator-block-size=16777216"
    "memorysetup-thread-allocator-block-size=16777216"
    "memorysetup-gfx-main-allocator-block-size=16777216"
    "memorysetup-gfx-thread-allocator-block-size=16777216"
    "memorysetup-cache-allocator-block-size=4194304"
    "memorysetup-typetree-allocator-block-size=2097152"
    "memorysetup-profiler-bucket-allocator-granularity=16"
    "memorysetup-profiler-bucket-allocator-bucket-count=8"
    "memorysetup-profiler-bucket-allocator-block-size=33554432"
    "memorysetup-profiler-bucket-allocator-block-count=8"
    "memorysetup-profiler-allocator-block-size=16777216"
    "memorysetup-profiler-editor-allocator-block-size=1048576"
    "memorysetup-temp-allocator-size-main=16777216"
    "memorysetup-job-temp-allocator-block-size=2097152"
    "memorysetup-job-temp-allocator-block-size-background=1048576"
    "memorysetup-job-temp-allocator-reduction-small-platforms=262144"
    "memorysetup-allocator-temp-initial-block-size-main=262144"
    "memorysetup-allocator-temp-initial-block-size-worker=262144"
    "memorysetup-temp-allocator-size-background-worker=32768"
    "memorysetup-temp-allocator-size-job-worker=262144"
    "memorysetup-temp-allocator-size-preload-manager=33554432"
    "memorysetup-temp-allocator-size-nav-mesh-worker=65536"
    "memorysetup-temp-allocator-size-audio-worker=65536"
    "memorysetup-temp-allocator-size-cloud-worker=32768"
    "memorysetup-temp-allocator-size-gi-baking-worker=262144"
    "memorysetup-temp-allocator-size-gfx=262144"
Player connection [22996]  Target information:

Player connection [22996]  * "[IP] 172.25.240.1 [Port] 55504 [Flags] 2 [Guid] 662748873 [EditorId] 662748873 [Version] 1048832 [Id] WindowsEditor(7,MSI-Teca) [Debug] 1 [PackageName] WindowsEditor [ProjectName] Editor" 

Player connection [22996]  * "[IP] 192.168.56.1 [Port] 55504 [Flags] 2 [Guid] 662748873 [EditorId] 662748873 [Version] 1048832 [Id] WindowsEditor(7,MSI-Teca) [Debug] 1 [PackageName] WindowsEditor [ProjectName] Editor" 

Player connection [22996]  * "[IP] 172.16.1.57 [Port] 55504 [Flags] 2 [Guid] 662748873 [EditorId] 662748873 [Version] 1048832 [Id] WindowsEditor(7,MSI-Teca) [Debug] 1 [PackageName] WindowsEditor [ProjectName] Editor" 

Unable to join player connection multicast group (err: 10013).
Player connection [22996] Host joined alternative multi-casting on [225.0.0.222:34997]...
Input System module state changed to: Initialized.
[PhysX] Initialized MultithreadedTaskDispatcher with 16 workers.
[Package Manager] UpmClient::Connect -- Connected to IPC stream "Upm-25228" after 0.3 seconds.
[Package Manager] Restoring resolved packages state from cache
[Licensing::Client] Successfully resolved entitlement details
[Package Manager] Registered 59 packages:
  Packages from [https://packages.unity.com]:
    com.unity.collab-proxy@2.11.3 (location: C:\GitHub\Bootstrap\Library\PackageCache\com.unity.collab-proxy@2.11.3)
    com.unity.textmeshpro@3.0.7 (location: C:\GitHub\Bootstrap\Library\PackageCache\com.unity.textmeshpro@3.0.7)
    com.unity.timeline@1.7.7 (location: C:\GitHub\Bootstrap\Library\PackageCache\com.unity.timeline@1.7.7)
    com.unity.vectorgraphics@2.0.0-preview.20 (location: C:\GitHub\Bootstrap\Library\PackageCache\com.unity.vectorgraphics@2.0.0-preview.20)
    com.unity.visualscripting@1.9.4 (location: C:\GitHub\Bootstrap\Library\PackageCache\com.unity.visualscripting@1.9.4)
    com.unity.xr.arfoundation@5.2.2 (location: C:\GitHub\Bootstrap\Library\PackageCache\com.unity.xr.arfoundation@5.2.2)
    com.unity.xr.hands@1.4.3 (location: C:\GitHub\Bootstrap\Library\PackageCache\com.unity.xr.hands@1.4.3)
    com.unity.xr.interaction.toolkit@2.6.5 (location: C:\GitHub\Bootstrap\Library\PackageCache\com.unity.xr.interaction.toolkit@2.6.5)
    com.unity.xr.management@4.5.4 (location: C:\GitHub\Bootstrap\Library\PackageCache\com.unity.xr.management@4.5.4)
    com.unity.xr.openxr@1.8.0 (location: C:\GitHub\Bootstrap\Library\PackageCache\com.unity.xr.openxr@1.8.0)
    com.unity.inputsystem@1.14.0 (location: C:\GitHub\Bootstrap\Library\PackageCache\com.unity.inputsystem@1.14.0)
    com.unity.xr.core-utils@2.5.2 (location: C:\GitHub\Bootstrap\Library\PackageCache\com.unity.xr.core-utils@2.5.2)
    com.unity.xr.legacyinputhelpers@2.1.12 (location: C:\GitHub\Bootstrap\Library\PackageCache\com.unity.xr.legacyinputhelpers@2.1.12)
    com.unity.mathematics@1.2.6 (location: C:\GitHub\Bootstrap\Library\PackageCache\com.unity.mathematics@1.2.6)
    com.unity.editorcoroutines@1.0.0 (location: C:\GitHub\Bootstrap\Library\PackageCache\com.unity.editorcoroutines@1.0.0)
    com.unity.ide.visualstudio@2.0.22 (location: C:\GitHub\Bootstrap\Library\PackageCache\com.unity.ide.visualstudio@2.0.22)
    com.unity.ide.rider@3.0.36 (location: C:\GitHub\Bootstrap\Library\PackageCache\com.unity.ide.rider@3.0.36)
    com.unity.ide.vscode@1.2.5 (location: C:\GitHub\Bootstrap\Library\PackageCache\com.unity.ide.vscode@1.2.5)
    com.unity.performance.profile-analyzer@1.2.3 (location: C:\GitHub\Bootstrap\Library\PackageCache\com.unity.performance.profile-analyzer@1.2.3)
    com.unity.test-framework@1.1.33 (location: C:\GitHub\Bootstrap\Library\PackageCache\com.unity.test-framework@1.1.33)
    com.unity.testtools.codecoverage@1.2.6 (location: C:\GitHub\Bootstrap\Library\PackageCache\com.unity.testtools.codecoverage@1.2.6)
    com.unity.settings-manager@2.1.0 (location: C:\GitHub\Bootstrap\Library\PackageCache\com.unity.settings-manager@2.1.0)
    com.unity.ext.nunit@1.0.6 (location: C:\GitHub\Bootstrap\Library\PackageCache\com.unity.ext.nunit@1.0.6)
  Built-in packages:
    com.unity.feature.development@1.0.1 (location: C:\GitHub\Bootstrap\Library\PackageCache\com.unity.feature.development@1.0.1)
    com.unity.ugui@1.0.0 (location: C:\GitHub\Bootstrap\Library\PackageCache\com.unity.ugui@1.0.0)
    com.unity.modules.ai@1.0.0 (location: C:\GitHub\Bootstrap\Library\PackageCache\com.unity.modules.ai@1.0.0)
    com.unity.modules.androidjni@1.0.0 (location: C:\GitHub\Bootstrap\Library\PackageCache\com.unity.modules.androidjni@1.0.0)
    com.unity.modules.animation@1.0.0 (location: C:\GitHub\Bootstrap\Library\PackageCache\com.unity.modules.animation@1.0.0)
    com.unity.modules.assetbundle@1.0.0 (location: C:\GitHub\Bootstrap\Library\PackageCache\com.unity.modules.assetbundle@1.0.0)
    com.unity.modules.audio@1.0.0 (location: C:\GitHub\Bootstrap\Library\PackageCache\com.unity.modules.audio@1.0.0)
    com.unity.modules.cloth@1.0.0 (location: C:\GitHub\Bootstrap\Library\PackageCache\com.unity.modules.cloth@1.0.0)
    com.unity.modules.director@1.0.0 (location: C:\GitHub\Bootstrap\Library\PackageCache\com.unity.modules.director@1.0.0)
    com.unity.modules.imageconversion@1.0.0 (location: C:\GitHub\Bootstrap\Library\PackageCache\com.unity.modules.imageconversion@1.0.0)
    com.unity.modules.imgui@1.0.0 (location: C:\GitHub\Bootstrap\Library\PackageCache\com.unity.modules.imgui@1.0.0)
    com.unity.modules.jsonserialize@1.0.0 (location: C:\GitHub\Bootstrap\Library\PackageCache\com.unity.modules.jsonserialize@1.0.0)
    com.unity.modules.particlesystem@1.0.0 (location: C:\GitHub\Bootstrap\Library\PackageCache\com.unity.modules.particlesystem@1.0.0)
    com.unity.modules.physics@1.0.0 (location: C:\GitHub\Bootstrap\Library\PackageCache\com.unity.modules.physics@1.0.0)
    com.unity.modules.physics2d@1.0.0 (location: C:\GitHub\Bootstrap\Library\PackageCache\com.unity.modules.physics2d@1.0.0)
    com.unity.modules.screencapture@1.0.0 (location: C:\GitHub\Bootstrap\Library\PackageCache\com.unity.modules.screencapture@1.0.0)
    com.unity.modules.terrain@1.0.0 (location: C:\GitHub\Bootstrap\Library\PackageCache\com.unity.modules.terrain@1.0.0)
    com.unity.modules.terrainphysics@1.0.0 (location: C:\GitHub\Bootstrap\Library\PackageCache\com.unity.modules.terrainphysics@1.0.0)
    com.unity.modules.tilemap@1.0.0 (location: C:\GitHub\Bootstrap\Library\PackageCache\com.unity.modules.tilemap@1.0.0)
    com.unity.modules.ui@1.0.0 (location: C:\GitHub\Bootstrap\Library\PackageCache\com.unity.modules.ui@1.0.0)
    com.unity.modules.uielements@1.0.0 (location: C:\GitHub\Bootstrap\Library\PackageCache\com.unity.modules.uielements@1.0.0)
    com.unity.modules.umbra@1.0.0 (location: C:\GitHub\Bootstrap\Library\PackageCache\com.unity.modules.umbra@1.0.0)
    com.unity.modules.unityanalytics@1.0.0 (location: C:\GitHub\Bootstrap\Library\PackageCache\com.unity.modules.unityanalytics@1.0.0)
    com.unity.modules.unitywebrequest@1.0.0 (location: C:\GitHub\Bootstrap\Library\PackageCache\com.unity.modules.unitywebrequest@1.0.0)
    com.unity.modules.unitywebrequestassetbundle@1.0.0 (location: C:\GitHub\Bootstrap\Library\PackageCache\com.unity.modules.unitywebrequestassetbundle@1.0.0)
    com.unity.modules.unitywebrequestaudio@1.0.0 (location: C:\GitHub\Bootstrap\Library\PackageCache\com.unity.modules.unitywebrequestaudio@1.0.0)
    com.unity.modules.unitywebrequesttexture@1.0.0 (location: C:\GitHub\Bootstrap\Library\PackageCache\com.unity.modules.unitywebrequesttexture@1.0.0)
    com.unity.modules.unitywebrequestwww@1.0.0 (location: C:\GitHub\Bootstrap\Library\PackageCache\com.unity.modules.unitywebrequestwww@1.0.0)
    com.unity.modules.vehicles@1.0.0 (location: C:\GitHub\Bootstrap\Library\PackageCache\com.unity.modules.vehicles@1.0.0)
    com.unity.modules.video@1.0.0 (location: C:\GitHub\Bootstrap\Library\PackageCache\com.unity.modules.video@1.0.0)
    com.unity.modules.vr@1.0.0 (location: C:\GitHub\Bootstrap\Library\PackageCache\com.unity.modules.vr@1.0.0)
    com.unity.modules.wind@1.0.0 (location: C:\GitHub\Bootstrap\Library\PackageCache\com.unity.modules.wind@1.0.0)
    com.unity.modules.xr@1.0.0 (location: C:\GitHub\Bootstrap\Library\PackageCache\com.unity.modules.xr@1.0.0)
    com.unity.modules.subsystems@1.0.0 (location: C:\GitHub\Bootstrap\Library\PackageCache\com.unity.modules.subsystems@1.0.0)
    com.unity.2d.sprite@1.0.0 (location: C:\GitHub\Bootstrap\Library\PackageCache\com.unity.2d.sprite@1.0.0)
  Local packages:
    com.microsoft.mixedreality.openxr@file:C:\GitHub\Bootstrap\Packages\MixedReality\package (location: C:\GitHub\Bootstrap\Packages\MixedReality\package)
[Subsystems] Looking for new subsystems at path C:\GitHub\Bootstrap\Packages\MixedReality\package
[Subsystems] Looking for new subsystems at path C:\GitHub\Bootstrap\Library\PackageCache\com.unity.xr.arfoundation@5.2.2
[Subsystems] Novel subsystem found at Library/PackageCache/com.unity.xr.arfoundation@5.2.2/Runtime/UnitySubsystemsManifest.json
[Subsystems] Discovering subsystems at path C:/Program Files/Unity/Hub/Editor/2022.3.62f3/Editor/Data/Resources/UnitySubsystems
[Subsystems] Discovering subsystems at path C:/GitHub/Bootstrap/Assets
[Subsystems] Discovering subsystems at path C:\GitHub\Bootstrap\Packages\MixedReality\package
[Subsystems] Discovering subsystems at path C:\GitHub\Bootstrap\Library\PackageCache\com.unity.xr.arfoundation@5.2.2
[Subsystems] No descriptors matched for  examples in Library/PackageCache/com.unity.xr.arfoundation@5.2.2/Runtime/UnitySubsystemsManifest.json.
[Subsystems] 1 'inputs' descriptors matched in Library/PackageCache/com.unity.xr.arfoundation@5.2.2/Runtime/UnitySubsystemsManifest.json
[Subsystems] No descriptors matched for  displays in Library/PackageCache/com.unity.xr.arfoundation@5.2.2/Runtime/UnitySubsystemsManifest.json.
[Subsystems] 1 'meshings' descriptors matched in Library/PackageCache/com.unity.xr.arfoundation@5.2.2/Runtime/UnitySubsystemsManifest.json
[Subsystems] Discovering subsystems at path C:\GitHub\Bootstrap\Library\PackageCache\com.unity.xr.openxr@1.8.0
[Subsystems] No descriptors matched for  examples in Library/PackageCache/com.unity.xr.openxr@1.8.0/Runtime/UnitySubsystemsManifest.json.
[Subsystems] 1 'inputs' descriptors matched in Library/PackageCache/com.unity.xr.openxr@1.8.0/Runtime/UnitySubsystemsManifest.json
[Subsystems] 1 'displays' descriptors matched in Library/PackageCache/com.unity.xr.openxr@1.8.0/Runtime/UnitySubsystemsManifest.json
[Subsystems] No descriptors matched for  meshings in Library/PackageCache/com.unity.xr.openxr@1.8.0/Runtime/UnitySubsystemsManifest.json.
Package Manager log level set to [2]
[Package Manager] Done registering packages in 0.20 seconds
[Licensing::Client] Successfully resolved entitlement details
Refreshing native plugins compatible for Editor in 18.69 ms, found 11 plugins.
Preloading 0 native plugins for Editor in 0.00 ms.
Initialize engine version: 2022.3.62f3 (96770f904ca7)
[Subsystems] Discovering subsystems at path C:/Program Files/Unity/Hub/Editor/2022.3.62f3/Editor/Data/Resources/UnitySubsystems
[Subsystems] Discovering subsystems at path C:/GitHub/Bootstrap/Assets
[Subsystems] Discovering subsystems at path C:\GitHub\Bootstrap\Packages\MixedReality\package
[Subsystems] Discovering subsystems at path C:\GitHub\Bootstrap\Library\PackageCache\com.unity.xr.arfoundation@5.2.2
[Subsystems] No descriptors matched for  examples in Library/PackageCache/com.unity.xr.arfoundation@5.2.2/Runtime/UnitySubsystemsManifest.json.
[Subsystems] 1 'inputs' descriptors matched in Library/PackageCache/com.unity.xr.arfoundation@5.2.2/Runtime/UnitySubsystemsManifest.json
[Subsystems] No descriptors matched for  displays in Library/PackageCache/com.unity.xr.arfoundation@5.2.2/Runtime/UnitySubsystemsManifest.json.
[Subsystems] 1 'meshings' descriptors matched in Library/PackageCache/com.unity.xr.arfoundation@5.2.2/Runtime/UnitySubsystemsManifest.json
[Subsystems] Discovering subsystems at path C:\GitHub\Bootstrap\Library\PackageCache\com.unity.xr.openxr@1.8.0
[Subsystems] No descriptors matched for  examples in Library/PackageCache/com.unity.xr.openxr@1.8.0/Runtime/UnitySubsystemsManifest.json.
[Subsystems] 1 'inputs' descriptors matched in Library/PackageCache/com.unity.xr.openxr@1.8.0/Runtime/UnitySubsystemsManifest.json
[Subsystems] 1 'displays' descriptors matched in Library/PackageCache/com.unity.xr.openxr@1.8.0/Runtime/UnitySubsystemsManifest.json
[Subsystems] No descriptors matched for  meshings in Library/PackageCache/com.unity.xr.openxr@1.8.0/Runtime/UnitySubsystemsManifest.json.
GfxDevice: creating device client; threaded=0; jobified=0
Direct3D:
    Version:  Direct3D 11.0 [level 11.1]
    Renderer: NVIDIA GeForce RTX 4050 Laptop GPU (ID=0x28a1)
    Vendor:   NVIDIA
    VRAM:     5920 MB
    Driver:   32.0.15.9649
[Licensing::Client] Successfully resolved entitlement details
Initialize mono
Mono path[0] = 'C:/Program Files/Unity/Hub/Editor/2022.3.62f3/Editor/Data/Managed'
Mono path[1] = 'C:/Program Files/Unity/Hub/Editor/2022.3.62f3/Editor/Data/MonoBleedingEdge/lib/mono/unityjit-win32'
Mono config path = 'C:/Program Files/Unity/Hub/Editor/2022.3.62f3/Editor/Data/MonoBleedingEdge/etc'
Using monoOptions --debugger-agent=transport=dt_socket,embedding=1,server=y,suspend=n,address=127.0.0.1:56228
Using cacheserver namespaces - metadata:defaultmetadata, artifacts:defaultartifacts
Using cacheserver namespaces - metadata:defaultmetadata, artifacts:defaultartifacts
ImportWorker Server TCP listen port: 0
Begin MonoManager ReloadAssembly
Registering precompiled unity dll's ...
Trying to register platform support module: C:/Program Files/Unity/Hub/Editor/2022.3.62f3/Editor/Data/PlaybackEngines/WebGLSupport/UnityEditor.WebGL.Extensions.dll (that doesn't exist). Retrying without overrides.
Platform support module is not available: C:/Program Files/Unity/Hub/Editor/2022.3.62f3/Editor/Data/PlaybackEngines/WebGLSupport/UnityEditor.WebGL.Extensions.dll
Register platform support module: C:/Program Files/Unity/Hub/Editor/2022.3.62f3/Editor/Data/PlaybackEngines/WindowsStandaloneSupport/UnityEditor.WindowsStandalone.Extensions.dll
Register platform support module: C:/Program Files/Unity/Hub/Editor/2022.3.62f3/Editor/Data/PlaybackEngines/MetroSupport/UnityEditor.UWP.Extensions.dll
Registered in 0.008245 seconds.
- Loaded All Assemblies, in  0.363 seconds
Native extension for UWP target not found
Native extension for WindowsStandalone target not found
Mono: successfully reloaded assembly
- Finished resetting the current domain, in  0.260 seconds
Domain Reload Profiling: 621ms
	BeginReloadAssembly (98ms)
		ExecutionOrderSort (0ms)
		DisableScriptedObjects (0ms)
		BackupInstance (0ms)
		ReleaseScriptingObjects (0ms)
		CreateAndSetChildDomain (1ms)
	RebuildCommonClasses (31ms)
	RebuildNativeTypeToScriptingClass (8ms)
	initialDomainReloadingComplete (55ms)
	LoadAllAssembliesAndSetupDomain (169ms)
		LoadAssemblies (97ms)
		RebuildTransferFunctionScriptingTraits (0ms)
		AnalyzeDomain (167ms)
			TypeCache.Refresh (165ms)
				TypeCache.ScanAssembly (154ms)
			ScanForSourceGeneratedMonoScriptInfo (0ms)
			ResolveRequiredComponents (0ms)
	FinalizeReload (260ms)
		ReleaseScriptCaches (0ms)
		RebuildScriptCaches (0ms)
		SetupLoadedEditorAssemblies (212ms)
			LogAssemblyErrors (0ms)
			InitializePlatformSupportModulesInManaged (10ms)
			SetLoadedEditorAssemblies (5ms)
			RefreshPlugins (0ms)
			BeforeProcessingInitializeOnLoad (2ms)
			ProcessInitializeOnLoadAttributes (150ms)
			ProcessInitializeOnLoadMethodAttributes (45ms)
			AfterProcessingInitializeOnLoad (0ms)
			EditorAssembliesLoaded (0ms)
		ExecutionOrderSort2 (0ms)
		AwakeInstancesAfterBackupRestoration (0ms)
[Licensing::Client] Successfully resolved entitlement details
[Licensing::Client] Successfully resolved entitlement details
Application.AssetDatabase Initial Refresh Start
[ScriptCompilation] Requested script compilation because: Assetdatabase observed changes in script compilation related files
info: Microsoft.Hosting.Lifetime[14]
      Now listening on: http://localhost:80
info: Microsoft.Hosting.Lifetime[0]
      Application started. Press Ctrl+C to shut down.
info: Microsoft.Hosting.Lifetime[0]
      Hosting environment: Production
info: Microsoft.Hosting.Lifetime[0]
      Content root path: C:\GitHub\Bootstrap\
info: Microsoft.AspNetCore.Hosting.Diagnostics[1]
      Request starting HTTP/2 POST http://ilpp/UnityILPP.PostProcessing/Ping application/grpc -
info: Microsoft.AspNetCore.Routing.EndpointMiddleware[0]
      Executing endpoint 'gRPC - /UnityILPP.PostProcessing/Ping'
info: Microsoft.AspNetCore.Routing.EndpointMiddleware[1]
      Executed endpoint 'gRPC - /UnityILPP.PostProcessing/Ping'
info: Microsoft.AspNetCore.Hosting.Diagnostics[2]
      Request finished HTTP/2 POST http://ilpp/UnityILPP.PostProcessing/Ping application/grpc - - 200 - application/grpc 35.5228ms
Starting: C:\Program Files\Unity\Hub\Editor\2022.3.62f3\Editor\Data\bee_backend.exe --ipc --defer-dag-verification --dagfile="Library/Bee/2100b0aE.dag" --continue-on-failure --profile="Library/Bee/backend1.traceevents" ScriptAssemblies
WorkingDir: C:/GitHub/Bootstrap
DisplayProgressbar: Compiling Scripts
ExitCode: 0 Duration: 3s934ms
[756/762    0s] Csc Library/Bee/artifacts/2100b0aE.dag/Assembly-CSharp.dll (+2 others)
Assets\Scripts\SignInferenceClient.cs(295,18): warning CS0414: The field 'SignInferenceClient._legacyAutoSpaceIssuedThisNoHandStreak' is assigned but its value is never used

Assets\Scripts\HololensAsrManager.cs(129,36): warning CS0414: The field 'HololensAsrManager._tailRejectWeakRms' is assigned but its value is never used

Assets\Scripts\HololensAsrManager.cs(96,36): warning CS0414: The field 'HololensAsrManager._minSpeechFrameRatioToSend' is assigned but its value is never used

Assets\Scripts\HololensAsrManager.cs(127,36): warning CS0414: The field 'HololensAsrManager._tailRejectWindowSeconds' is assigned but its value is never used

Assets\Scripts\App.cs(32,18): warning CS0414: The field 'App._italianTranslationOn' is assigned but its value is never used

Assets\Scripts\SignInferenceClient.cs(299,18): warning CS0414: The field 'SignInferenceClient._timeSoftClearIssuedThisNoHandStreak' is assigned but its value is never used

Assets\Scripts\SignInferenceClient.cs(297,18): warning CS0414: The field 'SignInferenceClient._legacySoftClearIssuedThisNoHandStreak' is assigned but its value is never used

Assets\Scripts\SignInferenceClient.cs(192,36): warning CS0414: The field 'SignInferenceClient.minTop2Margin' is assigned but its value is never used

Assets\Scripts\HololensAsrManager.cs(128,36): warning CS0414: The field 'HololensAsrManager._tailRejectMaxChunkSeconds' is assigned but its value is never used

Assets\Scripts\HololensAsrManager.cs(126,35): warning CS0414: The field 'HololensAsrManager._rejectWeakShortTailAfterStrongSentence' is assigned but its value is never used

Assets\Scripts\SignInferenceClient.cs(191,36): warning CS0414: The field 'SignInferenceClient.confidenceThreshold' is assigned but its value is never used
[757/762    0s] CopyFiles Library/ScriptAssemblies/Assembly-CSharp.pdb
[758/762    0s] CopyFiles Library/ScriptAssemblies/Assembly-CSharp.dll
[759/762    3s] Csc Library/Bee/artifacts/2100b0aE.dag/Assembly-CSharp-Editor.dll (+2 others)
[760/762    0s] CopyFiles Library/ScriptAssemblies/Assembly-CSharp-Editor.pdb
[761/762    0s] CopyFiles Library/ScriptAssemblies/Assembly-CSharp-Editor.dll
*** Tundra build success (3.90 seconds), 6 items updated, 762 evaluated
Assets\Scripts\SignInferenceClient.cs(295,18): warning CS0414: The field 'SignInferenceClient._legacyAutoSpaceIssuedThisNoHandStreak' is assigned but its value is never used
Assets\Scripts\HololensAsrManager.cs(129,36): warning CS0414: The field 'HololensAsrManager._tailRejectWeakRms' is assigned but its value is never used
Assets\Scripts\HololensAsrManager.cs(96,36): warning CS0414: The field 'HololensAsrManager._minSpeechFrameRatioToSend' is assigned but its value is never used
Assets\Scripts\HololensAsrManager.cs(127,36): warning CS0414: The field 'HololensAsrManager._tailRejectWindowSeconds' is assigned but its value is never used
Assets\Scripts\App.cs(32,18): warning CS0414: The field 'App._italianTranslationOn' is assigned but its value is never used
Assets\Scripts\SignInferenceClient.cs(299,18): warning CS0414: The field 'SignInferenceClient._timeSoftClearIssuedThisNoHandStreak' is assigned but its value is never used
Assets\Scripts\SignInferenceClient.cs(297,18): warning CS0414: The field 'SignInferenceClient._legacySoftClearIssuedThisNoHandStreak' is assigned but its value is never used
Assets\Scripts\SignInferenceClient.cs(192,36): warning CS0414: The field 'SignInferenceClient.minTop2Margin' is assigned but its value is never used
Assets\Scripts\HololensAsrManager.cs(128,36): warning CS0414: The field 'HololensAsrManager._tailRejectMaxChunkSeconds' is assigned but its value is never used
Assets\Scripts\HololensAsrManager.cs(126,35): warning CS0414: The field 'HololensAsrManager._rejectWeakShortTailAfterStrongSentence' is assigned but its value is never used
Assets\Scripts\SignInferenceClient.cs(191,36): warning CS0414: The field 'SignInferenceClient.confidenceThreshold' is assigned but its value is never used
AssetDatabase: script compilation time: 4.458526s
Begin MonoManager ReloadAssembly
Total cache size 267051052
Total cache size after purge 267051052
- Loaded All Assemblies, in 11.702 seconds
Refreshing native plugins compatible for Editor in 13.98 ms, found 11 plugins.
Preloading 0 native plugins for Editor in 0.00 ms.
Start importing Assets/Scripts/App.cs using Guid(848b81a15a3d2a74c8d2adda24483e35) Importer(-1,00000000000000000000000000000000) [PhysX] Initialized MultithreadedTaskDispatcher with 16 workers.
 -> (artifact id: '039aa06c703fc021f19785ae128e76b7') in 0.033870 seconds
Start importing Assets/Scripts/WizardOfOzClient.cs using Guid(c494fcae1d926d34a834ececd53daf34) Importer(-1,00000000000000000000000000000000) [PhysX] Initialized MultithreadedTaskDispatcher with 16 workers.
 -> (artifact id: 'bf0892be39cfdfb1f92a71dc280d1bbb') in 0.009562 seconds
Start importing Assets/Editor/BuildCommand.cs using Guid(4d97bcc774c99c547b6e0c6e57c5ed9a) Importer(-1,00000000000000000000000000000000) [PhysX] Initialized MultithreadedTaskDispatcher with 16 workers.
 -> (artifact id: 'd3cf92d110aeffeeb26d724bf9f7105f') in 0.012312 seconds
Refreshing native plugins compatible for Editor in 13.90 ms, found 11 plugins.
Native extension for UWP target not found
Native extension for WindowsStandalone target not found
Mono: successfully reloaded assembly
- Finished resetting the current domain, in  0.845 seconds
Domain Reload Profiling: 12543ms
	BeginReloadAssembly (150ms)
		ExecutionOrderSort (0ms)
		DisableScriptedObjects (4ms)
		BackupInstance (0ms)
		ReleaseScriptingObjects (0ms)
		CreateAndSetChildDomain (26ms)
	RebuildCommonClasses (32ms)
	RebuildNativeTypeToScriptingClass (9ms)
	initialDomainReloadingComplete (31ms)
	LoadAllAssembliesAndSetupDomain (11476ms)
		LoadAssemblies (11125ms)
		RebuildTransferFunctionScriptingTraits (0ms)
		AnalyzeDomain (431ms)
			TypeCache.Refresh (399ms)
				TypeCache.ScanAssembly (383ms)
			ScanForSourceGeneratedMonoScriptInfo (25ms)
			ResolveRequiredComponents (7ms)
	FinalizeReload (845ms)
		ReleaseScriptCaches (0ms)
		RebuildScriptCaches (0ms)
		SetupLoadedEditorAssemblies (674ms)
			LogAssemblyErrors (0ms)
			InitializePlatformSupportModulesInManaged (7ms)
			SetLoadedEditorAssemblies (5ms)
			RefreshPlugins (0ms)
			BeforeProcessingInitializeOnLoad (80ms)
			ProcessInitializeOnLoadAttributes (477ms)
			ProcessInitializeOnLoadMethodAttributes (98ms)
			AfterProcessingInitializeOnLoad (6ms)
			EditorAssembliesLoaded (0ms)
		ExecutionOrderSort2 (0ms)
		AwakeInstancesAfterBackupRestoration (9ms)
Start importing ProjectSettings/ProjectSettings.asset using Guid(00000000000000004000000000000000) Importer(-1,00000000000000000000000000000000) [PhysX] Initialized MultithreadedTaskDispatcher with 16 workers.
 -> (artifact id: '9884d5c661608f0bd888226e64367758') in 0.005629 seconds
Launched and connected shader compiler UnityShaderCompiler.exe after 0.11 seconds
Refreshing native plugins compatible for Editor in 12.91 ms, found 11 plugins.
Preloading 0 native plugins for Editor in 0.00 ms.
Asset Pipeline Refresh (id=601a845609e85d543882c1b070395899): Total: 59.936 seconds - Initiated by InitialRefreshV2(ForceSynchronousImport)
	Summary:
		Imports: total=4 (actual=4, local cache=0, cache server=0)
		Asset DB Process Time: managed=5 ms, native=41142 ms
		Asset DB Callback time: managed=213 ms, native=1011 ms
		Scripting: domain reloads=1, domain reload time=13052 ms, compile time=4461 ms, other=49 ms
		Project Asset Count: scripts=6387, non-scripts=1131
		Asset File Changes: new=0, changed=1, moved=0, deleted=0
		Scan Filter Count: 0
	InvokeBeforeRefreshCallbacks: 0.975ms
	ApplyChangesToAssetFolders: 0.144ms
	Scan: 166.763ms
	OnSourceAssetsModified: 2.092ms
	GetAllGuidsForCategorization: 1.344ms
	CategorizeAssets: 235.803ms
	ImportOutOfDateAssets: 1410.474ms (-3175.693ms without children)
		ImportManagerImport: 81.563ms (14.798ms without children)
			ImportInProcess: 66.336ms
			UpdateCategorizedAssets: 0.429ms
		CompileScripts: 4460.768ms
		ReloadNativeAssets: 0.032ms
		UnloadImportedAssets: 35.148ms
		ReloadImportedAssets: 0.892ms
		EnsureUptoDateAssetsAreRegisteredWithGuidPM: 4.614ms
		InitializingProgressBar: 0.354ms
		PostProcessAllAssetNotificationsAddChangedAssets: 0.003ms
		OnDemandSchedulerStart: 2.794ms
	PostProcessAllAssets: 1264.689ms
	Hotreload: 16.342ms
	GatherAllCurrentPrimaryArtifactRevisions: 0.306ms
	UnloadStreamsBegin: 0.345ms
	PersistCurrentRevisions: 0.791ms
	UnloadStreamsEnd: 0.173ms
	GenerateScriptTypeHashes: 4.110ms
	Untracked: 56835.391ms
Application.AssetDatabase Initial Refresh End
Scanning for USB devices : 4.016ms
Initializing Unity extensions:
[Licensing::Client] Successfully resolved entitlement details
[Licensing::Client] Successfully resolved entitlement details
[Licensing::Client] Successfully resolved entitlement details
[MODES] ModeService[none].Initialize
[MODES] ModeService[none].LoadModes
[MODES] Loading mode Default (0) for mode-current-id-BootstrapNMT
[PhysX] Initialized MultithreadedTaskDispatcher with 16 workers.
ProgressiveSceneManager::Cancel()
Unloading 9 Unused Serialized files (Serialized files now loaded: 0)
Unloading 118 unused Assets / (1.5 MB). Loaded Objects now: 5766.
Memory consumption went from 162.1 MB to 160.6 MB.
Total: 5.880500 ms (FindLiveObjects: 0.336400 ms CreateObjectMapping: 0.205800 ms MarkObjects: 4.256600 ms  DeleteObjects: 1.080300 ms)

[BuildCommand] Starting UWP Build Player...
UnityEngine.StackTraceUtility:ExtractStackTrace ()
UnityEngine.DebugLogHandler:LogFormat (UnityEngine.LogType,UnityEngine.Object,string,object[])
UnityEngine.Logger:Log (UnityEngine.LogType,object)
UnityEngine.Debug:Log (object)
BuildCommand:BuildUWP () (at Assets/Editor/BuildCommand.cs:10)

(Filename: Assets/Editor/BuildCommand.cs Line: 10)

[BuildCommand] Included Scene: Assets/Scenes/SampleScene.unity
UnityEngine.StackTraceUtility:ExtractStackTrace ()
UnityEngine.DebugLogHandler:LogFormat (UnityEngine.LogType,UnityEngine.Object,string,object[])
UnityEngine.Logger:Log (UnityEngine.LogType,object)
UnityEngine.Debug:Log (object)
BuildCommand:BuildUWP () (at Assets/Editor/BuildCommand.cs:25)

(Filename: Assets/Editor/BuildCommand.cs Line: 25)

Start importing Assets/XR/Temp using Guid(2b133c00c26e09543977dec233fd2b6a) Importer(-1,00000000000000000000000000000000) [PhysX] Initialized MultithreadedTaskDispatcher with 16 workers.
 -> (artifact id: 'd24ffd5dddb03fb88bfe18a09af76484') in 0.012606 seconds
Refreshing native plugins compatible for Editor in 12.66 ms, found 11 plugins.
Preloading 0 native plugins for Editor in 0.00 ms.
Asset Pipeline Refresh (id=91ae65ff34f119749932b67ce087d419): Total: 0.064 seconds - Initiated by StopAssetImportingV2(NoUpdateAssetOptions)
Refreshing native plugins compatible for Editor in 11.25 ms, found 11 plugins.
Preloading 0 native plugins for Editor in 0.00 ms.
Asset Pipeline Refresh (id=e6d77011defae534399b0201b0b8afa0): Total: 0.038 seconds - Initiated by StopAssetImportingV2(NoUpdateAssetOptions)
Refreshing native plugins compatible for Editor in 11.60 ms, found 11 plugins.
Preloading 0 native plugins for Editor in 0.00 ms.
Asset Pipeline Refresh (id=12a66cccbd141f34ead2ed68f3c209f4): Total: 0.040 seconds - Initiated by StopAssetImportingV2(NoUpdateAssetOptions)
Asset Pipeline Refresh (id=6ac66fc3e5cd52c4f8a9c230daffddbb): Total: 0.009 seconds - Initiated by RefreshV2(NoUpdateAssetOptions)
Start importing ProjectSettings/ProjectSettings.asset using Guid(00000000000000004000000000000000) Importer(-1,00000000000000000000000000000000) [PhysX] Initialized MultithreadedTaskDispatcher with 16 workers.
 -> (artifact id: '215b7efb5e4585603dcea19e5057d0a3') in 0.003720 seconds
Start importing Assets/XR/Settings/OpenXR Package Settings.asset using Guid(7c1f5755dabf6a74781cbd711324a6b0) Importer(-1,00000000000000000000000000000000) [PhysX] Initialized MultithreadedTaskDispatcher with 16 workers.
 -> (artifact id: 'd8b794239135f4891e7c9542c0aeba24') in 0.011923 seconds
Refreshing native plugins compatible for Editor in 16.81 ms, found 11 plugins.
Preloading 0 native plugins for Editor in 0.00 ms.
Asset Pipeline Refresh (id=8221b2f302bf2fe48abc9579a838cd0e): Total: 0.057 seconds - Initiated by StopAssetImportingV2(NoUpdateAssetOptions)
info: Microsoft.AspNetCore.Hosting.Diagnostics[1]
      Request starting HTTP/2 POST http://ilpp/UnityILPP.PostProcessing/Ping application/grpc -
info: Microsoft.AspNetCore.Routing.EndpointMiddleware[0]
      Executing endpoint 'gRPC - /UnityILPP.PostProcessing/Ping'
info: Microsoft.AspNetCore.Routing.EndpointMiddleware[1]
      Executed endpoint 'gRPC - /UnityILPP.PostProcessing/Ping'
info: Microsoft.AspNetCore.Hosting.Diagnostics[2]
      Request finished HTTP/2 POST http://ilpp/UnityILPP.PostProcessing/Ping application/grpc - - 200 - application/grpc 2.1484ms
Starting: C:\Program Files\Unity\Hub\Editor\2022.3.62f3\Editor\Data\bee_backend.exe --ipc --defer-dag-verification --dagfile="Library/Bee/2100b0aESkipCompile.dag" --continue-on-failure --profile="Library/Bee/backend1.traceevents" ScriptAssembliesAndTypeDB
WorkingDir: C:/GitHub/Bootstrap
ExitCode: 4 Duration: 1s504ms
Rebuilding DAG because FileSignature timestamp changed: Library/Bee/2100b0aESkipCompile-inputdata.json
[2/3        1s] BuildPlayerDataGenerator Library/BuildPlayerData/Editor/TypeDb-All.json
Field 'System.Numerics.Vector2 SixLabors.Fonts.GlyphInstance/ControlPointCollection::SecondControlPoint' from 'C:\GitHub\Bootstrap\Library\PackageCache\com.unity.testtools.codecoverage@1.2.6\lib\ReportGenerator\ReportGeneratorMerged.dll', exception Failed to resolve System.Numerics.Vector2

Field 'System.Numerics.Vector2 SixLabors.Fonts.GlyphInstance/ControlPointCollection::ThirdControlPoint' from 'C:\GitHub\Bootstrap\Library\PackageCache\com.unity.testtools.codecoverage@1.2.6\lib\ReportGenerator\ReportGeneratorMerged.dll', exception Failed to resolve System.Numerics.Vector2

Field 'System.Numerics.Vector4 SixLabors.ImageSharp.ComplexVector4::Real' from 'C:\GitHub\Bootstrap\Library\PackageCache\com.unity.testtools.codecoverage@1.2.6\lib\ReportGenerator\ReportGeneratorMerged.dll', exception Failed to resolve System.Numerics.Vector4

Field 'System.Numerics.Vector4 SixLabors.ImageSharp.ComplexVector4::Imaginary' from 'C:\GitHub\Bootstrap\Library\PackageCache\com.unity.testtools.codecoverage@1.2.6\lib\ReportGenerator\ReportGeneratorMerged.dll', exception Failed to resolve System.Numerics.Vector4

Field 'System.Numerics.Vector4 SixLabors.ImageSharp.Formats.Jpeg.Components.Block8x8F::V0L' from 'C:\GitHub\Bootstrap\Library\PackageCache\com.unity.testtools.codecoverage@1.2.6\lib\ReportGenerator\ReportGeneratorMerged.dll', exception Failed to resolve System.Numerics.Vector4

Field 'System.Numerics.Vector4 SixLabors.ImageSharp.Formats.Jpeg.Components.Block8x8F::V0R' from 'C:\GitHub\Bootstrap\Library\PackageCache\com.unity.testtools.codecoverage@1.2.6\lib\ReportGenerator\ReportGeneratorMerged.dll', exception Failed to resolve System.Numerics.Vector4

Field 'System.Numerics.Vector4 SixLabors.ImageSharp.Formats.Jpeg.Components.Block8x8F::V1L' from 'C:\GitHub\Bootstrap\Library\PackageCache\com.unity.testtools.codecoverage@1.2.6\lib\ReportGenerator\ReportGeneratorMerged.dll', exception Failed to resolve System.Numerics.Vector4

Field 'System.Numerics.Vector4 SixLabors.ImageSharp.Formats.Jpeg.Components.Block8x8F::V1R' from 'C:\GitHub\Bootstrap\Library\PackageCache\com.unity.testtools.codecoverage@1.2.6\lib\ReportGenerator\ReportGeneratorMerged.dll', exception Failed to resolve System.Numerics.Vector4

Field 'System.Numerics.Vector4 SixLabors.ImageSharp.Formats.Jpeg.Components.Block8x8F::V2L' from 'C:\GitHub\Bootstrap\Library\PackageCache\com.unity.testtools.codecoverage@1.2.6\lib\ReportGenerator\ReportGeneratorMerged.dll', exception Failed to resolve System.Numerics.Vector4

Field 'System.Numerics.Vector4 SixLabors.ImageSharp.Formats.Jpeg.Components.Block8x8F::V2R' from 'C:\GitHub\Bootstrap\Library\PackageCache\com.unity.testtools.codecoverage@1.2.6\lib\ReportGenerator\ReportGeneratorMerged.dll', exception Failed to resolve System.Numerics.Vector4

Field 'System.Numerics.Vector4 SixLabors.ImageSharp.Formats.Jpeg.Components.Block8x8F::V3L' from 'C:\GitHub\Bootstrap\Library\PackageCache\com.unity.testtools.codecoverage@1.2.6\lib\ReportGenerator\ReportGeneratorMerged.dll', exception Failed to resolve System.Numerics.Vector4

Field 'System.Numerics.Vector4 SixLabors.ImageSharp.Formats.Jpeg.Components.Block8x8F::V3R' from 'C:\GitHub\Bootstrap\Library\PackageCache\com.unity.testtools.codecoverage@1.2.6\lib\ReportGenerator\ReportGeneratorMerged.dll', exception Failed to resolve System.Numerics.Vector4

Field 'System.Numerics.Vector4 SixLabors.ImageSharp.Formats.Jpeg.Components.Block8x8F::V4L' from 'C:\GitHub\Bootstrap\Library\PackageCache\com.unity.testtools.codecoverage@1.2.6\lib\ReportGenerator\ReportGeneratorMerged.dll', exception Failed to resolve System.Numerics.Vector4

Field 'System.Numerics.Vector4 SixLabors.ImageSharp.Formats.Jpeg.Components.Block8x8F::V4R' from 'C:\GitHub\Bootstrap\Library\PackageCache\com.unity.testtools.codecoverage@1.2.6\lib\ReportGenerator\ReportGeneratorMerged.dll', exception Failed to resolve System.Numerics.Vector4

Field 'System.Numerics.Vector4 SixLabors.ImageSharp.Formats.Jpeg.Components.Block8x8F::V5L' from 'C:\GitHub\Bootstrap\Library\PackageCache\com.unity.testtools.codecoverage@1.2.6\lib\ReportGenerator\ReportGeneratorMerged.dll', exception Failed to resolve System.Numerics.Vector4

Field 'System.Numerics.Vector4 SixLabors.ImageSharp.Formats.Jpeg.Components.Block8x8F::V5R' from 'C:\GitHub\Bootstrap\Library\PackageCache\com.unity.testtools.codecoverage@1.2.6\lib\ReportGenerator\ReportGeneratorMerged.dll', exception Failed to resolve System.Numerics.Vector4

Field 'System.Numerics.Vector4 SixLabors.ImageSharp.Formats.Jpeg.Components.Block8x8F::V6L' from 'C:\GitHub\Bootstrap\Library\PackageCache\com.unity.testtools.codecoverage@1.2.6\lib\ReportGenerator\ReportGeneratorMerged.dll', exception Failed to resolve System.Numerics.Vector4

Field 'System.Numerics.Vector4 SixLabors.ImageSharp.Formats.Jpeg.Components.Block8x8F::V6R' from 'C:\GitHub\Bootstrap\Library\PackageCache\com.unity.testtools.codecoverage@1.2.6\lib\ReportGenerator\ReportGeneratorMerged.dll', exception Failed to resolve System.Numerics.Vector4

Field 'System.Numerics.Vector4 SixLabors.ImageSharp.Formats.Jpeg.Components.Block8x8F::V7L' from 'C:\GitHub\Bootstrap\Library\PackageCache\com.unity.testtools.codecoverage@1.2.6\lib\ReportGenerator\ReportGeneratorMerged.dll', exception Failed to resolve System.Numerics.Vector4

Field 'System.Numerics.Vector4 SixLabors.ImageSharp.Formats.Jpeg.Components.Block8x8F::V7R' from 'C:\GitHub\Bootstrap\Library\PackageCache\com.unity.testtools.codecoverage@1.2.6\lib\ReportGenerator\ReportGeneratorMerged.dll', exception Failed to resolve System.Numerics.Vector4

Field 'System.Numerics.Vector4 SixLabors.ImageSharp.Formats.Jpeg.Components.Decoder.ColorConverters.JpegColorConverter/Vector4Octet::V0' from 'C:\GitHub\Bootstrap\Library\PackageCache\com.unity.testtools.codecoverage@1.2.6\lib\ReportGenerator\ReportGeneratorMerged.dll', exception Failed to resolve System.Numerics.Vector4

Field 'System.Numerics.Vector4 SixLabors.ImageSharp.Formats.Jpeg.Components.Decoder.ColorConverters.JpegColorConverter/Vector4Octet::V1' from 'C:\GitHub\Bootstrap\Library\PackageCache\com.unity.testtools.codecoverage@1.2.6\lib\ReportGenerator\ReportGeneratorMerged.dll', exception Failed to resolve System.Numerics.Vector4

Field 'System.Numerics.Vector4 SixLabors.ImageSharp.Formats.Jpeg.Components.Decoder.ColorConverters.JpegColorConverter/Vector4Octet::V2' from 'C:\GitHub\Bootstrap\Library\PackageCache\com.unity.testtools.codecoverage@1.2.6\lib\ReportGenerator\ReportGeneratorMerged.dll', exception Failed to resolve System.Numerics.Vector4

Field 'System.Numerics.Vector4 SixLabors.ImageSharp.Formats.Jpeg.Components.Decoder.ColorConverters.JpegColorConverter/Vector4Octet::V3' from 'C:\GitHub\Bootstrap\Library\PackageCache\com.unity.testtools.codecoverage@1.2.6\lib\ReportGenerator\ReportGeneratorMerged.dll', exception Failed to resolve System.Numerics.Vector4

Field 'System.Numerics.Vector4 SixLabors.ImageSharp.Formats.Jpeg.Components.Decoder.ColorConverters.JpegColorConverter/Vector4Octet::V4' from 'C:\GitHub\Bootstrap\Library\PackageCache\com.unity.testtools.codecoverage@1.2.6\lib\ReportGenerator\ReportGeneratorMerged.dll', exception Failed to resolve System.Numerics.Vector4

Field 'System.Numerics.Vector4 SixLabors.ImageSharp.Formats.Jpeg.Components.Decoder.ColorConverters.JpegColorConverter/Vector4Octet::V5' from 'C:\GitHub\Bootstrap\Library\PackageCache\com.unity.testtools.codecoverage@1.2.6\lib\ReportGenerator\ReportGeneratorMerged.dll', exception Failed to resolve System.Numerics.Vector4

Field 'System.Numerics.Vector4 SixLabors.ImageSharp.Formats.Jpeg.Components.Decoder.ColorConverters.JpegColorConverter/Vector4Octet::V6' from 'C:\GitHub\Bootstrap\Library\PackageCache\com.unity.testtools.codecoverage@1.2.6\lib\ReportGenerator\ReportGeneratorMerged.dll', exception Failed to resolve System.Numerics.Vector4

Field 'System.Numerics.Vector4 SixLabors.ImageSharp.Formats.Jpeg.Components.Decoder.ColorConverters.JpegColorConverter/Vector4Octet::V7' from 'C:\GitHub\Bootstrap\Library\PackageCache\com.unity.testtools.codecoverage@1.2.6\lib\ReportGenerator\ReportGeneratorMerged.dll', exception Failed to resolve System.Numerics.Vector4

Field 'System.Numerics.Vector4 SixLabors.ImageSharp.Tuples.Vector4Pair::A' from 'C:\GitHub\Bootstrap\Library\PackageCache\com.unity.testtools.codecoverage@1.2.6\lib\ReportGenerator\ReportGeneratorMerged.dll', exception Failed to resolve System.Numerics.Vector4

Field 'System.Numerics.Vector4 SixLabors.ImageSharp.Tuples.Vector4Pair::B' from 'C:\GitHub\Bootstrap\Library\PackageCache\com.unity.testtools.codecoverage@1.2.6\lib\ReportGenerator\ReportGeneratorMerged.dll', exception Failed to resolve System.Numerics.Vector4
*** Tundra requires additional run (1.47 seconds), 1 items updated, 1 evaluated
Starting: C:\Program Files\Unity\Hub\Editor\2022.3.62f3\Editor\Data\Tools\netcorerun\netcorerun.exe "C:\Program Files\Unity\Hub\Editor\2022.3.62f3\Editor\Data\Tools\BuildPipeline\ScriptCompilationBuildProgram.exe" "Library/Bee/2100b0aESkipCompile.dag.json" "Library/Bee/2100b0aESkipCompile-inputdata.json" "Library\Bee\buildprogram0.traceevents"
WorkingDir: C:/GitHub/Bootstrap
ExitCode: 0 Duration: 0s206ms
Starting: C:\Program Files\Unity\Hub\Editor\2022.3.62f3\Editor\Data\bee_backend.exe --ipc --defer-dag-verification --dagfile="Library/Bee/2100b0aESkipCompile.dag" --continue-on-failure --dagfilejson="Library\Bee\2100b0aESkipCompile.dag.json" --profile="Library/Bee/backend2.traceevents" ScriptAssembliesAndTypeDB
WorkingDir: C:/GitHub/Bootstrap
ExitCode: 0 Duration: 0s58ms
Finished compiling graph: 4 nodes, 5 flattened edges (5 ToBuild, 0 ToUse), maximum node priority 3
*** Tundra build success (0.03 seconds), 0 items updated, 3 evaluated
Asset Pipeline Refresh (id=afe8c038f206cf54db40b984b1b0f8a4): Total: 0.008 seconds - Initiated by RefreshV2(NoUpdateAssetOptions)
[ScriptCompilation] Requested script compilation because: Recompiling scripts for player build.
BuildPlayer: start building target 21
Total cache size 267051052
Total cache size after purge 267051052
info: Microsoft.AspNetCore.Hosting.Diagnostics[1]
      Request starting HTTP/2 POST http://ilpp/UnityILPP.PostProcessing/Ping application/grpc -
info: Microsoft.AspNetCore.Routing.EndpointMiddleware[0]
      Executing endpoint 'gRPC - /UnityILPP.PostProcessing/Ping'
info: Microsoft.AspNetCore.Routing.EndpointMiddleware[1]
      Executed endpoint 'gRPC - /UnityILPP.PostProcessing/Ping'
info: Microsoft.AspNetCore.Hosting.Diagnostics[2]
      Request finished HTTP/2 POST http://ilpp/UnityILPP.PostProcessing/Ping application/grpc - - 200 - application/grpc 0.5285ms
Starting: C:\Program Files\Unity\Hub\Editor\2022.3.62f3\Editor\Data\bee_backend.exe --ipc --defer-dag-verification --dagfile="Library/Bee/2100b0aP.dag" --continue-on-failure --profile="Library/Bee/backend1.traceevents" ScriptAssembliesAndTypeDB
WorkingDir: C:/GitHub/Bootstrap
Starting: C:\Program Files\Unity\Hub\Editor\2022.3.62f3\Editor\Data\Tools\netcorerun\netcorerun.exe "C:\Program Files\Unity\Hub\Editor\2022.3.62f3\Editor\Data\Tools\BuildPipeline\ScriptCompilationBuildProgram.exe" "Library/Bee/2100b0aP.dag.json" "Library/Bee/2100b0aP-inputdata.json" "Library\Bee\buildprogram0.traceevents"
WorkingDir: C:/GitHub/Bootstrap
ExitCode: 4 Duration: 3s894ms
[223/335    0s] CopyFiles Library/Bee/PlayerScriptAssemblies/UnityEngine.TestRunner.pdb
[229/335    0s] CopyFiles Library/Bee/PlayerScriptAssemblies/UnityEngine.TestRunner.dll
[231/335    0s] CopyFiles Library/Bee/PlayerScriptAssemblies/UnityEngine.UI.dll
[233/335    0s] CopyFiles Library/Bee/PlayerScriptAssemblies/UnityEngine.UI.pdb
[247/335    0s] CopyFiles Library/Bee/PlayerScriptAssemblies/Unity.InternalAPIEngineBridge.003.dll
[254/335    0s] CopyFiles Library/Bee/PlayerScriptAssemblies/UnityEngine.SpatialTracking.dll
[255/335    0s] CopyFiles Library/Bee/PlayerScriptAssemblies/Unity.InternalAPIEngineBridge.003.pdb
[259/335    0s] CopyFiles Library/Bee/PlayerScriptAssemblies/Unity.TextMeshPro.dll
[266/335    0s] CopyFiles Library/Bee/PlayerScriptAssemblies/Unity.Timeline.dll
[268/335    0s] CopyFiles Library/Bee/PlayerScriptAssemblies/Unity.Mathematics.dll
[269/335    0s] CopyFiles Library/Bee/PlayerScriptAssemblies/Unity.TextMeshPro.pdb
[275/335    0s] CopyFiles Library/Bee/PlayerScriptAssemblies/UnityEngine.SpatialTracking.pdb
[278/335    0s] CopyFiles Library/Bee/PlayerScriptAssemblies/Unity.XR.Management.dll
[282/335    0s] CopyFiles Library/Bee/PlayerScriptAssemblies/Unity.VisualScripting.Core.dll
[285/335    0s] CopyFiles Library/Bee/PlayerScriptAssemblies/Unity.InputSystem.ForUI.dll
[286/335    0s] CopyFiles Library/Bee/PlayerScriptAssemblies/Unity.XR.OpenXR.Features.MockRuntime.dll
[288/335    0s] CopyFiles Library/Bee/PlayerScriptAssemblies/Unity.XR.OpenXR.Features.MetaQuestSupport.dll
[289/335    0s] CopyFiles Library/Bee/PlayerScriptAssemblies/Unity.XR.OpenXR.Features.ConformanceAutomation.dll
[290/335    0s] CopyFiles Library/Bee/PlayerScriptAssemblies/Unity.XR.OpenXR.Features.RuntimeDebugger.dll
[291/335    0s] CopyFiles Library/Bee/PlayerScriptAssemblies/Unity.XR.ARFoundation.InternalUtils.dll
[292/335    0s] CopyFiles Library/Bee/PlayerScriptAssemblies/Unity.XR.OpenXR.Features.OculusQuestSupport.dll
[293/335    0s] CopyFiles Library/Bee/PlayerScriptAssemblies/Unity.XR.ARFoundation.dll
[294/335    0s] CopyFiles Library/Bee/PlayerScriptAssemblies/Unity.XR.ARSubsystems.dll
[295/335    0s] CopyFiles Library/Bee/PlayerScriptAssemblies/Unity.VisualScripting.State.dll
[296/335    0s] CopyFiles Library/Bee/PlayerScriptAssemblies/Unity.VisualScripting.Flow.dll
[297/335    0s] CopyFiles Library/Bee/PlayerScriptAssemblies/Unity.XR.Hands.dll
[298/335    0s] CopyFiles Library/Bee/PlayerScriptAssemblies/Unity.XR.ARFoundation.VisualScripting.dll
[299/335    0s] CopyFiles Library/Bee/PlayerScriptAssemblies/Unity.XR.Interaction.Toolkit.Samples.StarterAssets.dll
[300/335    0s] CopyFiles Library/Bee/PlayerScriptAssemblies/Unity.VectorGraphics.dll
[301/335    0s] CopyFiles Library/Bee/PlayerScriptAssemblies/Unity.XR.CoreUtils.dll
[302/335    0s] CopyFiles Library/Bee/PlayerScriptAssemblies/Unity.XR.Interaction.Toolkit.dll
[303/335    0s] CopyFiles Library/Bee/PlayerScriptAssemblies/Unity.InputSystem.dll
[304/335    0s] CopyFiles Library/Bee/PlayerScriptAssemblies/Unity.XR.Hands.pdb
[305/335    0s] CopyFiles Library/Bee/PlayerScriptAssemblies/Unity.XR.ARFoundation.VisualScripting.pdb
[306/335    0s] CopyFiles Library/Bee/PlayerScriptAssemblies/Unity.XR.Interaction.Toolkit.pdb
[307/335    0s] CopyFiles Library/Bee/PlayerScriptAssemblies/Unity.VisualScripting.State.pdb
[308/335    0s] CopyFiles Library/Bee/PlayerScriptAssemblies/Unity.XR.Interaction.Toolkit.Samples.StarterAssets.pdb
[309/335    0s] CopyFiles Library/Bee/PlayerScriptAssemblies/UnityEngine.XR.LegacyInputHelpers.dll
[310/335    0s] CopyFiles Library/Bee/PlayerScriptAssemblies/Unity.XR.OpenXR.dll
[311/335    0s] CopyFiles Library/Bee/PlayerScriptAssemblies/Unity.XR.ARFoundation.pdb
[312/335    0s] CopyFiles Library/Bee/PlayerScriptAssemblies/Unity.XR.OpenXR.Features.RuntimeDebugger.pdb
[313/335    0s] CopyFiles Library/Bee/PlayerScriptAssemblies/Unity.XR.ARFoundation.InternalUtils.pdb
[314/335    0s] CopyFiles Library/Bee/PlayerScriptAssemblies/Unity.VectorGraphics.pdb
[315/335    0s] CopyFiles Library/Bee/PlayerScriptAssemblies/Unity.XR.OpenXR.Features.ConformanceAutomation.pdb
[316/335    0s] CopyFiles Library/Bee/PlayerScriptAssemblies/Unity.XR.ARSubsystems.pdb
[317/335    0s] CopyFiles Library/Bee/PlayerScriptAssemblies/Unity.InputSystem.ForUI.pdb
[318/335    0s] CopyFiles Library/Bee/PlayerScriptAssemblies/Unity.XR.OpenXR.Features.MockRuntime.pdb
[319/335    0s] CopyFiles Library/Bee/PlayerScriptAssemblies/Unity.VisualScripting.Core.pdb
[320/335    0s] CopyFiles Library/Bee/PlayerScriptAssemblies/Unity.XR.OpenXR.Features.MetaQuestSupport.pdb
[321/335    0s] CopyFiles Library/Bee/PlayerScriptAssemblies/Unity.XR.OpenXR.Features.OculusQuestSupport.pdb
[322/335    0s] CopyFiles Library/Bee/PlayerScriptAssemblies/Unity.XR.CoreUtils.pdb
[323/335    0s] CopyFiles Library/Bee/PlayerScriptAssemblies/Unity.VisualScripting.Flow.pdb
[324/335    0s] CopyFiles Library/Bee/PlayerScriptAssemblies/UnityEngine.XR.LegacyInputHelpers.pdb
[325/335    0s] CopyFiles Library/Bee/PlayerScriptAssemblies/Unity.Timeline.pdb
[326/335    0s] CopyFiles Library/Bee/PlayerScriptAssemblies/Unity.XR.OpenXR.pdb
[327/335    0s] CopyFiles Library/Bee/PlayerScriptAssemblies/Unity.Mathematics.pdb
[328/335    0s] CopyFiles Library/Bee/PlayerScriptAssemblies/Unity.XR.Management.pdb
[329/335    0s] CopyFiles Library/Bee/PlayerScriptAssemblies/Unity.InputSystem.pdb
Rebuilding DAG because FileSignature timestamp changed: Library/Bee/2100b0aP-inputdata.json
[330/335    3s] Csc Library/Bee/artifacts/2100b0aP.dag/Assembly-CSharp.dll (+2 others)
Assets\Scripts\SignInferenceClient.cs(295,18): warning CS0414: The field 'SignInferenceClient._legacyAutoSpaceIssuedThisNoHandStreak' is assigned but its value is never used

Assets\Scripts\SignInferenceClient.cs(297,18): warning CS0414: The field 'SignInferenceClient._legacySoftClearIssuedThisNoHandStreak' is assigned but its value is never used

Assets\Scripts\HololensAsrManager.cs(96,36): warning CS0414: The field 'HololensAsrManager._minSpeechFrameRatioToSend' is assigned but its value is never used

Assets\Scripts\HololensAsrManager.cs(126,35): warning CS0414: The field 'HololensAsrManager._rejectWeakShortTailAfterStrongSentence' is assigned but its value is never used

Assets\Scripts\SignInferenceClient.cs(192,36): warning CS0414: The field 'SignInferenceClient.minTop2Margin' is assigned but its value is never used

Assets\Scripts\App.cs(32,18): warning CS0414: The field 'App._italianTranslationOn' is assigned but its value is never used

Assets\Scripts\SignInferenceClient.cs(191,36): warning CS0414: The field 'SignInferenceClient.confidenceThreshold' is assigned but its value is never used

Assets\Scripts\SignInferenceClient.cs(299,18): warning CS0414: The field 'SignInferenceClient._timeSoftClearIssuedThisNoHandStreak' is assigned but its value is never used

Assets\Scripts\HololensAsrManager.cs(127,36): warning CS0414: The field 'HololensAsrManager._tailRejectWindowSeconds' is assigned but its value is never used

Assets\Scripts\HololensAsrManager.cs(128,36): warning CS0414: The field 'HololensAsrManager._tailRejectMaxChunkSeconds' is assigned but its value is never used

Assets\Scripts\HololensAsrManager.cs(129,36): warning CS0414: The field 'HololensAsrManager._tailRejectWeakRms' is assigned but its value is never used
*** Tundra requires additional run (3.86 seconds), 59 items updated, 329 evaluated
ExitCode: 0 Duration: 0s352ms
Starting: C:\Program Files\Unity\Hub\Editor\2022.3.62f3\Editor\Data\bee_backend.exe --ipc --defer-dag-verification --dagfile="Library/Bee/2100b0aP.dag" --continue-on-failure --dagfilejson="Library\Bee\2100b0aP.dag.json" --profile="Library/Bee/backend2.traceevents" ScriptAssembliesAndTypeDB
WorkingDir: C:/GitHub/Bootstrap
ExitCode: 0 Duration: 2s500ms
Finished compiling graph: 336 nodes, 3324 flattened edges (2942 ToBuild, 60 ToUse), maximum node priority 219
[331/335    0s] CopyFiles Library/Bee/PlayerScriptAssemblies/Assembly-CSharp.pdb
[332/335    0s] CopyFiles Library/Bee/PlayerScriptAssemblies/Assembly-CSharp.dll
[334/335    0s] BuildPlayerDataGenerator Library/BuildPlayerData/Player/RuntimeInitializeOnLoads.json (+1 other)
*** Tundra build success (2.47 seconds), 3 items updated, 335 evaluated
Total cache size 267051052
Total cache size after purge 267051052
Not rebuilding Data files -- no changes
[Licensing::Client] Successfully resolved entitlement details
[Licensing::Client] Successfully resolved entitlement details
Asset Pipeline Refresh (id=c179f2e301cc6554790db69188eedb8d): Total: 0.056 seconds - Initiated by RefreshV2(NoUpdateAssetOptions)


Mono dependencies included in the build
Dependency assembly - System.Data.Linq.dll
Dependency assembly - System.Globalization.Extensions.dll
Dependency assembly - System.IO.FileSystem.Primitives.dll
Dependency assembly - System.IdentityModel.dll
Dependency assembly - System.Console.dll
Dependency assembly - System.Reflection.Context.dll
Dependency assembly - System.EnterpriseServices.dll
Dependency assembly - Mono.Security.dll
Dependency assembly - System.Diagnostics.TextWriterTraceListener.dll
Dependency assembly - System.Data.Services.dll
Dependency assembly - System.Dynamic.Runtime.dll
Dependency assembly - System.Data.Services.Client.dll
Dependency assembly - System.Security.Cryptography.ProtectedData.dll
Dependency assembly - System.Resources.ReaderWriter.dll
Dependency assembly - System.Resources.Writer.dll
Dependency assembly - System.ServiceProcess.ServiceController.dll
Dependency assembly - System.Security.Principal.Windows.dll
Dependency assembly - System.Security.Cryptography.Hashing.dll
Dependency assembly - System.Diagnostics.FileVersionInfo.dll
Dependency assembly - System.Security.Cryptography.Csp.dll
Dependency assembly - System.Data.SqlClient.dll
Dependency assembly - System.Security.dll
Dependency assembly - Unity.Timeline.dll
Dependency assembly - System.Security.Cryptography.Hashing.Algorithms.dll
Dependency assembly - Microsoft.CSharp.dll
Dependency assembly - System.Windows.Forms.dll
Dependency assembly - System.Security.AccessControl.dll
Dependency assembly - System.Xml.Serialization.dll
Dependency assembly - System.Runtime.Serialization.Formatters.Soap.dll
Dependency assembly - System.Runtime.InteropServices.dll
Dependency assembly - Unity.XR.Interaction.Toolkit.dll
Dependency assembly - System.Security.Cryptography.Encoding.dll
Dependency assembly - System.ServiceModel.Activation.dll
Dependency assembly - System.ServiceModel.Web.dll
Dependency assembly - System.Threading.Thread.dll
Dependency assembly - System.Net.NetworkInformation.dll
Dependency assembly - System.Reflection.Emit.ILGeneration.dll
Dependency assembly - System.ComponentModel.EventBasedAsync.dll
Dependency assembly - System.Net.Requests.dll
Dependency assembly - System.Linq.dll
Dependency assembly - System.IO.FileSystem.AccessControl.dll
Dependency assembly - UnityEngine.UI.dll
Dependency assembly - System.Threading.Tasks.Parallel.dll
Dependency assembly - System.Threading.dll
Dependency assembly - System.Resources.ResourceManager.dll
Dependency assembly - System.ServiceModel.Routing.dll
Dependency assembly - System.Net.Security.dll
Dependency assembly - System.Net.Http.dll
Dependency assembly - System.Numerics.Vectors.dll
Dependency assembly - System.IdentityModel.Selectors.dll
Dependency assembly - System.Net.Ping.dll
Dependency assembly - System.Net.Cache.dll
Dependency assembly - System.DirectoryServices.Protocols.dll
Dependency assembly - Unity.InternalAPIEngineBridge.003.dll
Dependency assembly - System.Design.dll
Dependency assembly - System.Numerics.dll
Dependency assembly - System.Web.DynamicData.dll
Dependency assembly - System.ServiceProcess.dll
Dependency assembly - Assembly-CSharp.dll
Dependency assembly - System.ComponentModel.TypeConverter.dll
Dependency assembly - System.Runtime.InteropServices.WindowsRuntime.dll
Dependency assembly - System.Linq.Expressions.dll
Dependency assembly - System.Text.Encoding.dll
Dependency assembly - System.Security.Cryptography.X509Certificates.dll
Dependency assembly - Unity.VisualScripting.State.dll
Dependency assembly - System.Globalization.Calendars.dll
Dependency assembly - System.Diagnostics.Contracts.dll
Dependency assembly - System.Threading.ThreadPool.dll
Dependency assembly - System.Xml.Linq.dll
Dependency assembly - System.Text.RegularExpressions.dll
Dependency assembly - System.Net.Sockets.dll
Dependency assembly - System.Net.HttpListener.dll
Dependency assembly - System.Net.dll
Dependency assembly - Unity.XR.OpenXR.dll
Dependency assembly - System.Runtime.dll
Dependency assembly - Unity.XR.ARFoundation.dll
Dependency assembly - System.Messaging.dll
Dependency assembly - Unity.VectorGraphics.dll
Dependency assembly - System.Net.WebHeaderCollection.dll
Dependency assembly - Unity.TextMeshPro.dll
Dependency assembly - System.Runtime.CompilerServices.VisualC.dll
Dependency assembly - netstandard.dll
Dependency assembly - System.Data.DataSetExtensions.dll
Dependency assembly - System.Xml.Xsl.Primitives.dll
Dependency assembly - System.Security.Cryptography.RandomNumberGenerator.dll
Dependency assembly - System.ServiceModel.Primitives.dll
Dependency assembly - System.Collections.Concurrent.dll
Dependency assembly - System.ComponentModel.Primitives.dll
Dependency assembly - System.Security.Claims.dll
Dependency assembly - System.ServiceModel.dll
Dependency assembly - System.Data.Common.dll
Dependency assembly - System.Windows.dll
Dependency assembly - System.Reflection.Extensions.dll
Dependency assembly - System.Web.dll
Dependency assembly - Unity.InputSystem.ForUI.dll
Dependency assembly - Unity.XR.OpenXR.Features.OculusQuestSupport.dll
Dependency assembly - Microsoft.Win32.Primitives.dll
Dependency assembly - System.Linq.Parallel.dll
Dependency assembly - Mono.Data.Tds.dll
Dependency assembly - System.ComponentModel.Composition.dll
Dependency assembly - System.ComponentModel.Annotations.dll
Dependency assembly - System.IO.FileSystem.Watcher.dll
Dependency assembly - System.Configuration.Install.dll
Dependency assembly - System.Runtime.Extensions.dll
Dependency assembly - System.Reflection.TypeExtensions.dll
Dependency assembly - System.Threading.Timer.dll
Dependency assembly - Unity.VisualScripting.Flow.dll
Dependency assembly - Unity.XR.OpenXR.Features.RuntimeDebugger.dll
Dependency assembly - System.Text.Encoding.CodePages.dll
Dependency assembly - System.Management.dll
Dependency assembly - System.IO.Compression.dll
Dependency assembly - System.Net.Http.WebRequest.dll
Dependency assembly - System.Reflection.Emit.dll
Dependency assembly - System.Xaml.dll
Dependency assembly - System.IO.UnmanagedMemoryStream.dll
Dependency assembly - System.Runtime.DurableInstancing.dll
Dependency assembly - System.Web.Extensions.dll
Dependency assembly - System.ServiceModel.Internals.dll
Dependency assembly - System.IO.MemoryMappedFiles.dll
Dependency assembly - System.Diagnostics.Tracing.dll
Dependency assembly - System.Runtime.Loader.dll
Dependency assembly - System.Runtime.Numerics.dll
Dependency assembly - Microsoft.Win32.Registry.dll
Dependency assembly - System.Runtime.Handles.dll
Dependency assembly - System.Diagnostics.Process.dll
Dependency assembly - System.Xml.ReaderWriter.dll
Dependency assembly - System.Threading.AccessControl.dll
Dependency assembly - System.Threading.Tasks.dll
Dependency assembly - Unity.XR.CoreUtils.dll
Dependency assembly - System.Windows.Forms.DataVisualization.dll
Dependency assembly - UnityEngine.SpatialTracking.dll
Dependency assembly - Unity.XR.Interaction.Toolkit.Samples.StarterAssets.dll
Dependency assembly - System.ComponentModel.dll
Dependency assembly - System.Reflection.DispatchProxy.dll
Dependency assembly - System.Reflection.Emit.Lightweight.dll
Dependency assembly - System.Security.Cryptography.Encryption.ECDsa.dll
Dependency assembly - Unity.XR.Management.dll
Dependency assembly - Unity.VisualScripting.Core.dll
Dependency assembly - System.Runtime.Serialization.dll
Dependency assembly - System.Net.ServicePoint.dll
Dependency assembly - System.IO.Pipes.dll
Dependency assembly - System.ObjectModel.dll
Dependency assembly - Mono.Data.Sqlite.dll
Dependency assembly - System.Text.Encoding.Extensions.dll
Dependency assembly - Unity.XR.OpenXR.Features.MockRuntime.dll
Dependency assembly - System.Drawing.Primitives.dll
Dependency assembly - System.DirectoryServices.dll
Dependency assembly - System.ServiceModel.Http.dll
Dependency assembly - System.Configuration.dll
Dependency assembly - System.ComponentModel.DataAnnotations.dll
Dependency assembly - System.Drawing.dll
Dependency assembly - System.Web.ApplicationServices.dll
Dependency assembly - System.Diagnostics.Debug.dll
Dependency assembly - Microsoft.Win32.Registry.AccessControl.dll
Dependency assembly - System.Xml.XPath.XmlDocument.dll
Dependency assembly - System.Data.OracleClient.dll
Dependency assembly - System.Security.Cryptography.Encryption.ECDiffieHellman.dll
Dependency assembly - System.IO.FileSystem.DriveInfo.dll
Dependency assembly - System.Security.Cryptography.Encryption.Aes.dll
Dependency assembly - System.Collections.NonGeneric.dll
Dependency assembly - System.Diagnostics.StackTrace.dll
Dependency assembly - System.Security.Cryptography.Primitives.dll
Dependency assembly - System.Web.Services.dll
Dependency assembly - System.Json.dll
Dependency assembly - System.Threading.Overlapped.dll
Dependency assembly - System.Globalization.dll
Dependency assembly - System.Transactions.dll
Dependency assembly - System.Net.WebSockets.Client.dll
Dependency assembly - System.ServiceModel.Discovery.dll
Dependency assembly - System.Core.dll
Dependency assembly - System.Runtime.Serialization.Xml.dll
Dependency assembly - Unity.XR.ARFoundation.VisualScripting.dll
Dependency assembly - System.Xml.XDocument.dll
Dependency assembly - System.Web.Extensions.Design.dll
Dependency assembly - Unity.XR.OpenXR.Features.MetaQuestSupport.dll
Dependency assembly - System.Collections.dll
Dependency assembly - System.Buffers.dll
Dependency assembly - System.Runtime.Serialization.Json.dll
Dependency assembly - System.ServiceModel.Security.dll
Dependency assembly - System.Collections.Specialized.dll
Dependency assembly - System.IO.dll
Dependency assembly - Unity.XR.Hands.dll
Dependency assembly - System.Security.Cryptography.Cng.dll
Dependency assembly - System.Xml.dll
Dependency assembly - System.Security.Cryptography.OpenSsl.dll
Dependency assembly - Unity.Mathematics.dll
Dependency assembly - System.IO.Compression.ZipFile.dll
Dependency assembly - Accessibility.dll
Dependency assembly - System.Net.Mail.dll
Dependency assembly - System.dll
Dependency assembly - System.Security.Cryptography.Pkcs.dll
Dependency assembly - UnityEngine.XR.LegacyInputHelpers.dll
Dependency assembly - System.Security.Cryptography.RSA.dll
Dependency assembly - Unity.XR.OpenXR.Features.ConformanceAutomation.dll
Dependency assembly - System.Runtime.InteropServices.RuntimeInformation.dll
Dependency assembly - System.Runtime.Remoting.dll
Dependency assembly - System.ServiceModel.NetTcp.dll
Dependency assembly - System.Net.AuthenticationManager.dll
Dependency assembly - System.IO.FileSystem.dll
Dependency assembly - System.Resources.Reader.dll
Dependency assembly - System.Runtime.Serialization.Formatters.dll
Dependency assembly - System.Net.Primitives.dll
Dependency assembly - System.Net.NameResolution.dll
Dependency assembly - System.Data.dll
Dependency assembly - System.Reflection.dll
Dependency assembly - System.AppContext.dll
Dependency assembly - System.Linq.Queryable.dll
Dependency assembly - System.Security.Cryptography.Encryption.dll
Dependency assembly - System.Xml.XPath.XDocument.dll
Dependency assembly - System.Drawing.Design.dll
Dependency assembly - System.Security.Cryptography.Algorithms.dll
Dependency assembly - System.Reflection.Primitives.dll
Dependency assembly - Unity.XR.ARSubsystems.dll
Dependency assembly - System.Diagnostics.TraceSource.dll
Dependency assembly - System.Security.Cryptography.DeriveBytes.dll
Dependency assembly - System.Data.Entity.dll
Dependency assembly - System.Security.SecureString.dll
Dependency assembly - System.Memory.dll
Dependency assembly - mscorlib.dll
Dependency assembly - System.Runtime.Caching.dll
Dependency assembly - System.Net.Utilities.dll
Dependency assembly - System.Xml.XmlDocument.dll
Dependency assembly - System.Runtime.Serialization.Primitives.dll
Dependency assembly - Unity.XR.ARFoundation.InternalUtils.dll
Dependency assembly - System.Diagnostics.Tools.dll
Dependency assembly - Unity.VisualScripting.Antlr3.Runtime.dll
Dependency assembly - Unity.InputSystem.dll
Dependency assembly - System.Threading.Tasks.Extensions.dll
Dependency assembly - System.Web.RegularExpressions.dll
Dependency assembly - System.ServiceModel.Duplex.dll
Dependency assembly - System.ValueTuple.dll
Dependency assembly - System.Xml.XmlSerializer.dll
Dependency assembly - System.Security.Principal.dll
Dependency assembly - System.Net.WebSockets.dll
Dependency assembly - System.Diagnostics.TraceEvent.dll
Dependency assembly - System.Xml.XPath.dll
Dependency assembly - System.IO.Compression.FileSystem.dll
Dependency assembly - System.IO.IsolatedStorage.dll

info: Microsoft.AspNetCore.Hosting.Diagnostics[1]
      Request starting HTTP/2 POST http://ilpp/UnityILPP.PostProcessing/Ping application/grpc -
info: Microsoft.AspNetCore.Routing.EndpointMiddleware[0]
      Executing endpoint 'gRPC - /UnityILPP.PostProcessing/Ping'
info: Microsoft.AspNetCore.Routing.EndpointMiddleware[1]
      Executed endpoint 'gRPC - /UnityILPP.PostProcessing/Ping'
info: Microsoft.AspNetCore.Hosting.Diagnostics[2]
      Request finished HTTP/2 POST http://ilpp/UnityILPP.PostProcessing/Ping application/grpc - - 200 - application/grpc 0.4848ms
Starting: C:\Program Files\Unity\Hub\Editor\2022.3.62f3\Editor\Data\bee_backend.exe --ipc --dagfile="Library/Bee/Playerf40bd933.dag" --profile="Library/Bee/backend1.traceevents" Player
WorkingDir: C:/GitHub/Bootstrap
Rebuilding DAG because FileSignature timestamp changed: Library/Bee/Playerf40bd933-inputdata.json
DisplayProgressbar: Incremental Player Build
*** Tundra requires additional run (0.10 seconds), 0 items updated, 0 evaluated
Starting: C:\Program Files\Unity\Hub\Editor\2022.3.62f3\Editor\Data\Tools\netcorerun\netcorerun.exe "C:\Program Files\Unity\Hub\Editor\2022.3.62f3\Editor\Data\PlaybackEngines\MetroSupport\UWPPlayerBuildProgram.exe" "C:/Program Files/Unity/Hub/Editor/2022.3.62f3/Editor/Data/PlaybackEngines/MetroSupport/Bee;C:/Program Files/Unity/Hub/Editor/2022.3.62f3/Editor/Data/Tools/BuildPipeline" "Library/Bee/Playerf40bd933.dag.json" "Library/Bee/Playerf40bd933-inputdata.json" "Library\Bee\buildprogram0.traceevents"
WorkingDir: C:/GitHub/Bootstrap
ExitCode: 4 Duration: 0s125ms
ExitCode: 0 Duration: 1s966ms
Starting: C:\Program Files\Unity\Hub\Editor\2022.3.62f3\Editor\Data\bee_backend.exe --ipc --dagfile="Library/Bee/Playerf40bd933.dag" --dagfilejson="Library\Bee\Playerf40bd933.dag.json" --profile="Library/Bee/backend2.traceevents" Player
WorkingDir: C:/GitHub/Bootstrap
Finished compiling graph: 2854 nodes, 6424 flattened edges (6424 ToBuild, 0 ToUse), maximum node priority 728
[2130/2853  0s] AddBootConfigGUID Library/Bee/artifacts/UWPPlayerBuildProgram/boot.config
[2131/2853  0s] CopyFiles C:/GitHub/Bootstrap/UWP/BootstrapNMT/Data/boot.config
[BUSY       7s] UnityLinker C:/GitHub/Bootstrap/Library/Bee/artifacts/unitylinker_7dsk.traceevents
[2132/2853 12s] UnityLinker C:/GitHub/Bootstrap/Library/Bee/artifacts/unitylinker_7dsk.traceevents
C:\Program Files\Unity\Hub\Editor\2022.3.62f3\Editor\Data\il2cpp\build\deploy\UnityLinker.exe @Library\Bee\artifacts\rsp\18400855877534733664.rsp
[2239/2853  0s] CopyFiles C:/GitHub/Bootstrap/UWP/BootstrapNMT/Managed/Assembly-CSharp.pdb
[2257/2853  0s] CopyFiles C:/GitHub/Bootstrap/UWP/BootstrapNMT/Managed/System.dll
[2261/2853  0s] CopyFiles C:/GitHub/Bootstrap/UWP/BootstrapNMT/Managed/mscorlib.dll
[2262/2853  0s] CopyFiles C:/GitHub/Bootstrap/UWP/BootstrapNMT/Managed/Assembly-CSharp.dll
[BUSY       6s] IL2CPP_CodeGen C:/GitHub/Bootstrap/Library/Bee/artifacts/il2cpp_conv_ldu6.traceevents
[W] FindFirstFile() failed: C:\GitHub\Bootstrap\Library\Bee\artifacts\UWPPlayerBuildProgram\il2cppOutput\cpp\Symbols
[2266/2853 11s] IL2CPP_CodeGen C:/GitHub/Bootstrap/Library/Bee/artifacts/il2cpp_conv_ldu6.traceevents
C:\Program Files\Unity\Hub\Editor\2022.3.62f3\Editor\Data\il2cpp\build\deploy\il2cpp.exe @Library\Bee\artifacts\rsp\1476297157268351397.rsp
[2383/2853  0s] CopyFiles C:/GitHub/Bootstrap/UWP/Il2CppOutputProject/Source/il2cppOutput/GenericMethods__15.cpp
[2389/2853  0s] CopyFiles C:/GitHub/Bootstrap/UWP/Il2CppOutputProject/Source/il2cppOutput/GenericMethods__11.cpp
[2390/2853  0s] CopyFiles C:/GitHub/Bootstrap/UWP/Il2CppOutputProject/Source/il2cppOutput/Il2CppCCalculateTypeValues1.cpp
[2402/2853  0s] CopyFiles C:/GitHub/Bootstrap/UWP/Il2CppOutputProject/Source/il2cppOutput/Unity.XR.Interaction.Toolkit.Samples.StarterAssets_CodeGen.c
[2408/2853  0s] CopyFiles C:/GitHub/Bootstrap/UWP/Il2CppOutputProject/Source/il2cppOutput/GenericMethods.cpp
[2409/2853  0s] CopyFiles C:/GitHub/Bootstrap/UWP/Il2CppOutputProject/Source/il2cppOutput/Unity.XR.OpenXR.Features.RuntimeDebugger_CodeGen.c
[2413/2853  0s] CopyFiles C:/GitHub/Bootstrap/UWP/Il2CppOutputProject/Source/il2cppOutput/Unity.XR.Management_CodeGen.c
[2421/2853  0s] CopyFiles C:/GitHub/Bootstrap/UWP/Il2CppOutputProject/Source/il2cppOutput/Unity.XR.OpenXR.Features.OculusQuestSupport_CodeGen.c
[2446/2853  0s] CopyFiles C:/GitHub/Bootstrap/UWP/Il2CppOutputProject/Source/il2cppOutput/Il2CppCCWs__203.cpp
[2449/2853  0s] CopyFiles C:/GitHub/Bootstrap/UWP/Il2CppOutputProject/Source/il2cppOutput/Il2CppCCWs__201.cpp
[2481/2853  0s] CopyFiles C:/GitHub/Bootstrap/UWP/Il2CppOutputProject/Source/il2cppOutput/GenericMethods__4.cpp
[2512/2853  0s] CopyFiles C:/GitHub/Bootstrap/UWP/Il2CppOutputProject/Source/il2cppOutput/Il2CppMetadataUsage.c
[2515/2853  0s] CopyFiles C:/GitHub/Bootstrap/UWP/Il2CppOutputProject/Source/il2cppOutput/GenericMethods__5.cpp
[2519/2853  0s] CopyFiles C:/GitHub/Bootstrap/UWP/Il2CppOutputProject/Source/il2cppOutput/Unity.XR.ARFoundation.VisualScripting_CodeGen.c
[2520/2853  0s] CopyFiles C:/GitHub/Bootstrap/UWP/Il2CppOutputProject/Source/il2cppOutput/UnityEngine.VFXModule_CodeGen.c
[2521/2853  0s] CopyFiles C:/GitHub/Bootstrap/UWP/Il2CppOutputProject/Source/il2cppOutput/UnityEngine.ParticleSystemModule_CodeGen.c
[2523/2853  0s] CopyFiles C:/GitHub/Bootstrap/UWP/Il2CppOutputProject/Source/il2cppOutput/GenericMethods__13.cpp
[2524/2853  0s] CopyFiles C:/GitHub/Bootstrap/UWP/Il2CppOutputProject/Source/il2cppOutput/UnityEngine.PropertiesModule_CodeGen.c
[2525/2853  0s] CopyFiles C:/GitHub/Bootstrap/UWP/BootstrapNMT/Data/il2cpp_data/Metadata/global-metadata.dat
[2527/2853  0s] CopyFiles C:/GitHub/Bootstrap/UWP/Il2CppOutputProject/Source/il2cppOutput/Assembly-CSharp.cpp
[2528/2853  0s] CopyFiles C:/GitHub/Bootstrap/UWP/Il2CppOutputProject/Source/il2cppOutput/GenericMethods__16.cpp
[2529/2853  0s] CopyFiles C:/GitHub/Bootstrap/UWP/Il2CppOutputProject/Source/il2cppOutput/UnityEngine.SharedInternalsModule_CodeGen.c
[2534/2853  0s] CopyFiles C:/GitHub/Bootstrap/UWP/Il2CppOutputProject/Source/il2cppOutput/UnityEngine.TextRenderingModule_CodeGen.c
[2536/2853  0s] CopyFiles C:/GitHub/Bootstrap/UWP/Il2CppOutputProject/Source/il2cppOutput/Il2CppCCalculateFieldValues1.cpp
[2538/2853  0s] CopyFiles C:/GitHub/Bootstrap/UWP/Il2CppOutputProject/Source/il2cppOutput/GenericMethods__19.cpp
[2541/2853  0s] CopyFiles C:/GitHub/Bootstrap/UWP/Il2CppOutputProject/Source/il2cppOutput/Unity.Mathematics_CodeGen.c
[2542/2853  0s] CopyFiles C:/GitHub/Bootstrap/UWP/Il2CppOutputProject/Source/il2cppOutput/UnityEngine.IMGUIModule_CodeGen.c
[2545/2853  0s] CopyFiles C:/GitHub/Bootstrap/UWP/Il2CppOutputProject/Source/il2cppOutput/UnityEngine.TilemapModule_CodeGen.c
[2546/2853  0s] CopyFiles C:/GitHub/Bootstrap/UWP/Il2CppOutputProject/Source/il2cppOutput/Il2CppMetadataRegistration.c
[2550/2853  0s] CopyFiles C:/GitHub/Bootstrap/UWP/Il2CppOutputProject/Source/il2cppOutput/UnityEngine.AnimationModule_CodeGen.c
[2551/2853  0s] CopyFiles C:/GitHub/Bootstrap/UWP/Il2CppOutputProject/Source/il2cppOutput/UnityEngine.TerrainModule_CodeGen.c
[2552/2853  0s] CopyFiles C:/GitHub/Bootstrap/UWP/Il2CppOutputProject/Source/il2cppOutput/UnityEngine.InputLegacyModule_CodeGen.c
[2553/2853  0s] CopyFiles C:/GitHub/Bootstrap/UWP/Il2CppOutputProject/Source/il2cppOutput/System.Runtime.WindowsRuntime.UI.Xaml_CodeGen.c
[2554/2853  0s] CopyFiles C:/GitHub/Bootstrap/UWP/Il2CppOutputProject/Source/il2cppOutput/UnityEngine.TextCoreFontEngineModule_CodeGen.c
[2555/2853  0s] CopyFiles C:/GitHub/Bootstrap/UWP/Il2CppOutputProject/Source/il2cppOutput/Assembly-CSharp__1.cpp
[2559/2853  0s] CopyFiles C:/GitHub/Bootstrap/UWP/Il2CppOutputProject/Source/il2cppOutput/UnityEngine.GridModule_CodeGen.c
[2561/2853  0s] CopyFiles C:/GitHub/Bootstrap/UWP/Il2CppOutputProject/Source/il2cppOutput/GenericMethods__6.cpp
[2562/2853  0s] CopyFiles C:/GitHub/Bootstrap/UWP/Il2CppOutputProject/Source/il2cppOutput/Unity.XR.CoreUtils_CodeGen.c
[2569/2853  0s] CopyFiles C:/GitHub/Bootstrap/UWP/Il2CppOutputProject/Source/il2cppOutput/UnityEngine.PhysicsModule_CodeGen.c
[2570/2853  0s] CopyFiles C:/GitHub/Bootstrap/UWP/Il2CppOutputProject/Source/il2cppOutput/UnityEngine.DirectorModule_CodeGen.c
[2572/2853  0s] CopyFiles C:/GitHub/Bootstrap/UWP/Il2CppOutputProject/Source/il2cppOutput/WindowsRuntimeMetadata_CodeGen.c
[2579/2853  0s] CopyFiles C:/GitHub/Bootstrap/UWP/Il2CppOutputProject/Source/il2cppOutput/GenericMethods__14.cpp
[2581/2853  0s] CopyFiles C:/GitHub/Bootstrap/UWP/Il2CppOutputProject/Source/il2cppOutput/Assembly-CSharp__2.cpp
[2586/2853  0s] CopyFiles C:/GitHub/Bootstrap/UWP/Il2CppOutputProject/Source/il2cppOutput/UnityEngine.TextCoreTextEngineModule_CodeGen.c
[2587/2853  0s] CopyFiles C:/GitHub/Bootstrap/UWP/Il2CppOutputProject/Source/il2cppOutput/Il2CppCCFieldValuesTable.cpp
[2589/2853  0s] CopyFiles C:/GitHub/Bootstrap/UWP/Il2CppOutputProject/Source/il2cppOutput/UnityEngine.CoreModule_CodeGen.c
[2613/2853  0s] CopyFiles C:/GitHub/Bootstrap/UWP/Il2CppOutputProject/Source/il2cppOutput/Generics__83.cpp
[2664/2853  0s] CopyFiles C:/GitHub/Bootstrap/UWP/Il2CppOutputProject/Source/il2cppOutput/System_CodeGen.c
[2682/2853  0s] CopyFiles C:/GitHub/Bootstrap/UWP/Il2CppOutputProject/Source/il2cppOutput/UnityEngine.VRModule_CodeGen.c
[2685/2853  0s] CopyFiles C:/GitHub/Bootstrap/UWP/Il2CppOutputProject/Source/il2cppOutput/UnityEngine.UIModule_CodeGen.c
[2689/2853  0s] CopyFiles C:/GitHub/Bootstrap/UWP/Il2CppOutputProject/Source/il2cppOutput/UnityEngine.XRModule_CodeGen.c
[2690/2853  0s] CopyFiles C:/GitHub/Bootstrap/UWP/Il2CppOutputProject/Source/il2cppOutput/Unity.XR.Hands_CodeGen.c
[2691/2853  0s] CopyFiles C:/GitHub/Bootstrap/UWP/Il2CppOutputProject/Source/il2cppOutput/Il2CppGenericClassTable.c
[2695/2853  0s] CopyFiles C:/GitHub/Bootstrap/UWP/Il2CppOutputProject/Source/il2cppOutput/UnityEngine.UI_CodeGen.c
[2698/2853  0s] CopyFiles C:/GitHub/Bootstrap/UWP/Il2CppOutputProject/Source/il2cppOutput/Il2CppGenericMethodDefinitions.c
[2701/2853  0s] CopyFiles C:/GitHub/Bootstrap/UWP/Il2CppOutputProject/Source/il2cppOutput/UnityEngine.AIModule_CodeGen.c
[2703/2853  0s] CopyFiles C:/GitHub/Bootstrap/UWP/Il2CppOutputProject/Source/il2cppOutput/Unity.VisualScripting.Core_CodeGen.c
[2705/2853  0s] CopyFiles C:/GitHub/Bootstrap/UWP/Il2CppOutputProject/Source/il2cppOutput/Unity.XR.OpenXR.Features.MetaQuestSupport_CodeGen.c
[2706/2853  0s] CopyFiles C:/GitHub/Bootstrap/UWP/Il2CppOutputProject/Source/il2cppOutput/__Generated_CodeGen.c
[2709/2853  0s] CopyFiles C:/GitHub/Bootstrap/UWP/Il2CppOutputProject/Source/il2cppOutput/System.Xml_CodeGen.c
[2711/2853  0s] CopyFiles C:/GitHub/Bootstrap/UWP/Il2CppOutputProject/Source/il2cppOutput/UnityEngine.ImageConversionModule_CodeGen.c
[2718/2853  0s] CopyFiles C:/GitHub/Bootstrap/UWP/Il2CppOutputProject/Source/il2cppOutput/System.Core_CodeGen.c
[2722/2853  0s] CopyFiles C:/GitHub/Bootstrap/UWP/Il2CppOutputProject/Source/il2cppOutput/Unity.XR.Interaction.Toolkit_CodeGen.c
[2728/2853  0s] CopyFiles C:/GitHub/Bootstrap/UWP/Il2CppOutputProject/Source/il2cppOutput/Il2CppGenericMethodTable.c
[2733/2853  0s] CopyFiles C:/GitHub/Bootstrap/UWP/Il2CppOutputProject/Source/il2cppOutput/System__2.cpp
[2738/2853  0s] CopyFiles C:/GitHub/Bootstrap/UWP/Il2CppOutputProject/Source/il2cppOutput/GenericMethods__1.cpp
[2753/2853  0s] CopyFiles C:/GitHub/Bootstrap/UWP/Il2CppOutputProject/Source/il2cppOutput/System__3.cpp
[2768/2853  0s] CopyFiles C:/GitHub/Bootstrap/UWP/Il2CppOutputProject/Source/il2cppOutput/UnityEngine.Physics2DModule_CodeGen.c
[2770/2853  0s] CopyFiles C:/GitHub/Bootstrap/UWP/Il2CppOutputProject/Source/il2cppOutput/Il2CppTypeDefinitions.c
[2772/2853  0s] CopyFiles C:/GitHub/Bootstrap/UWP/Il2CppOutputProject/Source/il2cppOutput/UnityEngine.InputModule_CodeGen.c
[2774/2853  0s] CopyFiles C:/GitHub/Bootstrap/UWP/Il2CppOutputProject/Source/il2cppOutput/Unity.VisualScripting.Flow_CodeGen.c
[2776/2853  0s] CopyFiles C:/GitHub/Bootstrap/UWP/Il2CppOutputProject/Source/il2cppOutput/Unity.XR.OpenXR.Features.ConformanceAutomation_CodeGen.c
[2777/2853  0s] CopyFiles C:/GitHub/Bootstrap/UWP/Il2CppOutputProject/Source/il2cppOutput/System.Runtime.WindowsRuntime_CodeGen.c
[2784/2853  0s] CopyFiles C:/GitHub/Bootstrap/UWP/Il2CppOutputProject/Source/il2cppOutput/System.Configuration_CodeGen.c
[2786/2853  0s] CopyFiles C:/GitHub/Bootstrap/UWP/Il2CppOutputProject/Source/il2cppOutput/UnityEngine.UnityAnalyticsModule_CodeGen.c
[2789/2853  0s] CopyFiles C:/GitHub/Bootstrap/UWP/Il2CppOutputProject/Source/il2cppOutput/Il2CppCCalculateFieldValues2.cpp
[2793/2853  0s] CopyFiles C:/GitHub/Bootstrap/UWP/Il2CppOutputProject/Source/il2cppOutput/Mono.Security_CodeGen.c
[2795/2853  0s] CopyFiles C:/GitHub/Bootstrap/UWP/Il2CppOutputProject/Source/il2cppOutput/Unity.XR.ARFoundation_CodeGen.c
[2806/2853  0s] CopyFiles C:/GitHub/Bootstrap/UWP/Il2CppOutputProject/Source/il2cppOutput/UnityEngine.UnityWebRequestModule_CodeGen.c
[2807/2853  0s] CopyFiles C:/GitHub/Bootstrap/UWP/Il2CppOutputProject/Source/il2cppOutput/Unity.XR.ARSubsystems_CodeGen.c
[2808/2853  0s] CopyFiles C:/GitHub/Bootstrap/UWP/Il2CppOutputProject/Source/il2cppOutput/UnityEngine.JSONSerializeModule_CodeGen.c
[2810/2853  0s] CopyFiles C:/GitHub/Bootstrap/UWP/Il2CppOutputProject/Source/il2cppOutput/UnityEngine.SpatialTracking_CodeGen.c
[2811/2853  0s] CopyFiles C:/GitHub/Bootstrap/UWP/Il2CppOutputProject/Source/il2cppOutput/Unity.XR.OpenXR.Features.MockRuntime_CodeGen.c
[2814/2853  0s] CopyFiles C:/GitHub/Bootstrap/UWP/Il2CppOutputProject/Source/il2cppOutput/Il2CppRgctxTable.c
[2815/2853  0s] CopyFiles C:/GitHub/Bootstrap/UWP/Il2CppOutputProject/Source/il2cppOutput/UnityEngine.VideoModule_CodeGen.c
[2816/2853  0s] CopyFiles C:/GitHub/Bootstrap/UWP/Il2CppOutputProject/Source/il2cppOutput/GenericMethods__2.cpp
[2817/2853  0s] CopyFiles C:/GitHub/Bootstrap/UWP/Il2CppOutputProject/Source/il2cppOutput/GenericMethods__8.cpp
[2818/2853  0s] CopyFiles C:/GitHub/Bootstrap/UWP/Il2CppOutputProject/Source/il2cppOutput/UnityEngine.AudioModule_CodeGen.c
[2819/2853  0s] CopyFiles C:/GitHub/Bootstrap/UWP/Il2CppOutputProject/Source/il2cppOutput/UnityEngine.AndroidJNIModule_CodeGen.c
[2822/2853  0s] CopyFiles C:/GitHub/Bootstrap/UWP/Il2CppOutputProject/Source/il2cppOutput/GenericMethods__12.cpp
[2823/2853  0s] CopyFiles C:/GitHub/Bootstrap/UWP/Il2CppOutputProject/Source/il2cppOutput/mscorlib_CodeGen.c
[2825/2853  0s] CopyFiles C:/GitHub/Bootstrap/UWP/Il2CppOutputProject/Source/il2cppOutput/GenericMethods__7.cpp
[2830/2853  0s] CopyFiles C:/GitHub/Bootstrap/UWP/Il2CppOutputProject/Source/il2cppOutput/GenericMethods__10.cpp
[2831/2853  0s] CopyFiles C:/GitHub/Bootstrap/UWP/BootstrapNMT/Data/il2cpp_data/Resources/mscorlib.dll-resources.dat
[2832/2853  0s] CopyFiles C:/GitHub/Bootstrap/UWP/Il2CppOutputProject/Source/il2cppOutput/Il2CppCodeRegistration.cpp
[2833/2853  0s] CopyFiles C:/GitHub/Bootstrap/UWP/Il2CppOutputProject/Source/il2cppOutput/GenericMethods__3.cpp
[2835/2853  0s] CopyFiles C:/GitHub/Bootstrap/UWP/Il2CppOutputProject/Source/il2cppOutput/UnityEngine.SubsystemsModule_CodeGen.c
[2837/2853  0s] CopyFiles C:/GitHub/Bootstrap/UWP/Il2CppOutputProject/Source/il2cppOutput/GenericMethods__9.cpp
[2838/2853  0s] CopyFiles C:/GitHub/Bootstrap/UWP/Il2CppOutputProject/Source/il2cppOutput/Il2CppGenericInstDefinitions.c
[2840/2853  0s] CopyFiles C:/GitHub/Bootstrap/UWP/Il2CppOutputProject/Source/il2cppOutput/Il2CppGenericAdjustorThunkTable.c
[2841/2853  0s] CopyFiles C:/GitHub/Bootstrap/UWP/Il2CppOutputProject/Source/il2cppOutput/System.Numerics_CodeGen.c
[2842/2853  0s] CopyFiles C:/GitHub/Bootstrap/UWP/Il2CppOutputProject/Source/il2cppOutput/Assembly-CSharp_CodeGen.c
[2843/2853  0s] CopyFiles C:/GitHub/Bootstrap/UWP/Il2CppOutputProject/Source/il2cppOutput/Unity.XR.OpenXR_CodeGen.c
[2844/2853  0s] CopyFiles C:/GitHub/Bootstrap/UWP/Il2CppOutputProject/Source/il2cppOutput/System.Net.Http_CodeGen.c
[2845/2853  0s] CopyFiles C:/GitHub/Bootstrap/UWP/Il2CppOutputProject/Source/il2cppOutput/GenericMethods__18.cpp
[2846/2853  0s] CopyFiles C:/GitHub/Bootstrap/UWP/Il2CppOutputProject/Source/il2cppOutput/GenericMethods__17.cpp
[2848/2853  0s] CopyFiles C:/GitHub/Bootstrap/UWP/Il2CppOutputProject/Source/il2cppOutput/Il2CppInteropDataTable.cpp
[2849/2853  0s] CopyFiles C:/GitHub/Bootstrap/UWP/Il2CppOutputProject/Source/il2cppOutput/Unity.InputSystem_CodeGen.c
[2850/2853  0s] CopyFiles C:/GitHub/Bootstrap/UWP/Il2CppOutputProject/Source/il2cppOutput/UnityEngine.UIElementsModule_CodeGen.c
[2851/2853  0s] CopyFiles C:/GitHub/Bootstrap/UWP/Il2CppOutputProject/Source/il2cppOutput/Il2CppInvokerTable.cpp
[2852/2853  0s] CopyFiles C:/GitHub/Bootstrap/UWP/Il2CppOutputProject/Source/il2cppOutput/Il2CppGenericMethodPointerTable.c
*** Tundra build success (25.17 seconds), 119 items updated, 2853 evaluated
ExitCode: 0 Duration: 25s
Total cache size 267051052
Total cache size after purge 267051052
Refreshing native plugins compatible for Editor in 13.17 ms, found 11 plugins.
Preloading 0 native plugins for Editor in 0.00 ms.
Asset Pipeline Refresh (id=80e372a7417043f498b68f9c091f1f0e): Total: 0.035 seconds - Initiated by StopAssetImportingV2(NoUpdateAssetOptions)
Refreshing native plugins compatible for Editor in 12.14 ms, found 11 plugins.
Preloading 0 native plugins for Editor in 0.00 ms.
Asset Pipeline Refresh (id=56306cf20efe33942acf51754e8ef5eb): Total: 0.029 seconds - Initiated by StopAssetImportingV2(NoUpdateAssetOptions)
Refreshing native plugins compatible for Editor in 11.41 ms, found 11 plugins.
Preloading 0 native plugins for Editor in 0.00 ms.
Asset Pipeline Refresh (id=8c16e2deba55f604ca3f22e903c6a430): Total: 0.029 seconds - Initiated by StopAssetImportingV2(NoUpdateAssetOptions)
Asset Pipeline Refresh (id=7659e64e0fb6d99408af97b8e9b0b70f): Total: 0.009 seconds - Initiated by RefreshV2(NoUpdateAssetOptions)
Refreshing native plugins compatible for Editor in 11.10 ms, found 11 plugins.
Preloading 0 native plugins for Editor in 0.00 ms.

-------------------------------------------------------------------------------
Build Report
Information on used Assets is not available, since player data was not rebuilt.
Do a clean build to view the Asset build report information.
-------------------------------------------------------------------------------
Unloading 0 Unused Serialized files (Serialized files now loaded: 0)
Unloading 99 unused Assets / (0.7 MB). Loaded Objects now: 5824.
Memory consumption went from 195.0 MB to 194.3 MB.
Total: 7.431400 ms (FindLiveObjects: 1.067800 ms CreateObjectMapping: 0.144700 ms MarkObjects: 5.645700 ms  DeleteObjects: 0.571900 ms)

DisplayProgressNotification: Build Successful
Build Finished, Result: Success.
##utp:{"type":"PlayerBuildInfo","version":2,"phase":"Immediate","time":1779437756672,"processId":25228,"steps":[{"description":"Preprocess Player","duration":347},{"description":"Prepare For Build","duration":174},{"description":"ProducePlayerScriptAssemblies","duration":9315},{"description":"Verify Build setup","duration":541},{"description":"Prepare assets for target platform","duration":89},{"description":"Prepare splash screen","duration":12},{"description":"Run script only build","duration":105},{"description":"Postprocess built player","duration":29100}],"duration":39683}
[PhysX] Initialized MultithreadedTaskDispatcher with 16 workers.
Unloading 0 Unused Serialized files (Serialized files now loaded: 0)
Loaded scene 'Temp/__Backupscenes/0.backup'
	Deserialize:            0.953 ms
	Integration:            12.727 ms
	Integration of assets:  0.001 ms
	Thread Wait Time:       0.012 ms
	Total Operation Time:   13.694 ms
Unloading 0 unused Assets / (26.4 MB). Loaded Objects now: 5824.
Memory consumption went from 190.8 MB to 164.4 MB.
Total: 5.522300 ms (FindLiveObjects: 0.261000 ms CreateObjectMapping: 0.121600 ms MarkObjects: 3.299200 ms  DeleteObjects: 1.839500 ms)

[BuildCommand] Build Succeeded! Total time: 39.84 seconds. Output path: C:/GitHub/Bootstrap/UWP
UnityEngine.StackTraceUtility:ExtractStackTrace ()
UnityEngine.DebugLogHandler:LogFormat (UnityEngine.LogType,UnityEngine.Object,string,object[])
UnityEngine.Logger:Log (UnityEngine.LogType,object)
UnityEngine.Debug:Log (object)
BuildCommand:BuildUWP () (at Assets/Editor/BuildCommand.cs:39)

(Filename: Assets/Editor/BuildCommand.cs Line: 39)

Start importing ProjectSettings/ProjectSettings.asset using Guid(00000000000000004000000000000000) Importer(-1,00000000000000000000000000000000) [PhysX] Initialized MultithreadedTaskDispatcher with 16 workers.
 -> (artifact id: '9884d5c661608f0bd888226e64367758') in 0.002889 seconds
Refreshing native plugins compatible for Editor in 11.43 ms, found 11 plugins.
Preloading 0 native plugins for Editor in 0.00 ms.
Asset Pipeline Refresh (id=0599bb8bdbd95d44ea5ca6e2ebe3f083): Total: 0.051 seconds - Initiated by StopAssetImportingV2(NoUpdateAssetOptions)
[PhysX] Initialized MultithreadedTaskDispatcher with 16 workers.
Input System module state changed to: ShutdownInProgress.
Input System polling thread exited.
Input System module state changed to: Shutdown.
[Licensing::IpcConnector] LicenseClient-ahmed-notifications channel disconnected successfully.
[Licensing::IpcConnector] LicenseClient-ahmed channel disconnected successfully.
Cleanup mono
abort_threads: Failed aborting id: 00000000000073CC, mono_thread_manage will ignore it

abort_threads: Failed aborting id: 0000000000005394, mono_thread_manage will ignore it

abort_threads: Failed aborting id: 00000000000073CC, mono_thread_manage will ignore it

abort_threads: Failed aborting id: 0000000000005394, mono_thread_manage will ignore it

debugger-agent: Unable to listen on 5500
[Performance] WinEditorMain                                                                                                                                :        1 samples, Peak.   717 ms (1.0x), Avg.   717 ms, Total. 716.7 ms (0.7%)
[Performance] WinEditorMain.ConfigureCrashHandler                                                                                                          :        1 samples, Peak.  22.8 us (1.0x), Avg.  22.8 us, Total. 22.80 us (0.0%)
[Performance] WinEditorMain.CurlRequestInitialize                                                                                                          :        1 samples, Peak.   346 us (1.0x), Avg.   346 us, Total. 346.0 us (0.0%)
[Performance] WinEditorMain.SetupLogFile                                                                                                                   :        1 samples, Peak.   338 us (1.0x), Avg.   338 us, Total. 337.8 us (0.0%)
[Performance] WinEditorMain.RunNativeTestsIfRequiredAndExit                                                                                                :        1 samples, Peak.   200 ns (1.0x), Avg.   200 ns, Total. 200.0 ns (0.0%)
[Performance] WinEditorMain.Licensing                                                                                                                      :        1 samples, Peak.   691 ms (1.0x), Avg.   691 ms, Total. 691.2 ms (0.7%)
[Performance] WinEditorMain.InitializeCrashHandler                                                                                                         :        1 samples, Peak.  21.8 ms (1.0x), Avg.  21.8 ms, Total. 21.81 ms (0.0%)
[Performance] WinEditorMain.CreateApplication                                                                                                              :        1 samples, Peak.   246 us (1.0x), Avg.   246 us, Total. 246.2 us (0.0%)
[Performance] Application.InitializeProject                                                                                                                :        1 samples, Peak.  62.8 s (1.0x), Avg.  62.8 s, Total. 62.85 s (60.0%)
[Performance] Application.PackageManager.StartServer                                                                                                       :        1 samples, Peak.  3.87 ms (1.0x), Avg.  3.87 ms, Total. 3.869 ms (0.0%)
[Performance] Application.AcquireProjectLock                                                                                                               :        1 samples, Peak.  4.48 ms (1.0x), Avg.  4.48 ms, Total. 4.482 ms (0.0%)
[Performance] Application.InitializeEngineNoGraphics                                                                                                       :        1 samples, Peak.  52.7 ms (1.0x), Avg.  52.7 ms, Total. 52.72 ms (0.1%)
[Performance] Application.PackageManager.Initialize                                                                                                        :        1 samples, Peak.   340 ms (1.0x), Avg.   340 ms, Total. 340.2 ms (0.3%)
[Performance] Connecting to Package Manager                                                                                                                :       35 samples, Peak.  71.2 us (18.4x), Avg.  3.87 us, Total. 135.5 us (0.0%)
[Performance] Application.EngineGraphics.Initialize                                                                                                        :        1 samples, Peak.   246 ms (1.0x), Avg.   246 ms, Total. 246.0 ms (0.2%)
[Performance] Application.GI.Initialize                                                                                                                    :        1 samples, Peak.  4.60 ms (1.0x), Avg.  4.60 ms, Total. 4.602 ms (0.0%)
[Performance] Application.LoadAllDefaultResourcesFromEditor                                                                                                :        1 samples, Peak.  2.05 ms (1.0x), Avg.  2.05 ms, Total. 2.051 ms (0.0%)
[Performance] Application.LoadMonoAssemblies                                                                                                               :        1 samples, Peak.   637 ms (1.0x), Avg.   637 ms, Total. 637.3 ms (0.6%)
[Performance] RestoreManagedReferences                                                                                                                     :        2 samples, Peak.  63.0 ms (2.0x), Avg.  31.5 ms, Total. 63.02 ms (0.1%)
[Performance] InitializeOnLoad DrivenRectTransformUndo                                                                                                     :        2 samples, Peak.   483 us (1.1x), Avg.   439 us, Total. 877.7 us (0.0%)
[Performance] InitializeOnLoad SceneSearch                                                                                                                 :        2 samples, Peak.   146 us (1.2x), Avg.   124 us, Total. 247.6 us (0.0%)
[Performance] InitializeOnLoad CloudBuild                                                                                                                  :        2 samples, Peak.  6.20 us (1.4x), Avg.  4.45 us, Total. 8.900 us (0.0%)
[Performance] InitializeOnLoad NativeFormatImporterUtility                                                                                                 :        2 samples, Peak.  2.69 ms (1.0x), Avg.  2.64 ms, Total. 5.277 ms (0.0%)
[Performance] InitializeOnLoad SearchService                                                                                                               :        2 samples, Peak.   208 us (1.4x), Avg.   150 us, Total. 300.0 us (0.0%)
[Performance] InitializeOnLoad SettingsService                                                                                                             :        2 samples, Peak.  12.4 us (1.4x), Avg.  8.90 us, Total. 17.80 us (0.0%)
[Performance] InitializeOnLoad WindowLayout                                                                                                                :        2 samples, Peak.   876 us (1.2x), Avg.   746 us, Total. 1.492 ms (0.0%)
[Performance] InitializeOnLoad AssetStoreContext                                                                                                           :        2 samples, Peak.  25.6 ms (1.1x), Avg.  24.1 ms, Total. 48.16 ms (0.0%)
[Performance] InitializeOnLoad PoolManager                                                                                                                 :        2 samples, Peak.   592 us (1.1x), Avg.   552 us, Total. 1.104 ms (0.0%)
[Performance] InitializeOnLoad MixerEffectDefinitionReloader                                                                                               :        2 samples, Peak.  2.94 ms (1.3x), Avg.  2.21 ms, Total. 4.413 ms (0.0%)
[Performance] InitializeOnLoad ProjectSearch                                                                                                               :        2 samples, Peak.  94.2 us (1.1x), Avg.  86.8 us, Total. 173.7 us (0.0%)
[Performance] InitializeOnLoad UISystemProfilerRenderService                                                                                               :        2 samples, Peak.  14.9 us (1.2x), Avg.  12.5 us, Total. 25.00 us (0.0%)
[Performance] InitializeOnLoad EditMode                                                                                                                    :        2 samples, Peak.   479 us (1.0x), Avg.   478 us, Total. 956.0 us (0.0%)
[Performance] InitializeOnLoad UnityConnect                                                                                                                :        2 samples, Peak.  60.2 us (1.1x), Avg.  54.2 us, Total. 108.3 us (0.0%)
[Performance] InitializeOnLoad ManagedDebugger                                                                                                             :        2 samples, Peak.   603 us (1.1x), Avg.   537 us, Total. 1.074 ms (0.0%)
[Performance] InitializeOnLoad ShortcutIntegration                                                                                                         :        2 samples, Peak.  59.4 us (1.1x), Avg.  55.0 us, Total. 109.9 us (0.0%)
[Performance] InitializeOnLoad AddComponentWindow                                                                                                          :        2 samples, Peak.  98.2 us (1.0x), Avg.  98.0 us, Total. 195.9 us (0.0%)
[Performance] InitializeOnLoad ManagedDebuggerWindow                                                                                                       :        2 samples, Peak.   117 us (1.0x), Avg.   114 us, Total. 227.4 us (0.0%)
[Performance] InitializeOnLoad CacheServerWindow                                                                                                           :        2 samples, Peak.  8.40 us (1.2x), Avg.  6.85 us, Total. 13.70 us (0.0%)
[Performance] InitializeOnLoad PlayModeDownload                                                                                                            :        2 samples, Peak.  6.76 ms (2.0x), Avg.  3.47 ms, Total. 6.933 ms (0.0%)
[Performance] InitializeOnLoad MenuItems                                                                                                                   :        2 samples, Peak.   111 us (1.1x), Avg.  98.0 us, Total. 195.9 us (0.0%)
[Performance] InitializeOnLoad PrefabInstanceChangedListener                                                                                               :        2 samples, Peak.   143 us (1.0x), Avg.   139 us, Total. 278.2 us (0.0%)
[Performance] InitializeOnLoad ObjectSelectorSearch                                                                                                        :        2 samples, Peak.  44.1 us (1.2x), Avg.  38.1 us, Total. 76.20 us (0.0%)
[Performance] InitializeOnLoad EditorMonitor                                                                                                               :        2 samples, Peak.   793 us (1.3x), Avg.   606 us, Total. 1.211 ms (0.0%)
[Performance] InitializeOnLoad RetainedMode                                                                                                                :        2 samples, Peak.  2.24 ms (1.0x), Avg.  2.14 ms, Total. 4.276 ms (0.0%)
[Performance] InitializeOnLoad EditorShaderLoader                                                                                                          :        2 samples, Peak.   646 us (1.0x), Avg.   628 us, Total. 1.256 ms (0.0%)
[Performance] InitializeOnLoad EditorDelegateRegistration                                                                                                  :        2 samples, Peak.   497 us (1.2x), Avg.   430 us, Total. 859.5 us (0.0%)
[Performance] InitializeOnLoad UIDocumentHierarchyWatcher                                                                                                  :        2 samples, Peak.  67.3 us (1.0x), Avg.  64.8 us, Total. 129.7 us (0.0%)
[Performance] InitializeOnLoad LiveReloadTrackerCreator                                                                                                    :        2 samples, Peak.   239 us (1.1x), Avg.   218 us, Total. 436.4 us (0.0%)
[Performance] InitializeOnLoad UxmlObjectEditorFactories                                                                                                   :        2 samples, Peak.   534 us (1.0x), Avg.   530 us, Total. 1.060 ms (0.0%)
[Performance] InitializeOnLoad UXMLEditorFactories                                                                                                         :        2 samples, Peak.  64.4 ms (1.0x), Avg.  63.0 ms, Total. 126.1 ms (0.1%)
[Performance] InitializeOnLoad PurchasingService                                                                                                           :        2 samples, Peak.  7.51 ms (1.0x), Avg.  7.22 ms, Total. 14.44 ms (0.0%)
[Performance] InitializeOnLoad CloudBuildPoller                                                                                                            :        2 samples, Peak.   123 us (1.1x), Avg.   116 us, Total. 232.2 us (0.0%)
[Performance] InitializeOnLoad EditorGameServicesAnalytics                                                                                                 :        2 samples, Peak.  2.78 ms (1.5x), Avg.  1.84 ms, Total. 3.676 ms (0.0%)
[Performance] InitializeOnLoad AnalyticsService                                                                                                            :        2 samples, Peak.   237 us (1.0x), Avg.   230 us, Total. 460.8 us (0.0%)
[Performance] InitializeOnLoad BuildService                                                                                                                :        2 samples, Peak.   147 us (1.0x), Avg.   145 us, Total. 290.5 us (0.0%)
[Performance] InitializeOnLoad AdsService                                                                                                                  :        2 samples, Peak.  1.64 ms (1.6x), Avg.   993 us, Total. 1.987 ms (0.0%)
[Performance] InitializeOnLoad UDPService                                                                                                                  :        2 samples, Peak.   199 us (1.2x), Avg.   166 us, Total. 331.5 us (0.0%)
[Performance] InitializeOnLoad CrashService                                                                                                                :        2 samples, Peak.   127 us (1.0x), Avg.   126 us, Total. 251.5 us (0.0%)
[Performance] InitializeOnLoad ServicesRepository                                                                                                          :        2 samples, Peak.   400 ns (1.1x), Avg.   350 ns, Total. 700.0 ns (0.0%)
[Performance] InitializeOnLoad SearchWindow                                                                                                                :        2 samples, Peak.   132 us (1.1x), Avg.   121 us, Total. 241.0 us (0.0%)
[Performance] InitializeOnLoad CustomIndexers                                                                                                              :        2 samples, Peak.  20.9 ms (1.2x), Avg.  17.3 ms, Total. 34.63 ms (0.0%)
[Performance] InitializeOnLoad SearchMonitor                                                                                                               :        2 samples, Peak.  1.69 ms (1.3x), Avg.  1.29 ms, Total. 2.582 ms (0.0%)
[Performance] InitializeOnLoad ParameterControllerEditor                                                                                                   :        2 samples, Peak.  19.5 us (1.1x), Avg.  18.2 us, Total. 36.50 us (0.0%)
[Performance] InitializeOnLoad LayerSettingsWindow                                                                                                         :        2 samples, Peak.  27.8 us (1.7x), Avg.  16.6 us, Total. 33.30 us (0.0%)
[Performance] InitializeOnLoad PackageManagerHookGUIDConverter.RegisterPackagesEventHandler                                                                :        2 samples, Peak.   829 us (1.7x), Avg.   478 us, Total. 955.4 us (0.0%)
[Performance] InitializeOnLoad EditorDragAndDrop.RegisterEditorClient                                                                                      :        2 samples, Peak.   283 us (1.2x), Avg.   232 us, Total. 464.3 us (0.0%)
[Performance] InitializeOnLoad EditorEventCallbacks.InitializeFontAssetResourceChangeCallBacks                                                             :        2 samples, Peak.  1.26 ms (1.1x), Avg.  1.19 ms, Total. 2.388 ms (0.0%)
[Performance] InitializeOnLoad SceneTemplateService.Init                                                                                                   :        2 samples, Peak.   973 us (1.1x), Avg.   915 us, Total. 1.829 ms (0.0%)
[Performance] InitializeOnLoad DiagnosticSwitchesConsoleMessage.Init                                                                                       :        2 samples, Peak.  6.04 ms (1.9x), Avg.  3.24 ms, Total. 6.486 ms (0.0%)
[Performance] InitializeOnLoad PackageManagerWindow.EditorInitializedInSafeMode                                                                            :        2 samples, Peak.  25.0 ms (2.0x), Avg.  12.6 ms, Total. 25.14 ms (0.0%)
[Performance] InitializeOnLoad ToolShortcutContext.Init                                                                                                    :        2 samples, Peak.   254 us (1.3x), Avg.   192 us, Total. 384.1 us (0.0%)
[Performance] InitializeOnLoad MemoryProfilerCompilationGuard.InjectCompileGuard                                                                           :        2 samples, Peak.   160 us (1.1x), Avg.   139 us, Total. 278.9 us (0.0%)
[Performance] InitializeOnLoad AssetPostprocessingInternal.RefreshCustomDependencies                                                                       :        2 samples, Peak.  2.88 ms (1.5x), Avg.  1.88 ms, Total. 3.759 ms (0.0%)
[Performance] InitializeOnLoad SysrootManager.Initialize                                                                                                   :        2 samples, Peak.   722 us (1.2x), Avg.   585 us, Total. 1.169 ms (0.0%)
[Performance] InitializeOnLoad ScopedRegistryAddedPopup.SubscribeToRegistriesAdded                                                                         :        2 samples, Peak.  9.07 ms (2.0x), Avg.  4.59 ms, Total. 9.172 ms (0.0%)
[Performance] InitializeOnLoad SceneVisibilityManager.Initialize                                                                                           :        2 samples, Peak.  5.18 ms (1.7x), Avg.  2.98 ms, Total. 5.961 ms (0.0%)
[Performance] InitializeOnLoad EditorWindow.Initialize                                                                                                     :        2 samples, Peak.   300 us (1.2x), Avg.   250 us, Total. 500.3 us (0.0%)
[Performance] AssemblyReloadEvents.afterAssemblyReload: UnityEditor.SceneTemplate.SceneTemplateService.AfterAssemblyReload                                 :        2 samples, Peak.  4.33 ms (1.8x), Avg.  2.36 ms, Total. 4.718 ms (0.0%)
[Performance] ProcessService.EditorAfterLoadAllAssemblies                                                                                                  :        2 samples, Peak.   316 us (1.0x), Avg.   303 us, Total. 606.8 us (0.0%)
[Performance] Application.ReadLicenseInfo                                                                                                                  :        1 samples, Peak.  26.6 ms (1.0x), Avg.  26.6 ms, Total. 26.65 ms (0.0%)
[Performance] Application.InitialRefresh                                                                                                                   :        1 samples, Peak.  59.9 s (1.0x), Avg.  59.9 s, Total. 59.94 s (57.2%)
[Performance] ShaderImporter.SourceAssetModified                                                                                                           :       10 samples, Peak.  33.3 us (8.4x), Avg.  3.96 us, Total. 39.60 us (0.0%)
[Performance] ShaderIncludeImporter.SourceAssetModified                                                                                                    :       10 samples, Peak.  1.30 us (1.4x), Avg.   930 ns, Total. 9.300 us (0.0%)
[Performance] Compiling Scripts                                                                                                                            :        1 samples, Peak.  4.46 s (1.0x), Avg.  4.46 s, Total. 4.459 s (4.3%)
[Performance] AssemblyReloadEvents.beforeAssemblyReload: UnityEditor.SceneTemplate.SceneTemplateService.BeforeAssemblyReload                               :        1 samples, Peak.   828 us (1.0x), Avg.   828 us, Total. 827.5 us (0.0%)
[Performance] PresetManagerPostProcessor.OnPreprocessAsset                                                                                                 :        8 samples, Peak.  1.71 ms (5.4x), Avg.   315 us, Total. 2.518 ms (0.0%)
[Performance] CancelSplashScreenOnAssetChange.OnPreprocessAsset                                                                                            :        8 samples, Peak.   690 us (7.7x), Avg.  89.4 us, Total. 715.1 us (0.0%)
[Performance] InitializeOnLoad TouchSimulation                                                                                                             :        1 samples, Peak.   266 us (1.0x), Avg.   266 us, Total. 266.3 us (0.0%)
[Performance] InitializeOnLoad InputSystem                                                                                                                 :        1 samples, Peak.  52.1 ms (1.0x), Avg.  52.1 ms, Total. 52.13 ms (0.0%)
[Performance] InitializeOnLoad InputSystemUIInputModuleEditor                                                                                              :        1 samples, Peak.   152 us (1.0x), Avg.   152 us, Total. 152.5 us (0.0%)
[Performance] InitializeOnLoad EnableUITKEditor                                                                                                            :        1 samples, Peak.  22.7 us (1.0x), Avg.  22.7 us, Total. 22.70 us (0.0%)
[Performance] InitializeOnLoad ScriptableSettingsInitializer                                                                                               :        1 samples, Peak.   213 us (1.0x), Avg.   213 us, Total. 212.8 us (0.0%)
[Performance] InitializeOnLoad BuildValidator                                                                                                              :        1 samples, Peak.   661 us (1.0x), Avg.   661 us, Total. 660.7 us (0.0%)
[Performance] InitializeOnLoad XRGeneralSettingsPerBuildTarget                                                                                             :        1 samples, Peak.   451 us (1.0x), Avg.   451 us, Total. 451.2 us (0.0%)
[Performance] InitializeOnLoad XRPackageMetadataStore                                                                                                      :        1 samples, Peak.   461 us (1.0x), Avg.   461 us, Total. 461.3 us (0.0%)
[Performance] InitializeOnLoad XRPackageInitializationBootstrap                                                                                            :        1 samples, Peak.  56.9 us (1.0x), Avg.  56.9 us, Total. 56.90 us (0.0%)
[Performance] InitializeOnLoad MetaAimHand                                                                                                                 :        1 samples, Peak.   301 us (1.0x), Avg.   301 us, Total. 301.3 us (0.0%)
[Performance] InitializeOnLoad XRHandDevice                                                                                                                :        1 samples, Peak.   111 us (1.0x), Avg.   111 us, Total. 110.6 us (0.0%)
[Performance] InitializeOnLoad QuaternionFallbackComposite                                                                                                 :        1 samples, Peak.   497 us (1.0x), Avg.   497 us, Total. 497.4 us (0.0%)
[Performance] InitializeOnLoad SectorInteraction                                                                                                           :        1 samples, Peak.   149 us (1.0x), Avg.   149 us, Total. 149.2 us (0.0%)
[Performance] InitializeOnLoad ButtonFallbackComposite                                                                                                     :        1 samples, Peak.  63.6 us (1.0x), Avg.  63.6 us, Total. 63.60 us (0.0%)
[Performance] InitializeOnLoad Vector3FallbackComposite                                                                                                    :        1 samples, Peak.  49.5 us (1.0x), Avg.  49.5 us, Total. 49.50 us (0.0%)
[Performance] InitializeOnLoad IntegerFallbackComposite                                                                                                    :        1 samples, Peak.  45.5 us (1.0x), Avg.  45.5 us, Total. 45.50 us (0.0%)
[Performance] InitializeOnLoad SimulatedInputLayoutLoader                                                                                                  :        1 samples, Peak.   170 us (1.0x), Avg.   170 us, Total. 169.6 us (0.0%)
[Performance] InitializeOnLoad TouchscreenGestureInputLayoutLoader                                                                                         :        1 samples, Peak.  81.8 us (1.0x), Avg.  81.8 us, Total. 81.80 us (0.0%)
[Performance] InitializeOnLoad BuildHelperUtils                                                                                                            :        1 samples, Peak.  9.80 us (1.0x), Avg.  9.80 us, Total. 9.800 us (0.0%)
[Performance] InitializeOnLoad InteractionLayerUpdater                                                                                                     :        1 samples, Peak.  3.20 us (1.0x), Avg.  3.20 us, Total. 3.200 us (0.0%)
[Performance] InitializeOnLoad VSUsageUtility                                                                                                              :        1 samples, Peak.  27.4 ms (1.0x), Avg.  27.4 ms, Total. 27.40 ms (0.0%)
[Performance] InitializeOnLoad BackgroundWatcher                                                                                                           :        1 samples, Peak.   166 us (1.0x), Avg.   166 us, Total. 166.4 us (0.0%)
[Performance] InitializeOnLoad UnityTestProtocolStarter                                                                                                    :        1 samples, Peak.   427 us (1.0x), Avg.   427 us, Total. 427.4 us (0.0%)
[Performance] InitializeOnLoad TestStarter                                                                                                                 :        1 samples, Peak.   611 us (1.0x), Avg.   611 us, Total. 610.5 us (0.0%)
[Performance] InitializeOnLoad RerunCallbackInitializer                                                                                                    :        1 samples, Peak.  4.65 ms (1.0x), Avg.  4.65 ms, Total. 4.653 ms (0.0%)
[Performance] InitializeOnLoad RiderScriptEditor                                                                                                           :        1 samples, Peak.  12.8 ms (1.0x), Avg.  12.8 ms, Total. 12.82 ms (0.0%)
[Performance] InitializeOnLoad CallbackInitializer                                                                                                         :        1 samples, Peak.  1.31 ms (1.0x), Avg.  1.31 ms, Total. 1.305 ms (0.0%)
[Performance] InitializeOnLoad SpriteEditorWindow                                                                                                          :        1 samples, Peak.   405 us (1.0x), Avg.   405 us, Total. 405.1 us (0.0%)
[Performance] InitializeOnLoad PrefabLayoutRebuilder                                                                                                       :        1 samples, Peak.   207 us (1.0x), Avg.   207 us, Total. 206.8 us (0.0%)
[Performance] InitializeOnLoad SceneHook                                                                                                                   :        1 samples, Peak.   444 us (1.0x), Avg.   444 us, Total. 443.8 us (0.0%)
[Performance] InitializeOnLoad InputLayoutLoader                                                                                                           :        1 samples, Peak.   521 us (1.0x), Avg.   521 us, Total. 520.6 us (0.0%)
[Performance] InitializeOnLoad CoverageReporterStarter                                                                                                     :        1 samples, Peak.  15.9 ms (1.0x), Avg.  15.9 ms, Total. 15.94 ms (0.0%)
[Performance] InitializeOnLoad PackageEntryPoint                                                                                                           :        1 samples, Peak.  96.3 ms (1.0x), Avg.  96.3 ms, Total. 96.34 ms (0.1%)
[Performance] InitializeOnLoad XREnvironmentViewUtilities                                                                                                  :        1 samples, Peak.  24.9 ms (1.0x), Avg.  24.9 ms, Total. 24.86 ms (0.0%)
[Performance] InitializeOnLoad SimulationEnvironmentLayerNameCheck                                                                                         :        1 samples, Peak.   257 us (1.0x), Avg.   257 us, Total. 257.5 us (0.0%)
[Performance] InitializeOnLoad VSCodeScriptEditor                                                                                                          :        1 samples, Peak.  7.62 ms (1.0x), Avg.  7.62 ms, Total. 7.617 ms (0.0%)
[Performance] InitializeOnLoad VisualStudioEditor                                                                                                          :        1 samples, Peak.  10.5 ms (1.0x), Avg.  10.5 ms, Total. 10.51 ms (0.0%)
[Performance] InitializeOnLoad TestRunnerApiListener                                                                                                       :        1 samples, Peak.  1.03 ms (1.0x), Avg.  1.03 ms, Total. 1.026 ms (0.0%)
[Performance] InitializeOnLoad VisualStudioIntegration                                                                                                     :        1 samples, Peak.  2.05 ms (1.0x), Avg.  2.05 ms, Total. 2.052 ms (0.0%)
[Performance] InitializeOnLoad UnityInternalsInjector                                                                                                      :        1 samples, Peak.  1.16 ms (1.0x), Avg.  1.16 ms, Total. 1.155 ms (0.0%)
[Performance] InitializeOnLoad UVCSToolbarBoostrap                                                                                                         :        1 samples, Peak.  79.7 ms (1.0x), Avg.  79.7 ms, Total. 79.70 ms (0.1%)
[Performance] InitializeOnLoad OpenXRFeatureSetManager.InitializeOnLoad                                                                                    :        1 samples, Peak.   456 us (1.0x), Avg.   456 us, Total. 455.5 us (0.0%)
[Performance] InitializeOnLoad OpenXRChooseRuntimeLibraries.InitializeOnLoad                                                                               :        1 samples, Peak.  2.37 ms (1.0x), Avg.  2.37 ms, Total. 2.367 ms (0.0%)
[Performance] InitializeOnLoad OpenXRProjectValidationRulesSetup.OpenXRProjectValidationCheck                                                              :        1 samples, Peak.  33.1 ms (1.0x), Avg.  33.1 ms, Total. 33.13 ms (0.0%)
[Performance] InitializeOnLoad InputSystemPackageControl.SubscribePackageManagerEvent                                                                      :        1 samples, Peak.   155 us (1.0x), Avg.   155 us, Total. 155.0 us (0.0%)
[Performance] InitializeOnLoad InputSystemPluginControl.CheckForExtension                                                                                  :        1 samples, Peak.  2.15 ms (1.0x), Avg.  2.15 ms, Total. 2.153 ms (0.0%)
[Performance] InitializeOnLoad VisualStudioEditor.LegacyVisualStudioCodePackageDisabler                                                                    :        1 samples, Peak.  2.23 ms (1.0x), Avg.  2.23 ms, Total. 2.227 ms (0.0%)
[Performance] InitializeOnLoad EnvironmentChangeHook.RegisterForEnvironmentChange                                                                          :        1 samples, Peak.   226 us (1.0x), Avg.   226 us, Total. 225.7 us (0.0%)
[Performance] InitializeOnLoad AREditorAnalytics.SetupAndRegister                                                                                          :        2 samples, Peak.   612 us (1.3x), Avg.   473 us, Total. 946.0 us (0.0%)
[Performance] InitializeOnLoad CoreUtilsAnalytics.RegisterEvents                                                                                           :        1 samples, Peak.   761 us (1.0x), Avg.   761 us, Total. 760.9 us (0.0%)
[Performance] InitializeOnLoad XRPluginManagementProjectValidation.RegisterProjectValidationRules                                                          :        1 samples, Peak.   786 us (1.0x), Avg.   786 us, Total. 786.1 us (0.0%)
[Performance] InitializeOnLoad OpenXRInput.RegisterFeatureLayouts                                                                                          :        1 samples, Peak.  1.51 ms (1.0x), Avg.  1.51 ms, Total. 1.507 ms (0.0%)
[Performance] InitializeOnLoad TestJobDataHolder.ResumeRunningJobs                                                                                         :        1 samples, Peak.  1.30 ms (1.0x), Avg.  1.30 ms, Total. 1.303 ms (0.0%)
[Performance] InitializeOnLoad AnalyticsReporter.RegisterCallbacks                                                                                         :        1 samples, Peak.   367 us (1.0x), Avg.   367 us, Total. 367.4 us (0.0%)
[Performance] InitializeOnLoad StarterAssetsSampleProjectValidation.RegisterProjectValidationRules                                                         :        1 samples, Peak.  1.89 ms (1.0x), Avg.  1.89 ms, Total. 1.888 ms (0.0%)
[Performance] InitializeOnLoad HoloLensCapabilitySetup.EnsureCapabilitiesOnLoad                                                                            :        1 samples, Peak.  32.2 ms (1.0x), Avg.  32.2 ms, Total. 32.18 ms (0.0%)
[Performance] StateMacroSavedEvent.OnWillSaveAssets                                                                                                        :        3 samples, Peak.   562 us (2.0x), Avg.   287 us, Total. 861.1 us (0.0%)
[Performance] FlowMacroSavedEvent.OnWillSaveAssets                                                                                                         :        3 samples, Peak.   202 us (1.7x), Avg.   121 us, Total. 362.0 us (0.0%)
[Performance] UVCSAssetModificationProcessor.OnWillSaveAssets                                                                                              :        3 samples, Peak.   341 us (3.0x), Avg.   115 us, Total. 345.8 us (0.0%)
[Performance] UnityCloudProjectLinkMonitor.OnWillSaveAssets                                                                                                :        3 samples, Peak.   246 us (3.0x), Avg.  82.8 us, Total. 248.4 us (0.0%)
[Performance] BuilderAssetModificationProcessor.OnWillSaveAssets                                                                                           :        3 samples, Peak.   497 us (3.0x), Avg.   167 us, Total. 500.6 us (0.0%)
[Performance] TerrainModificationProcessor.OnWillSaveAssets                                                                                                :        3 samples, Peak.   566 us (3.0x), Avg.   190 us, Total. 568.9 us (0.0%)
[Performance] VersionControl.Task.Wait                                                                                                                     :        1 samples, Peak.   340 us (1.0x), Avg.   340 us, Total. 340.2 us (0.0%)
[Performance] AssetDatabase.ImportAssets                                                                                                                   :       15 samples, Peak.  56.6 ms (7.9x), Avg.  7.19 ms, Total. 107.8 ms (0.1%)
[Performance] InitializeOnLoad HttpPolicyEnforcer.EnsureHttpAllowed                                                                                        :        1 samples, Peak.   577 us (1.0x), Avg.   577 us, Total. 576.8 us (0.0%)
[Performance] DidReloadScriptsAdvancedDropdownWindow.OnScriptReload                                                                                        :        2 samples, Peak.   359 us (1.2x), Avg.   295 us, Total. 589.9 us (0.0%)
[Performance] DidReloadScriptsPackageVersionUtility.OnReloadScripts                                                                                        :        1 samples, Peak.   106 us (1.0x), Avg.   106 us, Total. 106.2 us (0.0%)
[Performance] DidReloadScriptsTestRunnerWindow.CompilationCallback                                                                                         :        1 samples, Peak.   161 us (1.0x), Avg.   161 us, Total. 160.6 us (0.0%)
[Performance] DidReloadScriptsTestListCache.ScriptReloaded                                                                                                 :        1 samples, Peak.  1.52 ms (1.0x), Avg.  1.52 ms, Total. 1.520 ms (0.0%)
[Performance] AssemblyReloadEvents.afterAssemblyReload: UnityEditor.XR.Management.Metadata.XRPackageMetadataStore.AssemblyReloadEvents_afterAssemblyReload :        1 samples, Peak.  4.75 ms (1.0x), Avg.  4.75 ms, Total. 4.749 ms (0.0%)
[Performance] TMPro_TexturePostProcessor.OnPostprocessAllAssets                                                                                            :       18 samples, Peak.  1.42 ms (8.2x), Avg.   173 us, Total. 3.119 ms (0.0%)
[Performance] UVCSAssetPostprocessor.OnPostprocessAllAssets                                                                                                :       18 samples, Peak.   638 us (8.6x), Avg.  73.9 us, Total. 1.330 ms (0.0%)
[Performance] BuilderAssetPostprocessor.OnPostprocessAllAssets                                                                                             :       18 samples, Peak.  2.96 ms (8.8x), Avg.   338 us, Total. 6.086 ms (0.0%)
[Performance] ArtifactBrowserPostProcessor.OnPostprocessAllAssets                                                                                          :       18 samples, Peak.   538 us (8.4x), Avg.  63.8 us, Total. 1.148 ms (0.0%)
[Performance] AssetEvents.OnPostprocessAllAssets                                                                                                           :       36 samples, Peak.   258 us (12.6x), Avg.  20.5 us, Total. 738.6 us (0.0%)
[Performance] AudioMixerPostprocessor.OnPostprocessAllAssets                                                                                               :       18 samples, Peak.   402 us (8.7x), Avg.  46.3 us, Total. 833.3 us (0.0%)
[Performance] StyleCatalogPostProcessor.OnPostprocessAllAssets                                                                                             :       18 samples, Peak.  42.7 ms (9.0x), Avg.  4.75 ms, Total. 85.55 ms (0.1%)
[Performance] BuildCatalog                                                                                                                                 :        1 samples, Peak.  40.7 ms (1.0x), Avg.  40.7 ms, Total. 40.70 ms (0.0%)
[Performance] ModelImporterPostProcessor.OnPostprocessAllAssets                                                                                            :       18 samples, Peak.  2.33 ms (8.7x), Avg.   268 us, Total. 4.819 ms (0.0%)
[Performance] RetainedModeAssetPostprocessor.OnPostprocessAllAssets                                                                                        :       18 samples, Peak.  3.10 ms (8.5x), Avg.   364 us, Total. 6.552 ms (0.0%)
[Performance] AssetChangedListener.OnPostprocessAllAssets                                                                                                  :       18 samples, Peak.  2.92 ms (7.8x), Avg.   375 us, Total. 6.742 ms (0.0%)
[Performance] SpeedTreePostProcessor.OnPostprocessAllAssets                                                                                                :       18 samples, Peak.   243 us (7.9x), Avg.  31.0 us, Total. 557.1 us (0.0%)
[Performance] TextAssetPostProcessor.OnPostprocessAllAssets                                                                                                :       18 samples, Peak.   557 us (6.8x), Avg.  81.9 us, Total. 1.475 ms (0.0%)
[Performance] SpriteEditorTexturePostprocessor.OnPostprocessAllAssets                                                                                      :       18 samples, Peak.   324 us (4.5x), Avg.  72.4 us, Total. 1.303 ms (0.0%)
[Performance] AssetCallbacks.OnPostprocessAllAssets                                                                                                        :       18 samples, Peak.   134 ms (9.0x), Avg.  14.9 ms, Total. 267.7 ms (0.3%)
[Performance] EnvironmentAssetPostprocessor.OnPostprocessAllAssets                                                                                         :       18 samples, Peak.   747 us (8.8x), Avg.  84.8 us, Total. 1.527 ms (0.0%)
[Performance] InputActionAssetPostprocessor.OnPostprocessAllAssets                                                                                         :       18 samples, Peak.   642 us (8.1x), Avg.  79.5 us, Total. 1.430 ms (0.0%)
[Performance] InputActionJsonNameModifierAssetProcessor.OnPostprocessAllAssets                                                                             :       18 samples, Peak.  99.0 us (7.3x), Avg.  13.5 us, Total. 243.6 us (0.0%)
[Performance] ProjectSettingsPostprocessor.OnPostprocessAllAssets                                                                                          :       18 samples, Peak.   178 us (7.3x), Avg.  24.5 us, Total. 440.8 us (0.0%)
[Performance] SyncVS.PostprocessSyncProject                                                                                                                :        9 samples, Peak.  4.19 ms (7.2x), Avg.   585 us, Total. 5.262 ms (0.0%)
[Performance] EditorApplication.projectChanged: UnityEditor.Audio.MixerEffectDefinitionReloader.OnProjectChanged                                           :        7 samples, Peak.   523 us (1.4x), Avg.   369 us, Total. 2.584 ms (0.0%)
[Performance] EditorApplication.projectChanged: UnityEngine.InputSystem.LowLevel.NativeInputRuntime.OnProjectChanged                                       :        7 samples, Peak.   261 us (6.4x), Avg.  41.0 us, Total. 286.9 us (0.0%)
[Performance] Application.ImportPackagesAndSetTemplateWhenCreatingProject                                                                                  :        1 samples, Peak.  76.7 ms (1.0x), Avg.  76.7 ms, Total. 76.73 ms (0.1%)
[Performance] Application.SyncCurrentColorSpace                                                                                                            :        1 samples, Peak.  1.70 us (1.0x), Avg.  1.70 us, Total. 1.700 us (0.0%)
[Performance] Application.OnUsbDevicesChanged                                                                                                              :        1 samples, Peak.  4.10 ms (1.0x), Avg.  4.10 ms, Total. 4.098 ms (0.0%)
[Performance] Application.AssetInstanceCacheUpdate                                                                                                         :        1 samples, Peak.   500 ns (1.0x), Avg.   500 ns, Total. 500.0 ns (0.0%)
[Performance] Application.UnityExtensions.Initialize                                                                                                       :        1 samples, Peak.  9.37 ms (1.0x), Avg.  9.37 ms, Total. 9.370 ms (0.0%)
[Performance] CodeEditorProjectSync.SyncEditorProject                                                                                                      :        1 samples, Peak.   419 ms (1.0x), Avg.   419 ms, Total. 418.8 ms (0.4%)
[Performance] Application.ExecuteStartups                                                                                                                  :        1 samples, Peak.   137 ms (1.0x), Avg.   137 ms, Total. 136.7 ms (0.1%)
[Performance] Menu.RegisterMenuInterface                                                                                                                   :       26 samples, Peak.  5.80 us (7.5x), Avg.   769 ns, Total. 20.00 us (0.0%)
[Performance] Gizmo.RebuildRenderers                                                                                                                       :        2 samples, Peak.   129 ms (1.7x), Avg.  74.7 ms, Total. 149.4 ms (0.1%)
[Performance] Gizmo.AddGizmoRenderers                                                                                                                      :      210 samples, Peak.  1.91 ms (113.8x), Avg.  16.8 us, Total. 3.533 ms (0.0%)
[Performance] Application.editorInitializingProject                                                                                                        :        1 samples, Peak.   282 ms (1.0x), Avg.   282 ms, Total. 282.5 ms (0.3%)
[Performance] Application.InitializeMenu                                                                                                                   :        1 samples, Peak.  76.7 ms (1.0x), Avg.  76.7 ms, Total. 76.67 ms (0.1%)
[Performance] Menu.RebuildAll                                                                                                                              :        1 samples, Peak.  76.7 ms (1.0x), Avg.  76.7 ms, Total. 76.65 ms (0.1%)
[Performance] Menu.BuildRegisteredMenuInterfaces                                                                                                           :        1 samples, Peak.  73.3 ms (1.0x), Avg.  73.3 ms, Total. 73.27 ms (0.1%)
[Performance] Menu.FilterMenuItem                                                                                                                          :      812 samples, Peak.  28.0 ms (801.6x), Avg.  34.9 us, Total. 28.34 ms (0.0%)
[Performance] UpdateAllMenus                                                                                                                               :        1 samples, Peak.   854 us (1.0x), Avg.   854 us, Total. 853.7 us (0.0%)
[Performance] Menu.RebuildOSMainMenu                                                                                                                       :        3 samples, Peak.  2.50 ms (1.0x), Avg.  2.42 ms, Total. 7.263 ms (0.0%)
[Performance] EditorSceneManager.sceneClosing: UnityEditor.SceneVisibilityManager.EditorSceneManagerOnSceneClosing                                         :        2 samples, Peak.   555 us (2.0x), Avg.   280 us, Total. 561.0 us (0.0%)
[Performance] GUIView.RepaintAll.PlayerLoopController                                                                                                      :        2 samples, Peak.   259 us (2.0x), Avg.   130 us, Total. 260.4 us (0.0%)
[Performance] EditorSceneManager.newSceneCreated: UnityEditor.SceneTemplate.SceneTemplateService.OnNewSceneCreated                                         :        1 samples, Peak.   263 us (1.0x), Avg.   263 us, Total. 262.7 us (0.0%)
[Performance] EditorSceneManager.newSceneCreated: UnityEditor.SceneVisibilityManager.EditorSceneManagerOnNewSceneCreated                                   :        1 samples, Peak.   523 us (1.0x), Avg.   523 us, Total. 523.4 us (0.0%)
[Performance] EditorSceneManager.newSceneCreated: UnityEditor.SceneManagement.StageNavigationManager.OnNewSceneCreated                                     :        1 samples, Peak.  80.6 us (1.0x), Avg.  80.6 us, Total. 80.60 us (0.0%)
[Performance] Application.InvokeFinishedLoadingProject                                                                                                     :        1 samples, Peak.  16.7 ms (1.0x), Avg.  16.7 ms, Total. 16.68 ms (0.0%)
[Performance] ProcessService.OnProjectLoaded                                                                                                               :        1 samples, Peak.  47.5 us (1.0x), Avg.  47.5 us, Total. 47.50 us (0.0%)
[Performance] AssetDatabase.ImportAsset                                                                                                                    :        1 samples, Peak.  69.3 ms (1.0x), Avg.  69.3 ms, Total. 69.26 ms (0.1%)
[Performance] BuilderAssetModificationProcessor.OnWillCreateAsset                                                                                          :        1 samples, Peak.   297 us (1.0x), Avg.   297 us, Total. 297.5 us (0.0%)
[Performance] InputActionAssetModificationProcessor.OnWillMoveAsset                                                                                        :        4 samples, Peak.   157 us (3.1x), Avg.  51.0 us, Total. 204.2 us (0.0%)
[Performance] BuilderAssetModificationProcessor.OnWillMoveAsset                                                                                            :        4 samples, Peak.   286 us (3.9x), Avg.  73.7 us, Total. 294.8 us (0.0%)
[Performance] AssetDatabase.Refresh                                                                                                                        :        3 samples, Peak.  9.03 ms (1.0x), Avg.  8.72 ms, Total. 26.15 ms (0.0%)
[Performance] Inspector.InitOrRebuild                                                                                                                      :        2 samples, Peak.   523 us (1.5x), Avg.   352 us, Total. 703.4 us (0.0%)
[Performance] GenerateAssemblyTypeInfos                                                                                                                    :        2 samples, Peak.  33.5 ms (1.1x), Avg.  31.2 ms, Total. 62.47 ms (0.1%)
[Performance] AssetDatabase.DeleteAssets                                                                                                                   :        1 samples, Peak.  31.5 ms (1.0x), Avg.  31.5 ms, Total. 31.47 ms (0.0%)
[Performance] InputActionAssetModificationProcessor.OnWillDeleteAsset                                                                                      :        1 samples, Peak.   218 us (1.0x), Avg.   218 us, Total. 218.5 us (0.0%)
[Performance] BuilderAssetModificationProcessor.OnWillDeleteAsset                                                                                          :        1 samples, Peak.   274 us (1.0x), Avg.   274 us, Total. 274.4 us (0.0%)
[Performance] TMP_FontAssetPostProcessor.OnWillDeleteAsset                                                                                                 :        1 samples, Peak.   225 us (1.0x), Avg.   225 us, Total. 224.7 us (0.0%)
[Performance] CancelSplashScreenOnAssetDelete.OnWillDeleteAsset                                                                                            :        1 samples, Peak.  88.7 us (1.0x), Avg.  88.7 us, Total. 88.70 us (0.0%)
[Performance] Application.Shutdown.SaveDefaultWindowPreferences                                                                                            :        1 samples, Peak.   124 us (1.0x), Avg.   124 us, Total. 124.2 us (0.0%)
[Performance] Application.Shutdown.SaveSceneManagerSetup                                                                                                   :        1 samples, Peak.   556 us (1.0x), Avg.   556 us, Total. 555.6 us (0.0%)
[Performance] Application.Shutdown.CleanupAllContainerWindows                                                                                              :        1 samples, Peak.   500 ns (1.0x), Avg.   500 ns, Total. 500.0 ns (0.0%)
[Performance] EditorApplication.quitting: UnityEditor.SettingsManagement.FileSettingsRepository.Save                                                       :        1 samples, Peak.  1.63 ms (1.0x), Avg.  1.63 ms, Total. 1.627 ms (0.0%)
[Performance] EditorApplication.quitting: callback in UnityEditor.TextCore.Text.EditorEventCallbacks                                                       :        1 samples, Peak.  11.6 ms (1.0x), Avg.  11.6 ms, Total. 11.60 ms (0.0%)
[Performance] Application.Shutdown.PauseProfilerSession                                                                                                    :        1 samples, Peak.  2.53 ms (1.0x), Avg.  2.53 ms, Total. 2.525 ms (0.0%)
[Performance] Application.Shutdown.PauseAssetImportWorkers                                                                                                 :        1 samples, Peak.  1.02 ms (1.0x), Avg.  1.02 ms, Total. 1.020 ms (0.0%)
[Performance] Application.Shutdown.SaveAssets                                                                                                              :        1 samples, Peak.  71.4 ms (1.0x), Avg.  71.4 ms, Total. 71.45 ms (0.1%)
[Performance] Application.Shutdown.CleanupRenderPipeline                                                                                                   :        1 samples, Peak.  2.60 us (1.0x), Avg.  2.60 us, Total. 2.600 us (0.0%)
[Performance] Application.Shutdown.StopPreloadManager                                                                                                      :        1 samples, Peak.  9.95 ms (1.0x), Avg.  9.95 ms, Total. 9.946 ms (0.0%)
[Performance] Application.Shutdown.DestroyWorld                                                                                                            :        1 samples, Peak.   904 us (1.0x), Avg.   904 us, Total. 904.1 us (0.0%)
[Performance] Application.Shutdown.CleanupAfterLoad                                                                                                        :        1 samples, Peak.  7.98 ms (1.0x), Avg.  7.98 ms, Total. 7.981 ms (0.0%)
[Performance] Application.Shutdown.Progress                                                                                                                :        1 samples, Peak.   398 us (1.0x), Avg.   398 us, Total. 398.4 us (0.0%)
[Performance] Application.Shutdown.GICleanupManagers                                                                                                       :        1 samples, Peak.  9.68 ms (1.0x), Avg.  9.68 ms, Total. 9.677 ms (0.0%)
[Performance] Application.Shutdown.MenuCleanupClass                                                                                                        :        1 samples, Peak.   200 us (1.0x), Avg.   200 us, Total. 200.2 us (0.0%)
[Performance] Application.Shutdown.ADBSaveStateBeforeShutdown                                                                                              :        1 samples, Peak.  8.00 us (1.0x), Avg.  8.00 us, Total. 8.000 us (0.0%)
[Performance] Application.Shutdown.RemoteShutdown                                                                                                          :        1 samples, Peak.  2.40 us (1.0x), Avg.  2.40 us, Total. 2.400 us (0.0%)
[Performance] Application.Shutdown.CleanupVCProvider                                                                                                       :        1 samples, Peak.   274 us (1.0x), Avg.   274 us, Total. 274.0 us (0.0%)
[Performance] Application.Shutdown.InputShutdown                                                                                                           :        1 samples, Peak.   900 ns (1.0x), Avg.   900 ns, Total. 900.0 ns (0.0%)
[Performance] Application.Shutdown.GizmoManagerDestroy                                                                                                     :        1 samples, Peak.   668 us (1.0x), Avg.   668 us, Total. 668.0 us (0.0%)
[Performance] Application.Shutdown.ProfilerSession                                                                                                         :        1 samples, Peak.   517 us (1.0x), Avg.   517 us, Total. 517.4 us (0.0%)
[Performance] Application.Shutdown.ReleaseGfxWindowOnAllGUIViews                                                                                           :        1 samples, Peak.   300 ns (1.0x), Avg.   300 ns, Total. 300.0 ns (0.0%)
[Performance] Application.Shutdown.CleanupEngine                                                                                                           :        1 samples, Peak.   216 ms (1.0x), Avg.   216 ms, Total. 216.4 ms (0.2%)
[Performance] Application.Shutdown.CleanupAssetDatabase                                                                                                    :        1 samples, Peak.  21.5 ms (1.0x), Avg.  21.5 ms, Total. 21.45 ms (0.0%)
[Performance] Application.Shutdown.ScriptCompilationCleanUp                                                                                                :        1 samples, Peak.  21.4 ms (1.0x), Avg.  21.4 ms, Total. 21.36 ms (0.0%)
[Performance] Application.Shutdown.DestroyJobSystem                                                                                                        :        1 samples, Peak.   964 us (1.0x), Avg.   964 us, Total. 963.6 us (0.0%)
[Performance] Application.Shutdown.CleanupPersistentManager                                                                                                :        1 samples, Peak.   488 us (1.0x), Avg.   488 us, Total. 487.6 us (0.0%)
[Performance] Application.Shutdown.CleanupAsyncReadManager                                                                                                 :        1 samples, Peak.  6.65 ms (1.0x), Avg.  6.65 ms, Total. 6.654 ms (0.0%)
[Performance] Application.Shutdown.CleanupProgressBar                                                                                                      :        1 samples, Peak.  1.42 ms (1.0x), Avg.  1.42 ms, Total. 1.421 ms (0.0%)
[Performance] Application.Shutdown.CleanupMono                                                                                                             :        1 samples, Peak.   112 ms (1.0x), Avg.   112 ms, Total. 112.4 ms (0.1%)
[Performance] Application.Shutdown.CleanupStdConverters                                                                                                    :        1 samples, Peak.  8.60 us (1.0x), Avg.  8.60 us, Total. 8.600 us (0.0%)
[Performance] Application.Shutdown.UnloadAllPlatformSupportModuleNativeDlls                                                                                :        1 samples, Peak.   700 ns (1.0x), Avg.   700 ns, Total. 700.0 ns (0.0%)
[Performance] Application.Shutdown.UnloadAllPlatformSupportNativeLibraries                                                                                 :        1 samples, Peak.   200 ns (1.0x), Avg.   200 ns, Total. 200.0 ns (0.0%)
[Performance] Application.Shutdown.CleanupAutoDocumentation                                                                                                :        1 samples, Peak.  1.23 ms (1.0x), Avg.  1.23 ms, Total. 1.228 ms (0.0%)
[Performance] Application.Shutdown.ShaderNameManagerDestroy                                                                                                :        1 samples, Peak.  70.9 us (1.0x), Avg.  70.9 us, Total. 70.90 us (0.0%)
[Performance] Application.Shutdown.CleanupCacheServer                                                                                                      :        1 samples, Peak.   100 ns (1.0x), Avg.   100 ns, Total. 100.0 ns (0.0%)
[Performance] Application.Shutdown.Virtualization_Shutdown                                                                                                 :        1 samples, Peak.   300 ns (1.0x), Avg.   300 ns, Total. 300.0 ns (0.0%)
[Performance] Application.Shutdown.DevConnections                                                                                                          :        1 samples, Peak.   280 us (1.0x), Avg.   280 us, Total. 280.2 us (0.0%)
Checking for leaked weakptr:
  Found no leaked weakptrs.
[Package Manager] Server::Kill -- Server was shutdown
Memory Statistics:
[ALLOC_TEMP_TLS] TLS Allocator
  StackAllocators : 
    [ALLOC_TEMP_CurlRequest]
      Initial Block Size 64.0 KB
      Current Block Size 64.0 KB
      Peak Allocated Bytes 0 B
      Overflow Count 0
    [ALLOC_TEMP_MAIN]
      Initial Block Size 16.0 MB
      Current Block Size 25.6 MB
      Peak Allocated Bytes 25.6 MB
      Overflow Count 0
    [ALLOC_TEMP_Background Job.Worker 8]
      Initial Block Size 32.0 KB
      Current Block Size 32.0 KB
      Peak Allocated Bytes 54 B
      Overflow Count 0
    [ALLOC_TEMP_Job.Worker 4]
      Initial Block Size 256.0 KB
      Current Block Size 256.0 KB
      Peak Allocated Bytes 6.4 KB
      Overflow Count 1
    [ALLOC_TEMP_AUDIO_FMOD mixer thread]
      Initial Block Size 64.0 KB
      Current Block Size 64.0 KB
      Peak Allocated Bytes 54 B
      Overflow Count 0
    [ALLOC_TEMP_BakingJobs.Worker 5]
      Initial Block Size 256.0 KB
      Current Block Size 256.0 KB
      Peak Allocated Bytes 54 B
      Overflow Count 0
    [ALLOC_TEMP_Background Job.Worker 11]
      Initial Block Size 32.0 KB
      Current Block Size 32.0 KB
      Peak Allocated Bytes 54 B
      Overflow Count 0
    [ALLOC_TEMP_Background Job.Worker 3]
      Initial Block Size 32.0 KB
      Current Block Size 32.0 KB
      Peak Allocated Bytes 54 B
      Overflow Count 0
    [ALLOC_TEMP_BatchDeleteObjects]
      Initial Block Size 64.0 KB
      Current Block Size 64.0 KB
      Peak Allocated Bytes 54 B
      Overflow Count 0
    [ALLOC_TEMP_CoreBusinessMetricsCache]
      Initial Block Size 64.0 KB
      Current Block Size 64.0 KB
      Peak Allocated Bytes 8.0 KB
      Overflow Count 0
    [ALLOC_TEMP_REST Message Handler]
      Initial Block Size 64.0 KB
      Current Block Size 64.0 KB
      Peak Allocated Bytes 54 B
      Overflow Count 0
    [ALLOC_TEMP_Job.Worker 13]
      Initial Block Size 256.0 KB
      Current Block Size 256.0 KB
      Peak Allocated Bytes 2.0 KB
      Overflow Count 0
    [ALLOC_TEMP_Background Job.Worker 2]
      Initial Block Size 32.0 KB
      Current Block Size 32.0 KB
      Peak Allocated Bytes 1.6 KB
      Overflow Count 0
    [ALLOC_TEMP_AssetDatabase.IOService]
      Initial Block Size 64.0 KB
      Current Block Size 64.0 KB
      Peak Allocated Bytes 54 B
      Overflow Count 0
    [ALLOC_TEMP_Job.Worker 10]
      Initial Block Size 256.0 KB
      Current Block Size 256.0 KB
      Peak Allocated Bytes 1.3 KB
      Overflow Count 1
    [ALLOC_TEMP_Job.Worker 12]
      Initial Block Size 256.0 KB
      Current Block Size 256.0 KB
      Peak Allocated Bytes 9.2 KB
      Overflow Count 1
    [ALLOC_TEMP_Loading.PreloadManager]
      Initial Block Size 32.0 MB
      Current Block Size 32.0 MB
      Peak Allocated Bytes 2.0 MB
      Overflow Count 0
    [ALLOC_TEMP_Profiler.Dispatcher]
      Initial Block Size 64.0 KB
      Current Block Size 64.0 KB
      Peak Allocated Bytes 0 B
      Overflow Count 0
    [ALLOC_TEMP_Job.Worker 14]
      Initial Block Size 256.0 KB
      Current Block Size 256.0 KB
      Peak Allocated Bytes 8.3 KB
      Overflow Count 1
    [ALLOC_TEMP_Job.Worker 3]
      Initial Block Size 256.0 KB
      Current Block Size 256.0 KB
      Peak Allocated Bytes 4.6 KB
      Overflow Count 1
    [ALLOC_TEMP_BakingJobs.Worker 7]
      Initial Block Size 256.0 KB
      Current Block Size 256.0 KB
      Peak Allocated Bytes 54 B
      Overflow Count 0
    [ALLOC_TEMP_Background Job.Worker 5]
      Initial Block Size 32.0 KB
      Current Block Size 32.0 KB
      Peak Allocated Bytes 54 B
      Overflow Count 0
    [ALLOC_TEMP_Background Job.Worker 13]
      Initial Block Size 32.0 KB
      Current Block Size 32.0 KB
      Peak Allocated Bytes 54 B
      Overflow Count 0
    [ALLOC_TEMP_Job.Worker 2]
      Initial Block Size 256.0 KB
      Current Block Size 1.0 MB
      Peak Allocated Bytes 1.0 MB
      Overflow Count 1
    [ALLOC_TEMP_BakingJobs.Worker 6]
      Initial Block Size 256.0 KB
      Current Block Size 256.0 KB
      Peak Allocated Bytes 54 B
      Overflow Count 0
    [ALLOC_TEMP_Job.Worker 11]
      Initial Block Size 256.0 KB
      Current Block Size 256.0 KB
      Peak Allocated Bytes 2.9 KB
      Overflow Count 1
    [ALLOC_TEMP_Job.Worker 0]
      Initial Block Size 256.0 KB
      Current Block Size 256.0 KB
      Peak Allocated Bytes 4.9 KB
      Overflow Count 1
    [ALLOC_TEMP_Job.Worker 5]
      Initial Block Size 256.0 KB
      Current Block Size 256.0 KB
      Peak Allocated Bytes 10.0 KB
      Overflow Count 1
    [ALLOC_TEMP_Job.Worker 6]
      Initial Block Size 256.0 KB
      Current Block Size 256.0 KB
      Peak Allocated Bytes 1.8 KB
      Overflow Count 1
    [ALLOC_TEMP_EnlightenWorker] x 4
      Initial Block Size 64.0 KB
      Current Block Size 64.0 KB
      Peak Allocated Bytes 54 B
      Overflow Count 0
    [ALLOC_TEMP_BakingJobs.Worker 8]
      Initial Block Size 256.0 KB
      Current Block Size 256.0 KB
      Peak Allocated Bytes 54 B
      Overflow Count 0
    [ALLOC_TEMP_Job.Worker 9]
      Initial Block Size 256.0 KB
      Current Block Size 256.0 KB
      Peak Allocated Bytes 4.4 KB
      Overflow Count 1
    [ALLOC_TEMP_Background Job.Worker 9]
      Initial Block Size 32.0 KB
      Current Block Size 32.0 KB
      Peak Allocated Bytes 54 B
      Overflow Count 0
    [ALLOC_TEMP_BakingJobs.Worker 1]
      Initial Block Size 256.0 KB
      Current Block Size 256.0 KB
      Peak Allocated Bytes 54 B
      Overflow Count 0
    [ALLOC_TEMP_DirMonitor]
      Initial Block Size 64.0 KB
      Current Block Size 64.0 KB
      Peak Allocated Bytes 0.6 KB
      Overflow Count 0
    [ALLOC_TEMP_Loading.AsyncRead]
      Initial Block Size 64.0 KB
      Current Block Size 64.0 KB
      Peak Allocated Bytes 128 B
      Overflow Count 0
    [ALLOC_TEMP_Background Job.Worker 10]
      Initial Block Size 32.0 KB
      Current Block Size 32.0 KB
      Peak Allocated Bytes 54 B
      Overflow Count 0
    [ALLOC_TEMP_Background Job.Worker 6]
      Initial Block Size 32.0 KB
      Current Block Size 32.0 KB
      Peak Allocated Bytes 54 B
      Overflow Count 0
    [ALLOC_TEMP_BakingJobs.Worker 9]
      Initial Block Size 256.0 KB
      Current Block Size 256.0 KB
      Peak Allocated Bytes 54 B
      Overflow Count 0
    [ALLOC_TEMP_AUDIO_FMOD (WASAPI) feeder thread]
      Initial Block Size 64.0 KB
      Current Block Size 64.0 KB
      Peak Allocated Bytes 168 B
      Overflow Count 0
    [ALLOC_TEMP_Background Job.Worker 1]
      Initial Block Size 32.0 KB
      Current Block Size 256.0 KB
      Peak Allocated Bytes 211.5 KB
      Overflow Count 3739
    [ALLOC_TEMP_AUDIO_FMOD stream thread]
      Initial Block Size 64.0 KB
      Current Block Size 64.0 KB
      Peak Allocated Bytes 54 B
      Overflow Count 0
    [ALLOC_TEMP_BakingJobs.Worker 2]
      Initial Block Size 256.0 KB
      Current Block Size 256.0 KB
      Peak Allocated Bytes 54 B
      Overflow Count 0
    [ALLOC_TEMP_Background Job.Worker 7]
      Initial Block Size 32.0 KB
      Current Block Size 32.0 KB
      Peak Allocated Bytes 54 B
      Overflow Count 0
    [ALLOC_TEMP_Job.Worker 8]
      Initial Block Size 256.0 KB
      Current Block Size 256.0 KB
      Peak Allocated Bytes 6.2 KB
      Overflow Count 1
    [ALLOC_TEMP_Job.Worker 1]
      Initial Block Size 256.0 KB
      Current Block Size 1.0 MB
      Peak Allocated Bytes 1.0 MB
      Overflow Count 1
    [ALLOC_TEMP_BakingJobs.Worker 0]
      Initial Block Size 256.0 KB
      Current Block Size 256.0 KB
      Peak Allocated Bytes 54 B
      Overflow Count 0
    [ALLOC_TEMP_BakingJobs.Worker 3]
      Initial Block Size 256.0 KB
      Current Block Size 256.0 KB
      Peak Allocated Bytes 54 B
      Overflow Count 0
    [ALLOC_TEMP_EditorTaskManager]
      Initial Block Size 64.0 KB
      Current Block Size 68.0 KB
      Peak Allocated Bytes 64.0 KB
      Overflow Count 0
    [ALLOC_TEMP_Background Job.Worker 15]
      Initial Block Size 32.0 KB
      Current Block Size 32.0 KB
      Peak Allocated Bytes 54 B
      Overflow Count 0
    [ALLOC_TEMP_BakingJobs.Worker 4]
      Initial Block Size 256.0 KB
      Current Block Size 256.0 KB
      Peak Allocated Bytes 54 B
      Overflow Count 0
    [ALLOC_TEMP_Background Job.Worker 12]
      Initial Block Size 32.0 KB
      Current Block Size 32.0 KB
      Peak Allocated Bytes 54 B
      Overflow Count 0
    [ALLOC_TEMP_HTTP REST Server]
      Initial Block Size 64.0 KB
      Current Block Size 64.0 KB
      Peak Allocated Bytes 76 B
      Overflow Count 0
    [ALLOC_TEMP_AssetGarbageCollectorHelper] x 15
      Initial Block Size 64.0 KB
      Current Block Size 64.0 KB
      Peak Allocated Bytes 0 B
      Overflow Count 0
    [ALLOC_TEMP_Background Job.Worker 0]
      Initial Block Size 32.0 KB
      Current Block Size 32.0 KB
      Peak Allocated Bytes 54 B
      Overflow Count 0
    [ALLOC_TEMP_Background Job.Worker 4]
      Initial Block Size 32.0 KB
      Current Block Size 32.0 KB
      Peak Allocated Bytes 54 B
      Overflow Count 0
    [ALLOC_TEMP_Background Job.Worker 14]
      Initial Block Size 32.0 KB
      Current Block Size 32.0 KB
      Peak Allocated Bytes 54 B
      Overflow Count 0
    [ALLOC_TEMP_Job.Worker 7]
      Initial Block Size 256.0 KB
      Current Block Size 256.0 KB
      Peak Allocated Bytes 1.8 KB
      Overflow Count 1
    [ALLOC_TEMP_CloudJob.Worker 0]
      Initial Block Size 32.0 KB
      Current Block Size 32.0 KB
      Peak Allocated Bytes 9.2 KB
      Overflow Count 0
[ALLOC_MEMORYPROFILER]
  Requested Block Size 1.0 MB
  Peak Block count 2
  Peak Allocated memory 0.9 MB
  Peak Large allocation bytes 0 B
[ALLOC_DEFAULT] Dual Thread Allocator
  Peak main deferred allocation count 1301
    [ALLOC_BUCKET]
      Large Block size 32.0 MB
      Used Block count 1
      Peak Allocated bytes 13.0 MB
    [ALLOC_DEFAULT_MAIN]
      Requested Block Size 16.0 MB
      Peak Block count 7
      Peak Allocated memory 157.2 MB
      Peak Large allocation bytes 68.3 MB
    [ALLOC_DEFAULT_THREAD]
      Requested Block Size 16.0 MB
      Peak Block count 1
      Peak Allocated memory 64.2 MB
      Peak Large allocation bytes 54.9 MB
[ALLOC_TEMP_JOB_1_FRAME]
  Initial Block Size 2.0 MB
  Used Block Count 0
  Overflow Count (too large) 0
  Overflow Count (full) 0
[ALLOC_TEMP_JOB_2_FRAMES]
  Initial Block Size 2.0 MB
  Used Block Count 0
  Overflow Count (too large) 0
  Overflow Count (full) 0
[ALLOC_TEMP_JOB_4_FRAMES (JobTemp)]
  Initial Block Size 2.0 MB
  Used Block Count 1
  Overflow Count (too large) 0
  Overflow Count (full) 0
[ALLOC_TEMP_JOB_ASYNC (Background)]
  Initial Block Size 1.0 MB
  Used Block Count 1
  Overflow Count (too large) 7
  Overflow Count (full) 0
[ALLOC_GFX] Dual Thread Allocator
  Peak main deferred allocation count 3
    [ALLOC_BUCKET]
      Large Block size 32.0 MB
      Used Block count 1
      Peak Allocated bytes 13.0 MB
    [ALLOC_GFX_MAIN]
      Requested Block Size 16.0 MB
      Peak Block count 1
      Peak Allocated memory 8.6 MB
      Peak Large allocation bytes 0 B
    [ALLOC_GFX_THREAD]
      Requested Block Size 16.0 MB
      Peak Block count 1
      Peak Allocated memory 160 B
      Peak Large allocation bytes 0 B
[ALLOC_CACHEOBJECTS] Dual Thread Allocator
  Peak main deferred allocation count 311
    [ALLOC_BUCKET]
      Large Block size 32.0 MB
      Used Block count 1
      Peak Allocated bytes 13.0 MB
    [ALLOC_CACHEOBJECTS_MAIN]
      Requested Block Size 4.0 MB
      Peak Block count 18
      Peak Allocated memory 61.6 MB
      Peak Large allocation bytes 21.8 MB
    [ALLOC_CACHEOBJECTS_THREAD]
      Requested Block Size 4.0 MB
      Peak Block count 1
      Peak Allocated memory 33.4 KB
      Peak Large allocation bytes 0 B
[ALLOC_TYPETREE] Dual Thread Allocator
  Peak main deferred allocation count 551
    [ALLOC_BUCKET]
      Large Block size 32.0 MB
      Used Block count 1
      Peak Allocated bytes 13.0 MB
    [ALLOC_TYPETREE_MAIN]
      Requested Block Size 2.0 MB
      Peak Block count 14
      Peak Allocated memory 24.7 MB
      Peak Large allocation bytes 0 B
    [ALLOC_TYPETREE_THREAD]
      Requested Block Size 2.0 MB
      Peak Block count 1
      Peak Allocated memory 23.3 KB
      Peak Large allocation bytes 0 B
[ALLOC_PROFILER]
  Requested Block Size 16.0 MB
  Peak Block count 1
  Peak Allocated memory 0.6 MB
  Peak Large allocation bytes 0 B
    [ALLOC_PROFILER_BUCKET]
      Large Block size 32.0 MB
      Used Block count 1
      Peak Allocated bytes 4.0 KB
[ALLOC_PROFILER_EDITOR]
  Requested Block Size 1.0 MB
  Peak Block count 0
  Peak Allocated memory 0 B
  Peak Large allocation bytes 0 B
    [ALLOC_PROFILER_BUCKET]
      Large Block size 32.0 MB
      Used Block count 1
      Peak Allocated bytes 4.0 KB
##utp:{"type":"MemoryLeaks","version":2,"phase":"Immediate","time":1779437757433,"processId":25228,"allocatedMemory":20709595,"memoryLabels":[{"Default":20335},{"Permanent":15615},{"NewDelete":81744},{"Thread":4229300},{"Manager":32819},{"VertexData":12},{"Geometry":560},{"Texture":328},{"Shader":68850},{"Material":24},{"GfxDevice":57048},{"Animation":296},{"Audio":3928},{"FontEngine":272},{"Physics":513},{"Serialization":948},{"Input":14744},{"JobScheduler":34120},{"Mono":40},{"ScriptingNativeRuntime":191848},{"BaseObject":1627276},{"Resource":1360},{"Renderer":2304},{"Transform":16},{"File":888},{"WebCam":96},{"Culling":40},{"Terrain":1137},{"Wind":24},{"STL":48},{"String":44066},{"DynamicArray":89726},{"HashMap":121255},{"Utility":2663810},{"Curl":1424},{"PoolAlloc":1728},{"AI":104},{"TypeTree":5077},{"ScriptManager":640},{"RuntimeInitializeOnLoadManager":80},{"SpriteAtlas":128},{"GI":4072},{"Director":7960},{"CloudService":8768},{"WebRequest":688},{"VR":46753},{"SceneManager":568},{"Video":72},{"LazyScriptCache":40},{"NativeArray":12},{"Camera":25},{"Secure":1},{"SerializationCache":1584},{"APIUpdating":11872},{"Subsystems":-280},{"VirtualTexturing":57896},{"StaticSafetyDebugInfo":327680},{"EditorGui":56},{"EditorUtility":20601},{"VersionControl":4},{"Undo":704},{"AssetDatabase":10857384},{"RestService":1414},{"EditorGi":376},{"License":3584},{"UnityConnect":25320},{"Collab":593},{"Upm":2032},{"DrivenProperties":96},{"LocalIPC":276},{"ProfilerEditor":10943},{"CoreBusinessMetrics":3850},{"AssetReference":40},{"IPCStream":40}]}
